phosphate_weight,ligand_phosphate_weight,base_stacking_weight,metal_coordination_weight,objective,mean_enrichment_auc,mean_enrichment_best_active_decoy_margin,enrichment_set_count,enrichment_active_count,enrichment_decoy_count,top1_accuracy,mean_score_error,mean_expected_contact_hit_fraction,mean_expected_contact_specificity,mean_top_pose_rmsd_to_reference,mean_best_decoy_rmsd_to_reference,mean_reference_best_decoy_margin,mean_decoy_margin_penalty,mean_threatening_decoy_clash_penalty,mean_active_aptamer_term_count,mean_reference_rank,case_summaries
-0.320000,-1.000000,-0.500000,-0.100000,2.495579,0.726,-0.395,8,41,1423,1.000000,3.862299,0.562,0.000,0.000,8.224,26.590219,0.000000,0.000000,2.157895,1.000000,case=t6-thrombin-vina;rank=1;top=mode:1;decoys=0;margin=n/a;topRMSD=0.000;bestDecoyRMSD=n/a;contactSpec=n/a;clashPen=n/a;enrichSets=0;enrichActive=0;enrichDecoy=0;enrichAUC=n/a;enrichMargin=n/a | case=4q9r-spinach-2zy;rank=1;top=mode:1;decoys=10;margin=26.590;topRMSD=0.000;bestDecoyRMSD=8.224;contactSpec=0.000;clashPen=0.000;enrichSets=0;enrichActive=0;enrichDecoy=0;enrichAUC=n/a;enrichMargin=n/a | case=1fmn-fmn-riboswitch;rank=1;top=mode:1;decoys=0;margin=n/a;topRMSD=0.000;bestDecoyRMSD=n/a;contactSpec=n/a;clashPen=n/a;enrichSets=1;enrichActive=1;enrichDecoy=60;enrichAUC=1.000;enrichMargin=10.987 | case=1fmn-fmn-riboswitch-mg;rank=1;top=mode:1;decoys=0;margin=n/a;topRMSD=0.000;bestDecoyRMSD=n/a;contactSpec=n/a;clashPen=n/a;enrichSets=0;enrichActive=0;enrichDecoy=0;enrichAUC=n/a;enrichMargin=n/a | case=2g9c-purine-riboswitch;rank=1;top=mode:1;decoys=0;margin=n/a;topRMSD=0.000;bestDecoyRMSD=n/a;contactSpec=n/a;clashPen=n/a;enrichSets=1;enrichActive=7;enrichDecoy=88;enrichAUC=0.661;enrichMargin=-0.905 | case=4rzd-preq1-riboswitch;rank=1;top=mode:1;decoys=0;margin=n/a;topRMSD=0.000;bestDecoyRMSD=n/a;contactSpec=n/a;clashPen=n/a;enrichSets=1;enrichActive=5;enrichDecoy=74;enrichAUC=0.500;enrichMargin=0.000 | case=2gdi-tpp-riboswitch;rank=1;top=mode:1;decoys=0;margin=n/a;topRMSD=0.000;bestDecoyRMSD=n/a;contactSpec=n/a;clashPen=n/a;enrichSets=1;enrichActive=7;enrichDecoy=266;enrichAUC=0.636;enrichMargin=-14.684 | case=2ygh-sam-riboswitch;rank=1;top=mode:1;decoys=0;margin=n/a;topRMSD=0.000;bestDecoyRMSD=n/a;contactSpec=n/a;clashPen=n/a;enrichSets=1;enrichActive=3;enrichDecoy=238;enrichAUC=0.819;enrichMargin=-1.165 | case=3b4b-glms-riboswitch;rank=1;top=mode:1;decoys=0;margin=n/a;topRMSD=0.000;bestDecoyRMSD=n/a;contactSpec=n/a;clashPen=n/a;enrichSets=1;enrichActive=4;enrichDecoy=165;enrichAUC=0.750;enrichMargin=1.000 | case=2hoj-tpp-riboswitch;rank=1;top=mode:1;decoys=0;margin=n/a;topRMSD=0.000;bestDecoyRMSD=n/a;contactSpec=n/a;clashPen=n/a;enrichSets=2;enrichActive=14;enrichDecoy=532;enrichAUC=0.714;enrichMargin=2.000 | case=3sd3-thf-riboswitch;rank=1;top=mode:1;decoys=0;margin=n/a;topRMSD=0.000;bestDecoyRMSD=n/a;contactSpec=n/a;clashPen=n/a;enrichSets=0;enrichActive=0;enrichDecoy=0;enrichAUC=n/a;enrichMargin=n/a | case=5dhb-gmp-primer-template;rank=1;top=mode:1;decoys=0;margin=n/a;topRMSD=0.000;bestDecoyRMSD=n/a;contactSpec=n/a;clashPen=n/a;enrichSets=0;enrichActive=0;enrichDecoy=0;enrichAUC=n/a;enrichMargin=n/a | case=6c64-mango-ii-ekm;rank=1;top=mode:1;decoys=0;margin=n/a;topRMSD=0.000;bestDecoyRMSD=n/a;contactSpec=n/a;clashPen=n/a;enrichSets=0;enrichActive=0;enrichDecoy=0;enrichAUC=n/a;enrichMargin=n/a | case=5bjp-corn-dfho;rank=1;top=mode:1;decoys=0;margin=n/a;topRMSD=0.000;bestDecoyRMSD=n/a;contactSpec=n/a;clashPen=n/a;enrichSets=0;enrichActive=0;enrichDecoy=0;enrichAUC=n/a;enrichMargin=n/a | case=6wzs-ztp-riboswitch;rank=1;top=mode:1;decoys=0;margin=n/a;topRMSD=0.000;bestDecoyRMSD=n/a;contactSpec=n/a;clashPen=n/a;enrichSets=0;enrichActive=0;enrichDecoy=0;enrichAUC=n/a;enrichMargin=n/a | case=3irw-c-di-gmp-riboswitch;rank=1;top=mode:1;decoys=0;margin=n/a;topRMSD=0.000;bestDecoyRMSD=n/a;contactSpec=n/a;clashPen=n/a;enrichSets=0;enrichActive=0;enrichDecoy=0;enrichAUC=n/a;enrichMargin=n/a | case=4qlm-c-di-amp-riboswitch;rank=1;top=mode:1;decoys=0;margin=n/a;topRMSD=0.000;bestDecoyRMSD=n/a;contactSpec=n/a;clashPen=n/a;enrichSets=0;enrichActive=0;enrichDecoy=0;enrichAUC=n/a;enrichMargin=n/a | case=3d0u-lysine-riboswitch;rank=1;top=mode:1;decoys=0;margin=n/a;topRMSD=0.000;bestDecoyRMSD=n/a;contactSpec=n/a;clashPen=n/a;enrichSets=0;enrichActive=0;enrichDecoy=0;enrichAUC=n/a;enrichMargin=n/a | case=3oww-glycine-riboswitch;rank=1;top=mode:1;decoys=0;margin=n/a;topRMSD=0.000;bestDecoyRMSD=n/a;contactSpec=n/a;clashPen=n/a;enrichSets=0;enrichActive=0;enrichDecoy=0;enrichAUC=n/a;enrichMargin=n/a
-0.320000,-1.000000,-0.500000,-0.220000,2.495579,0.726,-0.395,8,41,1423,1.000000,3.862299,0.562,0.000,0.000,8.224,26.590219,0.000000,0.000000,2.157895,1.000000,case=t6-thrombin-vina;rank=1;top=mode:1;decoys=0;margin=n/a;topRMSD=0.000;bestDecoyRMSD=n/a;contactSpec=n/a;clashPen=n/a;enrichSets=0;enrichActive=0;enrichDecoy=0;enrichAUC=n/a;enrichMargin=n/a | case=4q9r-spinach-2zy;rank=1;top=mode:1;decoys=10;margin=26.590;topRMSD=0.000;bestDecoyRMSD=8.224;contactSpec=0.000;clashPen=0.000;enrichSets=0;enrichActive=0;enrichDecoy=0;enrichAUC=n/a;enrichMargin=n/a | case=1fmn-fmn-riboswitch;rank=1;top=mode:1;decoys=0;margin=n/a;topRMSD=0.000;bestDecoyRMSD=n/a;contactSpec=n/a;clashPen=n/a;enrichSets=1;enrichActive=1;enrichDecoy=60;enrichAUC=1.000;enrichMargin=10.987 | case=1fmn-fmn-riboswitch-mg;rank=1;top=mode:1;decoys=0;margin=n/a;topRMSD=0.000;bestDecoyRMSD=n/a;contactSpec=n/a;clashPen=n/a;enrichSets=0;enrichActive=0;enrichDecoy=0;enrichAUC=n/a;enrichMargin=n/a | case=2g9c-purine-riboswitch;rank=1;top=mode:1;decoys=0;margin=n/a;topRMSD=0.000;bestDecoyRMSD=n/a;contactSpec=n/a;clashPen=n/a;enrichSets=1;enrichActive=7;enrichDecoy=88;enrichAUC=0.661;enrichMargin=-0.905 | case=4rzd-preq1-riboswitch;rank=1;top=mode:1;decoys=0;margin=n/a;topRMSD=0.000;bestDecoyRMSD=n/a;contactSpec=n/a;clashPen=n/a;enrichSets=1;enrichActive=5;enrichDecoy=74;enrichAUC=0.500;enrichMargin=0.000 | case=2gdi-tpp-riboswitch;rank=1;top=mode:1;decoys=0;margin=n/a;topRMSD=0.000;bestDecoyRMSD=n/a;contactSpec=n/a;clashPen=n/a;enrichSets=1;enrichActive=7;enrichDecoy=266;enrichAUC=0.636;enrichMargin=-14.684 | case=2ygh-sam-riboswitch;rank=1;top=mode:1;decoys=0;margin=n/a;topRMSD=0.000;bestDecoyRMSD=n/a;contactSpec=n/a;clashPen=n/a;enrichSets=1;enrichActive=3;enrichDecoy=238;enrichAUC=0.819;enrichMargin=-1.165 | case=3b4b-glms-riboswitch;rank=1;top=mode:1;decoys=0;margin=n/a;topRMSD=0.000;bestDecoyRMSD=n/a;contactSpec=n/a;clashPen=n/a;enrichSets=1;enrichActive=4;enrichDecoy=165;enrichAUC=0.750;enrichMargin=1.000 | case=2hoj-tpp-riboswitch;rank=1;top=mode:1;decoys=0;margin=n/a;topRMSD=0.000;bestDecoyRMSD=n/a;contactSpec=n/a;clashPen=n/a;enrichSets=2;enrichActive=14;enrichDecoy=532;enrichAUC=0.714;enrichMargin=2.000 | case=3sd3-thf-riboswitch;rank=1;top=mode:1;decoys=0;margin=n/a;topRMSD=0.000;bestDecoyRMSD=n/a;contactSpec=n/a;clashPen=n/a;enrichSets=0;enrichActive=0;enrichDecoy=0;enrichAUC=n/a;enrichMargin=n/a | case=5dhb-gmp-primer-template;rank=1;top=mode:1;decoys=0;margin=n/a;topRMSD=0.000;bestDecoyRMSD=n/a;contactSpec=n/a;clashPen=n/a;enrichSets=0;enrichActive=0;enrichDecoy=0;enrichAUC=n/a;enrichMargin=n/a | case=6c64-mango-ii-ekm;rank=1;top=mode:1;decoys=0;margin=n/a;topRMSD=0.000;bestDecoyRMSD=n/a;contactSpec=n/a;clashPen=n/a;enrichSets=0;enrichActive=0;enrichDecoy=0;enrichAUC=n/a;enrichMargin=n/a | case=5bjp-corn-dfho;rank=1;top=mode:1;decoys=0;margin=n/a;topRMSD=0.000;bestDecoyRMSD=n/a;contactSpec=n/a;clashPen=n/a;enrichSets=0;enrichActive=0;enrichDecoy=0;enrichAUC=n/a;enrichMargin=n/a | case=6wzs-ztp-riboswitch;rank=1;top=mode:1;decoys=0;margin=n/a;topRMSD=0.000;bestDecoyRMSD=n/a;contactSpec=n/a;clashPen=n/a;enrichSets=0;enrichActive=0;enrichDecoy=0;enrichAUC=n/a;enrichMargin=n/a | case=3irw-c-di-gmp-riboswitch;rank=1;top=mode:1;decoys=0;margin=n/a;topRMSD=0.000;bestDecoyRMSD=n/a;contactSpec=n/a;clashPen=n/a;enrichSets=0;enrichActive=0;enrichDecoy=0;enrichAUC=n/a;enrichMargin=n/a | case=4qlm-c-di-amp-riboswitch;rank=1;top=mode:1;decoys=0;margin=n/a;topRMSD=0.000;bestDecoyRMSD=n/a;contactSpec=n/a;clashPen=n/a;enrichSets=0;enrichActive=0;enrichDecoy=0;enrichAUC=n/a;enrichMargin=n/a | case=3d0u-lysine-riboswitch;rank=1;top=mode:1;decoys=0;margin=n/a;topRMSD=0.000;bestDecoyRMSD=n/a;contactSpec=n/a;clashPen=n/a;enrichSets=0;enrichActive=0;enrichDecoy=0;enrichAUC=n/a;enrichMargin=n/a | case=3oww-glycine-riboswitch;rank=1;top=mode:1;decoys=0;margin=n/a;topRMSD=0.000;bestDecoyRMSD=n/a;contactSpec=n/a;clashPen=n/a;enrichSets=0;enrichActive=0;enrichDecoy=0;enrichAUC=n/a;enrichMargin=n/a
-0.320000,-1.000000,-0.500000,-0.350000,2.495579,0.726,-0.395,8,41,1423,1.000000,3.862299,0.562,0.000,0.000,8.224,26.590219,0.000000,0.000000,2.157895,1.000000,case=t6-thrombin-vina;rank=1;top=mode:1;decoys=0;margin=n/a;topRMSD=0.000;bestDecoyRMSD=n/a;contactSpec=n/a;clashPen=n/a;enrichSets=0;enrichActive=0;enrichDecoy=0;enrichAUC=n/a;enrichMargin=n/a | case=4q9r-spinach-2zy;rank=1;top=mode:1;decoys=10;margin=26.590;topRMSD=0.000;bestDecoyRMSD=8.224;contactSpec=0.000;clashPen=0.000;enrichSets=0;enrichActive=0;enrichDecoy=0;enrichAUC=n/a;enrichMargin=n/a | case=1fmn-fmn-riboswitch;rank=1;top=mode:1;decoys=0;margin=n/a;topRMSD=0.000;bestDecoyRMSD=n/a;contactSpec=n/a;clashPen=n/a;enrichSets=1;enrichActive=1;enrichDecoy=60;enrichAUC=1.000;enrichMargin=10.987 | case=1fmn-fmn-riboswitch-mg;rank=1;top=mode:1;decoys=0;margin=n/a;topRMSD=0.000;bestDecoyRMSD=n/a;contactSpec=n/a;clashPen=n/a;enrichSets=0;enrichActive=0;enrichDecoy=0;enrichAUC=n/a;enrichMargin=n/a | case=2g9c-purine-riboswitch;rank=1;top=mode:1;decoys=0;margin=n/a;topRMSD=0.000;bestDecoyRMSD=n/a;contactSpec=n/a;clashPen=n/a;enrichSets=1;enrichActive=7;enrichDecoy=88;enrichAUC=0.661;enrichMargin=-0.905 | case=4rzd-preq1-riboswitch;rank=1;top=mode:1;decoys=0;margin=n/a;topRMSD=0.000;bestDecoyRMSD=n/a;contactSpec=n/a;clashPen=n/a;enrichSets=1;enrichActive=5;enrichDecoy=74;enrichAUC=0.500;enrichMargin=0.000 | case=2gdi-tpp-riboswitch;rank=1;top=mode:1;decoys=0;margin=n/a;topRMSD=0.000;bestDecoyRMSD=n/a;contactSpec=n/a;clashPen=n/a;enrichSets=1;enrichActive=7;enrichDecoy=266;enrichAUC=0.636;enrichMargin=-14.684 | case=2ygh-sam-riboswitch;rank=1;top=mode:1;decoys=0;margin=n/a;topRMSD=0.000;bestDecoyRMSD=n/a;contactSpec=n/a;clashPen=n/a;enrichSets=1;enrichActive=3;enrichDecoy=238;enrichAUC=0.819;enrichMargin=-1.165 | case=3b4b-glms-riboswitch;rank=1;top=mode:1;decoys=0;margin=n/a;topRMSD=0.000;bestDecoyRMSD=n/a;contactSpec=n/a;clashPen=n/a;enrichSets=1;enrichActive=4;enrichDecoy=165;enrichAUC=0.750;enrichMargin=1.000 | case=2hoj-tpp-riboswitch;rank=1;top=mode:1;decoys=0;margin=n/a;topRMSD=0.000;bestDecoyRMSD=n/a;contactSpec=n/a;clashPen=n/a;enrichSets=2;enrichActive=14;enrichDecoy=532;enrichAUC=0.714;enrichMargin=2.000 | case=3sd3-thf-riboswitch;rank=1;top=mode:1;decoys=0;margin=n/a;topRMSD=0.000;bestDecoyRMSD=n/a;contactSpec=n/a;clashPen=n/a;enrichSets=0;enrichActive=0;enrichDecoy=0;enrichAUC=n/a;enrichMargin=n/a | case=5dhb-gmp-primer-template;rank=1;top=mode:1;decoys=0;margin=n/a;topRMSD=0.000;bestDecoyRMSD=n/a;contactSpec=n/a;clashPen=n/a;enrichSets=0;enrichActive=0;enrichDecoy=0;enrichAUC=n/a;enrichMargin=n/a | case=6c64-mango-ii-ekm;rank=1;top=mode:1;decoys=0;margin=n/a;topRMSD=0.000;bestDecoyRMSD=n/a;contactSpec=n/a;clashPen=n/a;enrichSets=0;enrichActive=0;enrichDecoy=0;enrichAUC=n/a;enrichMargin=n/a | case=5bjp-corn-dfho;rank=1;top=mode:1;decoys=0;margin=n/a;topRMSD=0.000;bestDecoyRMSD=n/a;contactSpec=n/a;clashPen=n/a;enrichSets=0;enrichActive=0;enrichDecoy=0;enrichAUC=n/a;enrichMargin=n/a | case=6wzs-ztp-riboswitch;rank=1;top=mode:1;decoys=0;margin=n/a;topRMSD=0.000;bestDecoyRMSD=n/a;contactSpec=n/a;clashPen=n/a;enrichSets=0;enrichActive=0;enrichDecoy=0;enrichAUC=n/a;enrichMargin=n/a | case=3irw-c-di-gmp-riboswitch;rank=1;top=mode:1;decoys=0;margin=n/a;topRMSD=0.000;bestDecoyRMSD=n/a;contactSpec=n/a;clashPen=n/a;enrichSets=0;enrichActive=0;enrichDecoy=0;enrichAUC=n/a;enrichMargin=n/a | case=4qlm-c-di-amp-riboswitch;rank=1;top=mode:1;decoys=0;margin=n/a;topRMSD=0.000;bestDecoyRMSD=n/a;contactSpec=n/a;clashPen=n/a;enrichSets=0;enrichActive=0;enrichDecoy=0;enrichAUC=n/a;enrichMargin=n/a | case=3d0u-lysine-riboswitch;rank=1;top=mode:1;decoys=0;margin=n/a;topRMSD=0.000;bestDecoyRMSD=n/a;contactSpec=n/a;clashPen=n/a;enrichSets=0;enrichActive=0;enrichDecoy=0;enrichAUC=n/a;enrichMargin=n/a | case=3oww-glycine-riboswitch;rank=1;top=mode:1;decoys=0;margin=n/a;topRMSD=0.000;bestDecoyRMSD=n/a;contactSpec=n/a;clashPen=n/a;enrichSets=0;enrichActive=0;enrichDecoy=0;enrichAUC=n/a;enrichMargin=n/a
-0.240000,-1.000000,-0.500000,-0.100000,2.503663,0.726,-0.404,8,41,1423,1.000000,3.867053,0.562,0.000,0.000,8.224,26.590238,0.000000,0.000000,2.157895,1.000000,case=t6-thrombin-vina;rank=1;top=mode:1;decoys=0;margin=n/a;topRMSD=0.000;bestDecoyRMSD=n/a;contactSpec=n/a;clashPen=n/a;enrichSets=0;enrichActive=0;enrichDecoy=0;enrichAUC=n/a;enrichMargin=n/a | case=4q9r-spinach-2zy;rank=1;top=mode:1;decoys=10;margin=26.590;topRMSD=0.000;bestDecoyRMSD=8.224;contactSpec=0.000;clashPen=0.000;enrichSets=0;enrichActive=0;enrichDecoy=0;enrichAUC=n/a;enrichMargin=n/a | case=1fmn-fmn-riboswitch;rank=1;top=mode:1;decoys=0;margin=n/a;topRMSD=0.000;bestDecoyRMSD=n/a;contactSpec=n/a;clashPen=n/a;enrichSets=1;enrichActive=1;enrichDecoy=60;enrichAUC=1.000;enrichMargin=10.847 | case=1fmn-fmn-riboswitch-mg;rank=1;top=mode:1;decoys=0;margin=n/a;topRMSD=0.000;bestDecoyRMSD=n/a;contactSpec=n/a;clashPen=n/a;enrichSets=0;enrichActive=0;enrichDecoy=0;enrichAUC=n/a;enrichMargin=n/a | case=2g9c-purine-riboswitch;rank=1;top=mode:1;decoys=0;margin=n/a;topRMSD=0.000;bestDecoyRMSD=n/a;contactSpec=n/a;clashPen=n/a;enrichSets=1;enrichActive=7;enrichDecoy=88;enrichAUC=0.659;enrichMargin=-0.905 | case=4rzd-preq1-riboswitch;rank=1;top=mode:1;decoys=0;margin=n/a;topRMSD=0.000;bestDecoyRMSD=n/a;contactSpec=n/a;clashPen=n/a;enrichSets=1;enrichActive=5;enrichDecoy=74;enrichAUC=0.500;enrichMargin=0.000 | case=2gdi-tpp-riboswitch;rank=1;top=mode:1;decoys=0;margin=n/a;topRMSD=0.000;bestDecoyRMSD=n/a;contactSpec=n/a;clashPen=n/a;enrichSets=1;enrichActive=7;enrichDecoy=266;enrichAUC=0.636;enrichMargin=-14.673 | case=2ygh-sam-riboswitch;rank=1;top=mode:1;decoys=0;margin=n/a;topRMSD=0.000;bestDecoyRMSD=n/a;contactSpec=n/a;clashPen=n/a;enrichSets=1;enrichActive=3;enrichDecoy=238;enrichAUC=0.819;enrichMargin=-1.098 | case=3b4b-glms-riboswitch;rank=1;top=mode:1;decoys=0;margin=n/a;topRMSD=0.000;bestDecoyRMSD=n/a;contactSpec=n/a;clashPen=n/a;enrichSets=1;enrichActive=4;enrichDecoy=165;enrichAUC=0.750;enrichMargin=1.000 | case=2hoj-tpp-riboswitch;rank=1;top=mode:1;decoys=0;margin=n/a;topRMSD=0.000;bestDecoyRMSD=n/a;contactSpec=n/a;clashPen=n/a;enrichSets=2;enrichActive=14;enrichDecoy=532;enrichAUC=0.714;enrichMargin=2.000 | case=3sd3-thf-riboswitch;rank=1;top=mode:1;decoys=0;margin=n/a;topRMSD=0.000;bestDecoyRMSD=n/a;contactSpec=n/a;clashPen=n/a;enrichSets=0;enrichActive=0;enrichDecoy=0;enrichAUC=n/a;enrichMargin=n/a | case=5dhb-gmp-primer-template;rank=1;top=mode:1;decoys=0;margin=n/a;topRMSD=0.000;bestDecoyRMSD=n/a;contactSpec=n/a;clashPen=n/a;enrichSets=0;enrichActive=0;enrichDecoy=0;enrichAUC=n/a;enrichMargin=n/a | case=6c64-mango-ii-ekm;rank=1;top=mode:1;decoys=0;margin=n/a;topRMSD=0.000;bestDecoyRMSD=n/a;contactSpec=n/a;clashPen=n/a;enrichSets=0;enrichActive=0;enrichDecoy=0;enrichAUC=n/a;enrichMargin=n/a | case=5bjp-corn-dfho;rank=1;top=mode:1;decoys=0;margin=n/a;topRMSD=0.000;bestDecoyRMSD=n/a;contactSpec=n/a;clashPen=n/a;enrichSets=0;enrichActive=0;enrichDecoy=0;enrichAUC=n/a;enrichMargin=n/a | case=6wzs-ztp-riboswitch;rank=1;top=mode:1;decoys=0;margin=n/a;topRMSD=0.000;bestDecoyRMSD=n/a;contactSpec=n/a;clashPen=n/a;enrichSets=0;enrichActive=0;enrichDecoy=0;enrichAUC=n/a;enrichMargin=n/a | case=3irw-c-di-gmp-riboswitch;rank=1;top=mode:1;decoys=0;margin=n/a;topRMSD=0.000;bestDecoyRMSD=n/a;contactSpec=n/a;clashPen=n/a;enrichSets=0;enrichActive=0;enrichDecoy=0;enrichAUC=n/a;enrichMargin=n/a | case=4qlm-c-di-amp-riboswitch;rank=1;top=mode:1;decoys=0;margin=n/a;topRMSD=0.000;bestDecoyRMSD=n/a;contactSpec=n/a;clashPen=n/a;enrichSets=0;enrichActive=0;enrichDecoy=0;enrichAUC=n/a;enrichMargin=n/a | case=3d0u-lysine-riboswitch;rank=1;top=mode:1;decoys=0;margin=n/a;topRMSD=0.000;bestDecoyRMSD=n/a;contactSpec=n/a;clashPen=n/a;enrichSets=0;enrichActive=0;enrichDecoy=0;enrichAUC=n/a;enrichMargin=n/a | case=3oww-glycine-riboswitch;rank=1;top=mode:1;decoys=0;margin=n/a;topRMSD=0.000;bestDecoyRMSD=n/a;contactSpec=n/a;clashPen=n/a;enrichSets=0;enrichActive=0;enrichDecoy=0;enrichAUC=n/a;enrichMargin=n/a
-0.240000,-1.000000,-0.500000,-0.220000,2.503663,0.726,-0.404,8,41,1423,1.000000,3.867053,0.562,0.000,0.000,8.224,26.590238,0.000000,0.000000,2.157895,1.000000,case=t6-thrombin-vina;rank=1;top=mode:1;decoys=0;margin=n/a;topRMSD=0.000;bestDecoyRMSD=n/a;contactSpec=n/a;clashPen=n/a;enrichSets=0;enrichActive=0;enrichDecoy=0;enrichAUC=n/a;enrichMargin=n/a | case=4q9r-spinach-2zy;rank=1;top=mode:1;decoys=10;margin=26.590;topRMSD=0.000;bestDecoyRMSD=8.224;contactSpec=0.000;clashPen=0.000;enrichSets=0;enrichActive=0;enrichDecoy=0;enrichAUC=n/a;enrichMargin=n/a | case=1fmn-fmn-riboswitch;rank=1;top=mode:1;decoys=0;margin=n/a;topRMSD=0.000;bestDecoyRMSD=n/a;contactSpec=n/a;clashPen=n/a;enrichSets=1;enrichActive=1;enrichDecoy=60;enrichAUC=1.000;enrichMargin=10.847 | case=1fmn-fmn-riboswitch-mg;rank=1;top=mode:1;decoys=0;margin=n/a;topRMSD=0.000;bestDecoyRMSD=n/a;contactSpec=n/a;clashPen=n/a;enrichSets=0;enrichActive=0;enrichDecoy=0;enrichAUC=n/a;enrichMargin=n/a | case=2g9c-purine-riboswitch;rank=1;top=mode:1;decoys=0;margin=n/a;topRMSD=0.000;bestDecoyRMSD=n/a;contactSpec=n/a;clashPen=n/a;enrichSets=1;enrichActive=7;enrichDecoy=88;enrichAUC=0.659;enrichMargin=-0.905 | case=4rzd-preq1-riboswitch;rank=1;top=mode:1;decoys=0;margin=n/a;topRMSD=0.000;bestDecoyRMSD=n/a;contactSpec=n/a;clashPen=n/a;enrichSets=1;enrichActive=5;enrichDecoy=74;enrichAUC=0.500;enrichMargin=0.000 | case=2gdi-tpp-riboswitch;rank=1;top=mode:1;decoys=0;margin=n/a;topRMSD=0.000;bestDecoyRMSD=n/a;contactSpec=n/a;clashPen=n/a;enrichSets=1;enrichActive=7;enrichDecoy=266;enrichAUC=0.636;enrichMargin=-14.673 | case=2ygh-sam-riboswitch;rank=1;top=mode:1;decoys=0;margin=n/a;topRMSD=0.000;bestDecoyRMSD=n/a;contactSpec=n/a;clashPen=n/a;enrichSets=1;enrichActive=3;enrichDecoy=238;enrichAUC=0.819;enrichMargin=-1.098 | case=3b4b-glms-riboswitch;rank=1;top=mode:1;decoys=0;margin=n/a;topRMSD=0.000;bestDecoyRMSD=n/a;contactSpec=n/a;clashPen=n/a;enrichSets=1;enrichActive=4;enrichDecoy=165;enrichAUC=0.750;enrichMargin=1.000 | case=2hoj-tpp-riboswitch;rank=1;top=mode:1;decoys=0;margin=n/a;topRMSD=0.000;bestDecoyRMSD=n/a;contactSpec=n/a;clashPen=n/a;enrichSets=2;enrichActive=14;enrichDecoy=532;enrichAUC=0.714;enrichMargin=2.000 | case=3sd3-thf-riboswitch;rank=1;top=mode:1;decoys=0;margin=n/a;topRMSD=0.000;bestDecoyRMSD=n/a;contactSpec=n/a;clashPen=n/a;enrichSets=0;enrichActive=0;enrichDecoy=0;enrichAUC=n/a;enrichMargin=n/a | case=5dhb-gmp-primer-template;rank=1;top=mode:1;decoys=0;margin=n/a;topRMSD=0.000;bestDecoyRMSD=n/a;contactSpec=n/a;clashPen=n/a;enrichSets=0;enrichActive=0;enrichDecoy=0;enrichAUC=n/a;enrichMargin=n/a | case=6c64-mango-ii-ekm;rank=1;top=mode:1;decoys=0;margin=n/a;topRMSD=0.000;bestDecoyRMSD=n/a;contactSpec=n/a;clashPen=n/a;enrichSets=0;enrichActive=0;enrichDecoy=0;enrichAUC=n/a;enrichMargin=n/a | case=5bjp-corn-dfho;rank=1;top=mode:1;decoys=0;margin=n/a;topRMSD=0.000;bestDecoyRMSD=n/a;contactSpec=n/a;clashPen=n/a;enrichSets=0;enrichActive=0;enrichDecoy=0;enrichAUC=n/a;enrichMargin=n/a | case=6wzs-ztp-riboswitch;rank=1;top=mode:1;decoys=0;margin=n/a;topRMSD=0.000;bestDecoyRMSD=n/a;contactSpec=n/a;clashPen=n/a;enrichSets=0;enrichActive=0;enrichDecoy=0;enrichAUC=n/a;enrichMargin=n/a | case=3irw-c-di-gmp-riboswitch;rank=1;top=mode:1;decoys=0;margin=n/a;topRMSD=0.000;bestDecoyRMSD=n/a;contactSpec=n/a;clashPen=n/a;enrichSets=0;enrichActive=0;enrichDecoy=0;enrichAUC=n/a;enrichMargin=n/a | case=4qlm-c-di-amp-riboswitch;rank=1;top=mode:1;decoys=0;margin=n/a;topRMSD=0.000;bestDecoyRMSD=n/a;contactSpec=n/a;clashPen=n/a;enrichSets=0;enrichActive=0;enrichDecoy=0;enrichAUC=n/a;enrichMargin=n/a | case=3d0u-lysine-riboswitch;rank=1;top=mode:1;decoys=0;margin=n/a;topRMSD=0.000;bestDecoyRMSD=n/a;contactSpec=n/a;clashPen=n/a;enrichSets=0;enrichActive=0;enrichDecoy=0;enrichAUC=n/a;enrichMargin=n/a | case=3oww-glycine-riboswitch;rank=1;top=mode:1;decoys=0;margin=n/a;topRMSD=0.000;bestDecoyRMSD=n/a;contactSpec=n/a;clashPen=n/a;enrichSets=0;enrichActive=0;enrichDecoy=0;enrichAUC=n/a;enrichMargin=n/a
-0.240000,-1.000000,-0.500000,-0.350000,2.503663,0.726,-0.404,8,41,1423,1.000000,3.867053,0.562,0.000,0.000,8.224,26.590238,0.000000,0.000000,2.157895,1.000000,case=t6-thrombin-vina;rank=1;top=mode:1;decoys=0;margin=n/a;topRMSD=0.000;bestDecoyRMSD=n/a;contactSpec=n/a;clashPen=n/a;enrichSets=0;enrichActive=0;enrichDecoy=0;enrichAUC=n/a;enrichMargin=n/a | case=4q9r-spinach-2zy;rank=1;top=mode:1;decoys=10;margin=26.590;topRMSD=0.000;bestDecoyRMSD=8.224;contactSpec=0.000;clashPen=0.000;enrichSets=0;enrichActive=0;enrichDecoy=0;enrichAUC=n/a;enrichMargin=n/a | case=1fmn-fmn-riboswitch;rank=1;top=mode:1;decoys=0;margin=n/a;topRMSD=0.000;bestDecoyRMSD=n/a;contactSpec=n/a;clashPen=n/a;enrichSets=1;enrichActive=1;enrichDecoy=60;enrichAUC=1.000;enrichMargin=10.847 | case=1fmn-fmn-riboswitch-mg;rank=1;top=mode:1;decoys=0;margin=n/a;topRMSD=0.000;bestDecoyRMSD=n/a;contactSpec=n/a;clashPen=n/a;enrichSets=0;enrichActive=0;enrichDecoy=0;enrichAUC=n/a;enrichMargin=n/a | case=2g9c-purine-riboswitch;rank=1;top=mode:1;decoys=0;margin=n/a;topRMSD=0.000;bestDecoyRMSD=n/a;contactSpec=n/a;clashPen=n/a;enrichSets=1;enrichActive=7;enrichDecoy=88;enrichAUC=0.659;enrichMargin=-0.905 | case=4rzd-preq1-riboswitch;rank=1;top=mode:1;decoys=0;margin=n/a;topRMSD=0.000;bestDecoyRMSD=n/a;contactSpec=n/a;clashPen=n/a;enrichSets=1;enrichActive=5;enrichDecoy=74;enrichAUC=0.500;enrichMargin=0.000 | case=2gdi-tpp-riboswitch;rank=1;top=mode:1;decoys=0;margin=n/a;topRMSD=0.000;bestDecoyRMSD=n/a;contactSpec=n/a;clashPen=n/a;enrichSets=1;enrichActive=7;enrichDecoy=266;enrichAUC=0.636;enrichMargin=-14.673 | case=2ygh-sam-riboswitch;rank=1;top=mode:1;decoys=0;margin=n/a;topRMSD=0.000;bestDecoyRMSD=n/a;contactSpec=n/a;clashPen=n/a;enrichSets=1;enrichActive=3;enrichDecoy=238;enrichAUC=0.819;enrichMargin=-1.098 | case=3b4b-glms-riboswitch;rank=1;top=mode:1;decoys=0;margin=n/a;topRMSD=0.000;bestDecoyRMSD=n/a;contactSpec=n/a;clashPen=n/a;enrichSets=1;enrichActive=4;enrichDecoy=165;enrichAUC=0.750;enrichMargin=1.000 | case=2hoj-tpp-riboswitch;rank=1;top=mode:1;decoys=0;margin=n/a;topRMSD=0.000;bestDecoyRMSD=n/a;contactSpec=n/a;clashPen=n/a;enrichSets=2;enrichActive=14;enrichDecoy=532;enrichAUC=0.714;enrichMargin=2.000 | case=3sd3-thf-riboswitch;rank=1;top=mode:1;decoys=0;margin=n/a;topRMSD=0.000;bestDecoyRMSD=n/a;contactSpec=n/a;clashPen=n/a;enrichSets=0;enrichActive=0;enrichDecoy=0;enrichAUC=n/a;enrichMargin=n/a | case=5dhb-gmp-primer-template;rank=1;top=mode:1;decoys=0;margin=n/a;topRMSD=0.000;bestDecoyRMSD=n/a;contactSpec=n/a;clashPen=n/a;enrichSets=0;enrichActive=0;enrichDecoy=0;enrichAUC=n/a;enrichMargin=n/a | case=6c64-mango-ii-ekm;rank=1;top=mode:1;decoys=0;margin=n/a;topRMSD=0.000;bestDecoyRMSD=n/a;contactSpec=n/a;clashPen=n/a;enrichSets=0;enrichActive=0;enrichDecoy=0;enrichAUC=n/a;enrichMargin=n/a | case=5bjp-corn-dfho;rank=1;top=mode:1;decoys=0;margin=n/a;topRMSD=0.000;bestDecoyRMSD=n/a;contactSpec=n/a;clashPen=n/a;enrichSets=0;enrichActive=0;enrichDecoy=0;enrichAUC=n/a;enrichMargin=n/a | case=6wzs-ztp-riboswitch;rank=1;top=mode:1;decoys=0;margin=n/a;topRMSD=0.000;bestDecoyRMSD=n/a;contactSpec=n/a;clashPen=n/a;enrichSets=0;enrichActive=0;enrichDecoy=0;enrichAUC=n/a;enrichMargin=n/a | case=3irw-c-di-gmp-riboswitch;rank=1;top=mode:1;decoys=0;margin=n/a;topRMSD=0.000;bestDecoyRMSD=n/a;contactSpec=n/a;clashPen=n/a;enrichSets=0;enrichActive=0;enrichDecoy=0;enrichAUC=n/a;enrichMargin=n/a | case=4qlm-c-di-amp-riboswitch;rank=1;top=mode:1;decoys=0;margin=n/a;topRMSD=0.000;bestDecoyRMSD=n/a;contactSpec=n/a;clashPen=n/a;enrichSets=0;enrichActive=0;enrichDecoy=0;enrichAUC=n/a;enrichMargin=n/a | case=3d0u-lysine-riboswitch;rank=1;top=mode:1;decoys=0;margin=n/a;topRMSD=0.000;bestDecoyRMSD=n/a;contactSpec=n/a;clashPen=n/a;enrichSets=0;enrichActive=0;enrichDecoy=0;enrichAUC=n/a;enrichMargin=n/a | case=3oww-glycine-riboswitch;rank=1;top=mode:1;decoys=0;margin=n/a;topRMSD=0.000;bestDecoyRMSD=n/a;contactSpec=n/a;clashPen=n/a;enrichSets=0;enrichActive=0;enrichDecoy=0;enrichAUC=n/a;enrichMargin=n/a
-0.180000,-1.000000,-0.500000,-0.100000,2.512230,0.725,-0.413,8,41,1423,1.000000,3.870619,0.562,0.000,0.000,8.224,26.590253,0.000000,0.000000,2.157895,1.000000,case=t6-thrombin-vina;rank=1;top=mode:1;decoys=0;margin=n/a;topRMSD=0.000;bestDecoyRMSD=n/a;contactSpec=n/a;clashPen=n/a;enrichSets=0;enrichActive=0;enrichDecoy=0;enrichAUC=n/a;enrichMargin=n/a | case=4q9r-spinach-2zy;rank=1;top=mode:1;decoys=10;margin=26.590;topRMSD=0.000;bestDecoyRMSD=8.224;contactSpec=0.000;clashPen=0.000;enrichSets=0;enrichActive=0;enrichDecoy=0;enrichAUC=n/a;enrichMargin=n/a | case=1fmn-fmn-riboswitch;rank=1;top=mode:1;decoys=0;margin=n/a;topRMSD=0.000;bestDecoyRMSD=n/a;contactSpec=n/a;clashPen=n/a;enrichSets=1;enrichActive=1;enrichDecoy=60;enrichAUC=1.000;enrichMargin=10.743 | case=1fmn-fmn-riboswitch-mg;rank=1;top=mode:1;decoys=0;margin=n/a;topRMSD=0.000;bestDecoyRMSD=n/a;contactSpec=n/a;clashPen=n/a;enrichSets=0;enrichActive=0;enrichDecoy=0;enrichAUC=n/a;enrichMargin=n/a | case=2g9c-purine-riboswitch;rank=1;top=mode:1;decoys=0;margin=n/a;topRMSD=0.000;bestDecoyRMSD=n/a;contactSpec=n/a;clashPen=n/a;enrichSets=1;enrichActive=7;enrichDecoy=88;enrichAUC=0.657;enrichMargin=-0.906 | case=4rzd-preq1-riboswitch;rank=1;top=mode:1;decoys=0;margin=n/a;topRMSD=0.000;bestDecoyRMSD=n/a;contactSpec=n/a;clashPen=n/a;enrichSets=1;enrichActive=5;enrichDecoy=74;enrichAUC=0.500;enrichMargin=0.000 | case=2gdi-tpp-riboswitch;rank=1;top=mode:1;decoys=0;margin=n/a;topRMSD=0.000;bestDecoyRMSD=n/a;contactSpec=n/a;clashPen=n/a;enrichSets=1;enrichActive=7;enrichDecoy=266;enrichAUC=0.633;enrichMargin=-14.664 | case=2ygh-sam-riboswitch;rank=1;top=mode:1;decoys=0;margin=n/a;topRMSD=0.000;bestDecoyRMSD=n/a;contactSpec=n/a;clashPen=n/a;enrichSets=1;enrichActive=3;enrichDecoy=238;enrichAUC=0.819;enrichMargin=-1.065 | case=3b4b-glms-riboswitch;rank=1;top=mode:1;decoys=0;margin=n/a;topRMSD=0.000;bestDecoyRMSD=n/a;contactSpec=n/a;clashPen=n/a;enrichSets=1;enrichActive=4;enrichDecoy=165;enrichAUC=0.750;enrichMargin=1.000 | case=2hoj-tpp-riboswitch;rank=1;top=mode:1;decoys=0;margin=n/a;topRMSD=0.000;bestDecoyRMSD=n/a;contactSpec=n/a;clashPen=n/a;enrichSets=2;enrichActive=14;enrichDecoy=532;enrichAUC=0.714;enrichMargin=2.000 | case=3sd3-thf-riboswitch;rank=1;top=mode:1;decoys=0;margin=n/a;topRMSD=0.000;bestDecoyRMSD=n/a;contactSpec=n/a;clashPen=n/a;enrichSets=0;enrichActive=0;enrichDecoy=0;enrichAUC=n/a;enrichMargin=n/a | case=5dhb-gmp-primer-template;rank=1;top=mode:1;decoys=0;margin=n/a;topRMSD=0.000;bestDecoyRMSD=n/a;contactSpec=n/a;clashPen=n/a;enrichSets=0;enrichActive=0;enrichDecoy=0;enrichAUC=n/a;enrichMargin=n/a | case=6c64-mango-ii-ekm;rank=1;top=mode:1;decoys=0;margin=n/a;topRMSD=0.000;bestDecoyRMSD=n/a;contactSpec=n/a;clashPen=n/a;enrichSets=0;enrichActive=0;enrichDecoy=0;enrichAUC=n/a;enrichMargin=n/a | case=5bjp-corn-dfho;rank=1;top=mode:1;decoys=0;margin=n/a;topRMSD=0.000;bestDecoyRMSD=n/a;contactSpec=n/a;clashPen=n/a;enrichSets=0;enrichActive=0;enrichDecoy=0;enrichAUC=n/a;enrichMargin=n/a | case=6wzs-ztp-riboswitch;rank=1;top=mode:1;decoys=0;margin=n/a;topRMSD=0.000;bestDecoyRMSD=n/a;contactSpec=n/a;clashPen=n/a;enrichSets=0;enrichActive=0;enrichDecoy=0;enrichAUC=n/a;enrichMargin=n/a | case=3irw-c-di-gmp-riboswitch;rank=1;top=mode:1;decoys=0;margin=n/a;topRMSD=0.000;bestDecoyRMSD=n/a;contactSpec=n/a;clashPen=n/a;enrichSets=0;enrichActive=0;enrichDecoy=0;enrichAUC=n/a;enrichMargin=n/a | case=4qlm-c-di-amp-riboswitch;rank=1;top=mode:1;decoys=0;margin=n/a;topRMSD=0.000;bestDecoyRMSD=n/a;contactSpec=n/a;clashPen=n/a;enrichSets=0;enrichActive=0;enrichDecoy=0;enrichAUC=n/a;enrichMargin=n/a | case=3d0u-lysine-riboswitch;rank=1;top=mode:1;decoys=0;margin=n/a;topRMSD=0.000;bestDecoyRMSD=n/a;contactSpec=n/a;clashPen=n/a;enrichSets=0;enrichActive=0;enrichDecoy=0;enrichAUC=n/a;enrichMargin=n/a | case=3oww-glycine-riboswitch;rank=1;top=mode:1;decoys=0;margin=n/a;topRMSD=0.000;bestDecoyRMSD=n/a;contactSpec=n/a;clashPen=n/a;enrichSets=0;enrichActive=0;enrichDecoy=0;enrichAUC=n/a;enrichMargin=n/a
-0.180000,-1.000000,-0.500000,-0.220000,2.512230,0.725,-0.413,8,41,1423,1.000000,3.870619,0.562,0.000,0.000,8.224,26.590253,0.000000,0.000000,2.157895,1.000000,case=t6-thrombin-vina;rank=1;top=mode:1;decoys=0;margin=n/a;topRMSD=0.000;bestDecoyRMSD=n/a;contactSpec=n/a;clashPen=n/a;enrichSets=0;enrichActive=0;enrichDecoy=0;enrichAUC=n/a;enrichMargin=n/a | case=4q9r-spinach-2zy;rank=1;top=mode:1;decoys=10;margin=26.590;topRMSD=0.000;bestDecoyRMSD=8.224;contactSpec=0.000;clashPen=0.000;enrichSets=0;enrichActive=0;enrichDecoy=0;enrichAUC=n/a;enrichMargin=n/a | case=1fmn-fmn-riboswitch;rank=1;top=mode:1;decoys=0;margin=n/a;topRMSD=0.000;bestDecoyRMSD=n/a;contactSpec=n/a;clashPen=n/a;enrichSets=1;enrichActive=1;enrichDecoy=60;enrichAUC=1.000;enrichMargin=10.743 | case=1fmn-fmn-riboswitch-mg;rank=1;top=mode:1;decoys=0;margin=n/a;topRMSD=0.000;bestDecoyRMSD=n/a;contactSpec=n/a;clashPen=n/a;enrichSets=0;enrichActive=0;enrichDecoy=0;enrichAUC=n/a;enrichMargin=n/a | case=2g9c-purine-riboswitch;rank=1;top=mode:1;decoys=0;margin=n/a;topRMSD=0.000;bestDecoyRMSD=n/a;contactSpec=n/a;clashPen=n/a;enrichSets=1;enrichActive=7;enrichDecoy=88;enrichAUC=0.657;enrichMargin=-0.906 | case=4rzd-preq1-riboswitch;rank=1;top=mode:1;decoys=0;margin=n/a;topRMSD=0.000;bestDecoyRMSD=n/a;contactSpec=n/a;clashPen=n/a;enrichSets=1;enrichActive=5;enrichDecoy=74;enrichAUC=0.500;enrichMargin=0.000 | case=2gdi-tpp-riboswitch;rank=1;top=mode:1;decoys=0;margin=n/a;topRMSD=0.000;bestDecoyRMSD=n/a;contactSpec=n/a;clashPen=n/a;enrichSets=1;enrichActive=7;enrichDecoy=266;enrichAUC=0.633;enrichMargin=-14.664 | case=2ygh-sam-riboswitch;rank=1;top=mode:1;decoys=0;margin=n/a;topRMSD=0.000;bestDecoyRMSD=n/a;contactSpec=n/a;clashPen=n/a;enrichSets=1;enrichActive=3;enrichDecoy=238;enrichAUC=0.819;enrichMargin=-1.065 | case=3b4b-glms-riboswitch;rank=1;top=mode:1;decoys=0;margin=n/a;topRMSD=0.000;bestDecoyRMSD=n/a;contactSpec=n/a;clashPen=n/a;enrichSets=1;enrichActive=4;enrichDecoy=165;enrichAUC=0.750;enrichMargin=1.000 | case=2hoj-tpp-riboswitch;rank=1;top=mode:1;decoys=0;margin=n/a;topRMSD=0.000;bestDecoyRMSD=n/a;contactSpec=n/a;clashPen=n/a;enrichSets=2;enrichActive=14;enrichDecoy=532;enrichAUC=0.714;enrichMargin=2.000 | case=3sd3-thf-riboswitch;rank=1;top=mode:1;decoys=0;margin=n/a;topRMSD=0.000;bestDecoyRMSD=n/a;contactSpec=n/a;clashPen=n/a;enrichSets=0;enrichActive=0;enrichDecoy=0;enrichAUC=n/a;enrichMargin=n/a | case=5dhb-gmp-primer-template;rank=1;top=mode:1;decoys=0;margin=n/a;topRMSD=0.000;bestDecoyRMSD=n/a;contactSpec=n/a;clashPen=n/a;enrichSets=0;enrichActive=0;enrichDecoy=0;enrichAUC=n/a;enrichMargin=n/a | case=6c64-mango-ii-ekm;rank=1;top=mode:1;decoys=0;margin=n/a;topRMSD=0.000;bestDecoyRMSD=n/a;contactSpec=n/a;clashPen=n/a;enrichSets=0;enrichActive=0;enrichDecoy=0;enrichAUC=n/a;enrichMargin=n/a | case=5bjp-corn-dfho;rank=1;top=mode:1;decoys=0;margin=n/a;topRMSD=0.000;bestDecoyRMSD=n/a;contactSpec=n/a;clashPen=n/a;enrichSets=0;enrichActive=0;enrichDecoy=0;enrichAUC=n/a;enrichMargin=n/a | case=6wzs-ztp-riboswitch;rank=1;top=mode:1;decoys=0;margin=n/a;topRMSD=0.000;bestDecoyRMSD=n/a;contactSpec=n/a;clashPen=n/a;enrichSets=0;enrichActive=0;enrichDecoy=0;enrichAUC=n/a;enrichMargin=n/a | case=3irw-c-di-gmp-riboswitch;rank=1;top=mode:1;decoys=0;margin=n/a;topRMSD=0.000;bestDecoyRMSD=n/a;contactSpec=n/a;clashPen=n/a;enrichSets=0;enrichActive=0;enrichDecoy=0;enrichAUC=n/a;enrichMargin=n/a | case=4qlm-c-di-amp-riboswitch;rank=1;top=mode:1;decoys=0;margin=n/a;topRMSD=0.000;bestDecoyRMSD=n/a;contactSpec=n/a;clashPen=n/a;enrichSets=0;enrichActive=0;enrichDecoy=0;enrichAUC=n/a;enrichMargin=n/a | case=3d0u-lysine-riboswitch;rank=1;top=mode:1;decoys=0;margin=n/a;topRMSD=0.000;bestDecoyRMSD=n/a;contactSpec=n/a;clashPen=n/a;enrichSets=0;enrichActive=0;enrichDecoy=0;enrichAUC=n/a;enrichMargin=n/a | case=3oww-glycine-riboswitch;rank=1;top=mode:1;decoys=0;margin=n/a;topRMSD=0.000;bestDecoyRMSD=n/a;contactSpec=n/a;clashPen=n/a;enrichSets=0;enrichActive=0;enrichDecoy=0;enrichAUC=n/a;enrichMargin=n/a
-0.180000,-1.000000,-0.500000,-0.350000,2.512230,0.725,-0.413,8,41,1423,1.000000,3.870619,0.562,0.000,0.000,8.224,26.590253,0.000000,0.000000,2.157895,1.000000,case=t6-thrombin-vina;rank=1;top=mode:1;decoys=0;margin=n/a;topRMSD=0.000;bestDecoyRMSD=n/a;contactSpec=n/a;clashPen=n/a;enrichSets=0;enrichActive=0;enrichDecoy=0;enrichAUC=n/a;enrichMargin=n/a | case=4q9r-spinach-2zy;rank=1;top=mode:1;decoys=10;margin=26.590;topRMSD=0.000;bestDecoyRMSD=8.224;contactSpec=0.000;clashPen=0.000;enrichSets=0;enrichActive=0;enrichDecoy=0;enrichAUC=n/a;enrichMargin=n/a | case=1fmn-fmn-riboswitch;rank=1;top=mode:1;decoys=0;margin=n/a;topRMSD=0.000;bestDecoyRMSD=n/a;contactSpec=n/a;clashPen=n/a;enrichSets=1;enrichActive=1;enrichDecoy=60;enrichAUC=1.000;enrichMargin=10.743 | case=1fmn-fmn-riboswitch-mg;rank=1;top=mode:1;decoys=0;margin=n/a;topRMSD=0.000;bestDecoyRMSD=n/a;contactSpec=n/a;clashPen=n/a;enrichSets=0;enrichActive=0;enrichDecoy=0;enrichAUC=n/a;enrichMargin=n/a | case=2g9c-purine-riboswitch;rank=1;top=mode:1;decoys=0;margin=n/a;topRMSD=0.000;bestDecoyRMSD=n/a;contactSpec=n/a;clashPen=n/a;enrichSets=1;enrichActive=7;enrichDecoy=88;enrichAUC=0.657;enrichMargin=-0.906 | case=4rzd-preq1-riboswitch;rank=1;top=mode:1;decoys=0;margin=n/a;topRMSD=0.000;bestDecoyRMSD=n/a;contactSpec=n/a;clashPen=n/a;enrichSets=1;enrichActive=5;enrichDecoy=74;enrichAUC=0.500;enrichMargin=0.000 | case=2gdi-tpp-riboswitch;rank=1;top=mode:1;decoys=0;margin=n/a;topRMSD=0.000;bestDecoyRMSD=n/a;contactSpec=n/a;clashPen=n/a;enrichSets=1;enrichActive=7;enrichDecoy=266;enrichAUC=0.633;enrichMargin=-14.664 | case=2ygh-sam-riboswitch;rank=1;top=mode:1;decoys=0;margin=n/a;topRMSD=0.000;bestDecoyRMSD=n/a;contactSpec=n/a;clashPen=n/a;enrichSets=1;enrichActive=3;enrichDecoy=238;enrichAUC=0.819;enrichMargin=-1.065 | case=3b4b-glms-riboswitch;rank=1;top=mode:1;decoys=0;margin=n/a;topRMSD=0.000;bestDecoyRMSD=n/a;contactSpec=n/a;clashPen=n/a;enrichSets=1;enrichActive=4;enrichDecoy=165;enrichAUC=0.750;enrichMargin=1.000 | case=2hoj-tpp-riboswitch;rank=1;top=mode:1;decoys=0;margin=n/a;topRMSD=0.000;bestDecoyRMSD=n/a;contactSpec=n/a;clashPen=n/a;enrichSets=2;enrichActive=14;enrichDecoy=532;enrichAUC=0.714;enrichMargin=2.000 | case=3sd3-thf-riboswitch;rank=1;top=mode:1;decoys=0;margin=n/a;topRMSD=0.000;bestDecoyRMSD=n/a;contactSpec=n/a;clashPen=n/a;enrichSets=0;enrichActive=0;enrichDecoy=0;enrichAUC=n/a;enrichMargin=n/a | case=5dhb-gmp-primer-template;rank=1;top=mode:1;decoys=0;margin=n/a;topRMSD=0.000;bestDecoyRMSD=n/a;contactSpec=n/a;clashPen=n/a;enrichSets=0;enrichActive=0;enrichDecoy=0;enrichAUC=n/a;enrichMargin=n/a | case=6c64-mango-ii-ekm;rank=1;top=mode:1;decoys=0;margin=n/a;topRMSD=0.000;bestDecoyRMSD=n/a;contactSpec=n/a;clashPen=n/a;enrichSets=0;enrichActive=0;enrichDecoy=0;enrichAUC=n/a;enrichMargin=n/a | case=5bjp-corn-dfho;rank=1;top=mode:1;decoys=0;margin=n/a;topRMSD=0.000;bestDecoyRMSD=n/a;contactSpec=n/a;clashPen=n/a;enrichSets=0;enrichActive=0;enrichDecoy=0;enrichAUC=n/a;enrichMargin=n/a | case=6wzs-ztp-riboswitch;rank=1;top=mode:1;decoys=0;margin=n/a;topRMSD=0.000;bestDecoyRMSD=n/a;contactSpec=n/a;clashPen=n/a;enrichSets=0;enrichActive=0;enrichDecoy=0;enrichAUC=n/a;enrichMargin=n/a | case=3irw-c-di-gmp-riboswitch;rank=1;top=mode:1;decoys=0;margin=n/a;topRMSD=0.000;bestDecoyRMSD=n/a;contactSpec=n/a;clashPen=n/a;enrichSets=0;enrichActive=0;enrichDecoy=0;enrichAUC=n/a;enrichMargin=n/a | case=4qlm-c-di-amp-riboswitch;rank=1;top=mode:1;decoys=0;margin=n/a;topRMSD=0.000;bestDecoyRMSD=n/a;contactSpec=n/a;clashPen=n/a;enrichSets=0;enrichActive=0;enrichDecoy=0;enrichAUC=n/a;enrichMargin=n/a | case=3d0u-lysine-riboswitch;rank=1;top=mode:1;decoys=0;margin=n/a;topRMSD=0.000;bestDecoyRMSD=n/a;contactSpec=n/a;clashPen=n/a;enrichSets=0;enrichActive=0;enrichDecoy=0;enrichAUC=n/a;enrichMargin=n/a | case=3oww-glycine-riboswitch;rank=1;top=mode:1;decoys=0;margin=n/a;topRMSD=0.000;bestDecoyRMSD=n/a;contactSpec=n/a;clashPen=n/a;enrichSets=0;enrichActive=0;enrichDecoy=0;enrichAUC=n/a;enrichMargin=n/a
-0.120000,-1.000000,-0.500000,-0.100000,2.519681,0.725,-0.422,8,41,1423,1.000000,3.874184,0.562,0.000,0.000,8.224,26.590268,0.000000,0.000000,2.157895,1.000000,case=t6-thrombin-vina;rank=1;top=mode:1;decoys=0;margin=n/a;topRMSD=0.000;bestDecoyRMSD=n/a;contactSpec=n/a;clashPen=n/a;enrichSets=0;enrichActive=0;enrichDecoy=0;enrichAUC=n/a;enrichMargin=n/a | case=4q9r-spinach-2zy;rank=1;top=mode:1;decoys=10;margin=26.590;topRMSD=0.000;bestDecoyRMSD=8.224;contactSpec=0.000;clashPen=0.000;enrichSets=0;enrichActive=0;enrichDecoy=0;enrichAUC=n/a;enrichMargin=n/a | case=1fmn-fmn-riboswitch;rank=1;top=mode:1;decoys=0;margin=n/a;topRMSD=0.000;bestDecoyRMSD=n/a;contactSpec=n/a;clashPen=n/a;enrichSets=1;enrichActive=1;enrichDecoy=60;enrichAUC=1.000;enrichMargin=10.638 | case=1fmn-fmn-riboswitch-mg;rank=1;top=mode:1;decoys=0;margin=n/a;topRMSD=0.000;bestDecoyRMSD=n/a;contactSpec=n/a;clashPen=n/a;enrichSets=0;enrichActive=0;enrichDecoy=0;enrichAUC=n/a;enrichMargin=n/a | case=2g9c-purine-riboswitch;rank=1;top=mode:1;decoys=0;margin=n/a;topRMSD=0.000;bestDecoyRMSD=n/a;contactSpec=n/a;clashPen=n/a;enrichSets=1;enrichActive=7;enrichDecoy=88;enrichAUC=0.657;enrichMargin=-0.906 | case=4rzd-preq1-riboswitch;rank=1;top=mode:1;decoys=0;margin=n/a;topRMSD=0.000;bestDecoyRMSD=n/a;contactSpec=n/a;clashPen=n/a;enrichSets=1;enrichActive=5;enrichDecoy=74;enrichAUC=0.500;enrichMargin=0.000 | case=2gdi-tpp-riboswitch;rank=1;top=mode:1;decoys=0;margin=n/a;topRMSD=0.000;bestDecoyRMSD=n/a;contactSpec=n/a;clashPen=n/a;enrichSets=1;enrichActive=7;enrichDecoy=266;enrichAUC=0.633;enrichMargin=-14.656 | case=2ygh-sam-riboswitch;rank=1;top=mode:1;decoys=0;margin=n/a;topRMSD=0.000;bestDecoyRMSD=n/a;contactSpec=n/a;clashPen=n/a;enrichSets=1;enrichActive=3;enrichDecoy=238;enrichAUC=0.821;enrichMargin=-1.032 | case=3b4b-glms-riboswitch;rank=1;top=mode:1;decoys=0;margin=n/a;topRMSD=0.000;bestDecoyRMSD=n/a;contactSpec=n/a;clashPen=n/a;enrichSets=1;enrichActive=4;enrichDecoy=165;enrichAUC=0.750;enrichMargin=1.000 | case=2hoj-tpp-riboswitch;rank=1;top=mode:1;decoys=0;margin=n/a;topRMSD=0.000;bestDecoyRMSD=n/a;contactSpec=n/a;clashPen=n/a;enrichSets=2;enrichActive=14;enrichDecoy=532;enrichAUC=0.714;enrichMargin=2.000 | case=3sd3-thf-riboswitch;rank=1;top=mode:1;decoys=0;margin=n/a;topRMSD=0.000;bestDecoyRMSD=n/a;contactSpec=n/a;clashPen=n/a;enrichSets=0;enrichActive=0;enrichDecoy=0;enrichAUC=n/a;enrichMargin=n/a | case=5dhb-gmp-primer-template;rank=1;top=mode:1;decoys=0;margin=n/a;topRMSD=0.000;bestDecoyRMSD=n/a;contactSpec=n/a;clashPen=n/a;enrichSets=0;enrichActive=0;enrichDecoy=0;enrichAUC=n/a;enrichMargin=n/a | case=6c64-mango-ii-ekm;rank=1;top=mode:1;decoys=0;margin=n/a;topRMSD=0.000;bestDecoyRMSD=n/a;contactSpec=n/a;clashPen=n/a;enrichSets=0;enrichActive=0;enrichDecoy=0;enrichAUC=n/a;enrichMargin=n/a | case=5bjp-corn-dfho;rank=1;top=mode:1;decoys=0;margin=n/a;topRMSD=0.000;bestDecoyRMSD=n/a;contactSpec=n/a;clashPen=n/a;enrichSets=0;enrichActive=0;enrichDecoy=0;enrichAUC=n/a;enrichMargin=n/a | case=6wzs-ztp-riboswitch;rank=1;top=mode:1;decoys=0;margin=n/a;topRMSD=0.000;bestDecoyRMSD=n/a;contactSpec=n/a;clashPen=n/a;enrichSets=0;enrichActive=0;enrichDecoy=0;enrichAUC=n/a;enrichMargin=n/a | case=3irw-c-di-gmp-riboswitch;rank=1;top=mode:1;decoys=0;margin=n/a;topRMSD=0.000;bestDecoyRMSD=n/a;contactSpec=n/a;clashPen=n/a;enrichSets=0;enrichActive=0;enrichDecoy=0;enrichAUC=n/a;enrichMargin=n/a | case=4qlm-c-di-amp-riboswitch;rank=1;top=mode:1;decoys=0;margin=n/a;topRMSD=0.000;bestDecoyRMSD=n/a;contactSpec=n/a;clashPen=n/a;enrichSets=0;enrichActive=0;enrichDecoy=0;enrichAUC=n/a;enrichMargin=n/a | case=3d0u-lysine-riboswitch;rank=1;top=mode:1;decoys=0;margin=n/a;topRMSD=0.000;bestDecoyRMSD=n/a;contactSpec=n/a;clashPen=n/a;enrichSets=0;enrichActive=0;enrichDecoy=0;enrichAUC=n/a;enrichMargin=n/a | case=3oww-glycine-riboswitch;rank=1;top=mode:1;decoys=0;margin=n/a;topRMSD=0.000;bestDecoyRMSD=n/a;contactSpec=n/a;clashPen=n/a;enrichSets=0;enrichActive=0;enrichDecoy=0;enrichAUC=n/a;enrichMargin=n/a
-0.120000,-1.000000,-0.500000,-0.220000,2.519681,0.725,-0.422,8,41,1423,1.000000,3.874184,0.562,0.000,0.000,8.224,26.590268,0.000000,0.000000,2.157895,1.000000,case=t6-thrombin-vina;rank=1;top=mode:1;decoys=0;margin=n/a;topRMSD=0.000;bestDecoyRMSD=n/a;contactSpec=n/a;clashPen=n/a;enrichSets=0;enrichActive=0;enrichDecoy=0;enrichAUC=n/a;enrichMargin=n/a | case=4q9r-spinach-2zy;rank=1;top=mode:1;decoys=10;margin=26.590;topRMSD=0.000;bestDecoyRMSD=8.224;contactSpec=0.000;clashPen=0.000;enrichSets=0;enrichActive=0;enrichDecoy=0;enrichAUC=n/a;enrichMargin=n/a | case=1fmn-fmn-riboswitch;rank=1;top=mode:1;decoys=0;margin=n/a;topRMSD=0.000;bestDecoyRMSD=n/a;contactSpec=n/a;clashPen=n/a;enrichSets=1;enrichActive=1;enrichDecoy=60;enrichAUC=1.000;enrichMargin=10.638 | case=1fmn-fmn-riboswitch-mg;rank=1;top=mode:1;decoys=0;margin=n/a;topRMSD=0.000;bestDecoyRMSD=n/a;contactSpec=n/a;clashPen=n/a;enrichSets=0;enrichActive=0;enrichDecoy=0;enrichAUC=n/a;enrichMargin=n/a | case=2g9c-purine-riboswitch;rank=1;top=mode:1;decoys=0;margin=n/a;topRMSD=0.000;bestDecoyRMSD=n/a;contactSpec=n/a;clashPen=n/a;enrichSets=1;enrichActive=7;enrichDecoy=88;enrichAUC=0.657;enrichMargin=-0.906 | case=4rzd-preq1-riboswitch;rank=1;top=mode:1;decoys=0;margin=n/a;topRMSD=0.000;bestDecoyRMSD=n/a;contactSpec=n/a;clashPen=n/a;enrichSets=1;enrichActive=5;enrichDecoy=74;enrichAUC=0.500;enrichMargin=0.000 | case=2gdi-tpp-riboswitch;rank=1;top=mode:1;decoys=0;margin=n/a;topRMSD=0.000;bestDecoyRMSD=n/a;contactSpec=n/a;clashPen=n/a;enrichSets=1;enrichActive=7;enrichDecoy=266;enrichAUC=0.633;enrichMargin=-14.656 | case=2ygh-sam-riboswitch;rank=1;top=mode:1;decoys=0;margin=n/a;topRMSD=0.000;bestDecoyRMSD=n/a;contactSpec=n/a;clashPen=n/a;enrichSets=1;enrichActive=3;enrichDecoy=238;enrichAUC=0.821;enrichMargin=-1.032 | case=3b4b-glms-riboswitch;rank=1;top=mode:1;decoys=0;margin=n/a;topRMSD=0.000;bestDecoyRMSD=n/a;contactSpec=n/a;clashPen=n/a;enrichSets=1;enrichActive=4;enrichDecoy=165;enrichAUC=0.750;enrichMargin=1.000 | case=2hoj-tpp-riboswitch;rank=1;top=mode:1;decoys=0;margin=n/a;topRMSD=0.000;bestDecoyRMSD=n/a;contactSpec=n/a;clashPen=n/a;enrichSets=2;enrichActive=14;enrichDecoy=532;enrichAUC=0.714;enrichMargin=2.000 | case=3sd3-thf-riboswitch;rank=1;top=mode:1;decoys=0;margin=n/a;topRMSD=0.000;bestDecoyRMSD=n/a;contactSpec=n/a;clashPen=n/a;enrichSets=0;enrichActive=0;enrichDecoy=0;enrichAUC=n/a;enrichMargin=n/a | case=5dhb-gmp-primer-template;rank=1;top=mode:1;decoys=0;margin=n/a;topRMSD=0.000;bestDecoyRMSD=n/a;contactSpec=n/a;clashPen=n/a;enrichSets=0;enrichActive=0;enrichDecoy=0;enrichAUC=n/a;enrichMargin=n/a | case=6c64-mango-ii-ekm;rank=1;top=mode:1;decoys=0;margin=n/a;topRMSD=0.000;bestDecoyRMSD=n/a;contactSpec=n/a;clashPen=n/a;enrichSets=0;enrichActive=0;enrichDecoy=0;enrichAUC=n/a;enrichMargin=n/a | case=5bjp-corn-dfho;rank=1;top=mode:1;decoys=0;margin=n/a;topRMSD=0.000;bestDecoyRMSD=n/a;contactSpec=n/a;clashPen=n/a;enrichSets=0;enrichActive=0;enrichDecoy=0;enrichAUC=n/a;enrichMargin=n/a | case=6wzs-ztp-riboswitch;rank=1;top=mode:1;decoys=0;margin=n/a;topRMSD=0.000;bestDecoyRMSD=n/a;contactSpec=n/a;clashPen=n/a;enrichSets=0;enrichActive=0;enrichDecoy=0;enrichAUC=n/a;enrichMargin=n/a | case=3irw-c-di-gmp-riboswitch;rank=1;top=mode:1;decoys=0;margin=n/a;topRMSD=0.000;bestDecoyRMSD=n/a;contactSpec=n/a;clashPen=n/a;enrichSets=0;enrichActive=0;enrichDecoy=0;enrichAUC=n/a;enrichMargin=n/a | case=4qlm-c-di-amp-riboswitch;rank=1;top=mode:1;decoys=0;margin=n/a;topRMSD=0.000;bestDecoyRMSD=n/a;contactSpec=n/a;clashPen=n/a;enrichSets=0;enrichActive=0;enrichDecoy=0;enrichAUC=n/a;enrichMargin=n/a | case=3d0u-lysine-riboswitch;rank=1;top=mode:1;decoys=0;margin=n/a;topRMSD=0.000;bestDecoyRMSD=n/a;contactSpec=n/a;clashPen=n/a;enrichSets=0;enrichActive=0;enrichDecoy=0;enrichAUC=n/a;enrichMargin=n/a | case=3oww-glycine-riboswitch;rank=1;top=mode:1;decoys=0;margin=n/a;topRMSD=0.000;bestDecoyRMSD=n/a;contactSpec=n/a;clashPen=n/a;enrichSets=0;enrichActive=0;enrichDecoy=0;enrichAUC=n/a;enrichMargin=n/a
-0.120000,-1.000000,-0.500000,-0.350000,2.519681,0.725,-0.422,8,41,1423,1.000000,3.874184,0.562,0.000,0.000,8.224,26.590268,0.000000,0.000000,2.157895,1.000000,case=t6-thrombin-vina;rank=1;top=mode:1;decoys=0;margin=n/a;topRMSD=0.000;bestDecoyRMSD=n/a;contactSpec=n/a;clashPen=n/a;enrichSets=0;enrichActive=0;enrichDecoy=0;enrichAUC=n/a;enrichMargin=n/a | case=4q9r-spinach-2zy;rank=1;top=mode:1;decoys=10;margin=26.590;topRMSD=0.000;bestDecoyRMSD=8.224;contactSpec=0.000;clashPen=0.000;enrichSets=0;enrichActive=0;enrichDecoy=0;enrichAUC=n/a;enrichMargin=n/a | case=1fmn-fmn-riboswitch;rank=1;top=mode:1;decoys=0;margin=n/a;topRMSD=0.000;bestDecoyRMSD=n/a;contactSpec=n/a;clashPen=n/a;enrichSets=1;enrichActive=1;enrichDecoy=60;enrichAUC=1.000;enrichMargin=10.638 | case=1fmn-fmn-riboswitch-mg;rank=1;top=mode:1;decoys=0;margin=n/a;topRMSD=0.000;bestDecoyRMSD=n/a;contactSpec=n/a;clashPen=n/a;enrichSets=0;enrichActive=0;enrichDecoy=0;enrichAUC=n/a;enrichMargin=n/a | case=2g9c-purine-riboswitch;rank=1;top=mode:1;decoys=0;margin=n/a;topRMSD=0.000;bestDecoyRMSD=n/a;contactSpec=n/a;clashPen=n/a;enrichSets=1;enrichActive=7;enrichDecoy=88;enrichAUC=0.657;enrichMargin=-0.906 | case=4rzd-preq1-riboswitch;rank=1;top=mode:1;decoys=0;margin=n/a;topRMSD=0.000;bestDecoyRMSD=n/a;contactSpec=n/a;clashPen=n/a;enrichSets=1;enrichActive=5;enrichDecoy=74;enrichAUC=0.500;enrichMargin=0.000 | case=2gdi-tpp-riboswitch;rank=1;top=mode:1;decoys=0;margin=n/a;topRMSD=0.000;bestDecoyRMSD=n/a;contactSpec=n/a;clashPen=n/a;enrichSets=1;enrichActive=7;enrichDecoy=266;enrichAUC=0.633;enrichMargin=-14.656 | case=2ygh-sam-riboswitch;rank=1;top=mode:1;decoys=0;margin=n/a;topRMSD=0.000;bestDecoyRMSD=n/a;contactSpec=n/a;clashPen=n/a;enrichSets=1;enrichActive=3;enrichDecoy=238;enrichAUC=0.821;enrichMargin=-1.032 | case=3b4b-glms-riboswitch;rank=1;top=mode:1;decoys=0;margin=n/a;topRMSD=0.000;bestDecoyRMSD=n/a;contactSpec=n/a;clashPen=n/a;enrichSets=1;enrichActive=4;enrichDecoy=165;enrichAUC=0.750;enrichMargin=1.000 | case=2hoj-tpp-riboswitch;rank=1;top=mode:1;decoys=0;margin=n/a;topRMSD=0.000;bestDecoyRMSD=n/a;contactSpec=n/a;clashPen=n/a;enrichSets=2;enrichActive=14;enrichDecoy=532;enrichAUC=0.714;enrichMargin=2.000 | case=3sd3-thf-riboswitch;rank=1;top=mode:1;decoys=0;margin=n/a;topRMSD=0.000;bestDecoyRMSD=n/a;contactSpec=n/a;clashPen=n/a;enrichSets=0;enrichActive=0;enrichDecoy=0;enrichAUC=n/a;enrichMargin=n/a | case=5dhb-gmp-primer-template;rank=1;top=mode:1;decoys=0;margin=n/a;topRMSD=0.000;bestDecoyRMSD=n/a;contactSpec=n/a;clashPen=n/a;enrichSets=0;enrichActive=0;enrichDecoy=0;enrichAUC=n/a;enrichMargin=n/a | case=6c64-mango-ii-ekm;rank=1;top=mode:1;decoys=0;margin=n/a;topRMSD=0.000;bestDecoyRMSD=n/a;contactSpec=n/a;clashPen=n/a;enrichSets=0;enrichActive=0;enrichDecoy=0;enrichAUC=n/a;enrichMargin=n/a | case=5bjp-corn-dfho;rank=1;top=mode:1;decoys=0;margin=n/a;topRMSD=0.000;bestDecoyRMSD=n/a;contactSpec=n/a;clashPen=n/a;enrichSets=0;enrichActive=0;enrichDecoy=0;enrichAUC=n/a;enrichMargin=n/a | case=6wzs-ztp-riboswitch;rank=1;top=mode:1;decoys=0;margin=n/a;topRMSD=0.000;bestDecoyRMSD=n/a;contactSpec=n/a;clashPen=n/a;enrichSets=0;enrichActive=0;enrichDecoy=0;enrichAUC=n/a;enrichMargin=n/a | case=3irw-c-di-gmp-riboswitch;rank=1;top=mode:1;decoys=0;margin=n/a;topRMSD=0.000;bestDecoyRMSD=n/a;contactSpec=n/a;clashPen=n/a;enrichSets=0;enrichActive=0;enrichDecoy=0;enrichAUC=n/a;enrichMargin=n/a | case=4qlm-c-di-amp-riboswitch;rank=1;top=mode:1;decoys=0;margin=n/a;topRMSD=0.000;bestDecoyRMSD=n/a;contactSpec=n/a;clashPen=n/a;enrichSets=0;enrichActive=0;enrichDecoy=0;enrichAUC=n/a;enrichMargin=n/a | case=3d0u-lysine-riboswitch;rank=1;top=mode:1;decoys=0;margin=n/a;topRMSD=0.000;bestDecoyRMSD=n/a;contactSpec=n/a;clashPen=n/a;enrichSets=0;enrichActive=0;enrichDecoy=0;enrichAUC=n/a;enrichMargin=n/a | case=3oww-glycine-riboswitch;rank=1;top=mode:1;decoys=0;margin=n/a;topRMSD=0.000;bestDecoyRMSD=n/a;contactSpec=n/a;clashPen=n/a;enrichSets=0;enrichActive=0;enrichDecoy=0;enrichAUC=n/a;enrichMargin=n/a
-0.320000,-1.000000,-0.350000,-0.100000,2.523267,0.726,-0.426,8,41,1423,1.000000,3.881492,0.562,0.000,0.000,8.224,26.605320,0.000000,0.000000,2.157895,1.000000,case=t6-thrombin-vina;rank=1;top=mode:1;decoys=0;margin=n/a;topRMSD=0.000;bestDecoyRMSD=n/a;contactSpec=n/a;clashPen=n/a;enrichSets=0;enrichActive=0;enrichDecoy=0;enrichAUC=n/a;enrichMargin=n/a | case=4q9r-spinach-2zy;rank=1;top=mode:1;decoys=10;margin=26.605;topRMSD=0.000;bestDecoyRMSD=8.224;contactSpec=0.000;clashPen=0.000;enrichSets=0;enrichActive=0;enrichDecoy=0;enrichAUC=n/a;enrichMargin=n/a | case=1fmn-fmn-riboswitch;rank=1;top=mode:1;decoys=0;margin=n/a;topRMSD=0.000;bestDecoyRMSD=n/a;contactSpec=n/a;clashPen=n/a;enrichSets=1;enrichActive=1;enrichDecoy=60;enrichAUC=1.000;enrichMargin=10.773 | case=1fmn-fmn-riboswitch-mg;rank=1;top=mode:1;decoys=0;margin=n/a;topRMSD=0.000;bestDecoyRMSD=n/a;contactSpec=n/a;clashPen=n/a;enrichSets=0;enrichActive=0;enrichDecoy=0;enrichAUC=n/a;enrichMargin=n/a | case=2g9c-purine-riboswitch;rank=1;top=mode:1;decoys=0;margin=n/a;topRMSD=0.000;bestDecoyRMSD=n/a;contactSpec=n/a;clashPen=n/a;enrichSets=1;enrichActive=7;enrichDecoy=88;enrichAUC=0.661;enrichMargin=-0.905 | case=4rzd-preq1-riboswitch;rank=1;top=mode:1;decoys=0;margin=n/a;topRMSD=0.000;bestDecoyRMSD=n/a;contactSpec=n/a;clashPen=n/a;enrichSets=1;enrichActive=5;enrichDecoy=74;enrichAUC=0.500;enrichMargin=0.000 | case=2gdi-tpp-riboswitch;rank=1;top=mode:1;decoys=0;margin=n/a;topRMSD=0.000;bestDecoyRMSD=n/a;contactSpec=n/a;clashPen=n/a;enrichSets=1;enrichActive=7;enrichDecoy=266;enrichAUC=0.636;enrichMargin=-14.684 | case=2ygh-sam-riboswitch;rank=1;top=mode:1;decoys=0;margin=n/a;topRMSD=0.000;bestDecoyRMSD=n/a;contactSpec=n/a;clashPen=n/a;enrichSets=1;enrichActive=3;enrichDecoy=238;enrichAUC=0.819;enrichMargin=-1.165 | case=3b4b-glms-riboswitch;rank=1;top=mode:1;decoys=0;margin=n/a;topRMSD=0.000;bestDecoyRMSD=n/a;contactSpec=n/a;clashPen=n/a;enrichSets=1;enrichActive=4;enrichDecoy=165;enrichAUC=0.750;enrichMargin=1.000 | case=2hoj-tpp-riboswitch;rank=1;top=mode:1;decoys=0;margin=n/a;topRMSD=0.000;bestDecoyRMSD=n/a;contactSpec=n/a;clashPen=n/a;enrichSets=2;enrichActive=14;enrichDecoy=532;enrichAUC=0.714;enrichMargin=2.000 | case=3sd3-thf-riboswitch;rank=1;top=mode:1;decoys=0;margin=n/a;topRMSD=0.000;bestDecoyRMSD=n/a;contactSpec=n/a;clashPen=n/a;enrichSets=0;enrichActive=0;enrichDecoy=0;enrichAUC=n/a;enrichMargin=n/a | case=5dhb-gmp-primer-template;rank=1;top=mode:1;decoys=0;margin=n/a;topRMSD=0.000;bestDecoyRMSD=n/a;contactSpec=n/a;clashPen=n/a;enrichSets=0;enrichActive=0;enrichDecoy=0;enrichAUC=n/a;enrichMargin=n/a | case=6c64-mango-ii-ekm;rank=1;top=mode:1;decoys=0;margin=n/a;topRMSD=0.000;bestDecoyRMSD=n/a;contactSpec=n/a;clashPen=n/a;enrichSets=0;enrichActive=0;enrichDecoy=0;enrichAUC=n/a;enrichMargin=n/a | case=5bjp-corn-dfho;rank=1;top=mode:1;decoys=0;margin=n/a;topRMSD=0.000;bestDecoyRMSD=n/a;contactSpec=n/a;clashPen=n/a;enrichSets=0;enrichActive=0;enrichDecoy=0;enrichAUC=n/a;enrichMargin=n/a | case=6wzs-ztp-riboswitch;rank=1;top=mode:1;decoys=0;margin=n/a;topRMSD=0.000;bestDecoyRMSD=n/a;contactSpec=n/a;clashPen=n/a;enrichSets=0;enrichActive=0;enrichDecoy=0;enrichAUC=n/a;enrichMargin=n/a | case=3irw-c-di-gmp-riboswitch;rank=1;top=mode:1;decoys=0;margin=n/a;topRMSD=0.000;bestDecoyRMSD=n/a;contactSpec=n/a;clashPen=n/a;enrichSets=0;enrichActive=0;enrichDecoy=0;enrichAUC=n/a;enrichMargin=n/a | case=4qlm-c-di-amp-riboswitch;rank=1;top=mode:1;decoys=0;margin=n/a;topRMSD=0.000;bestDecoyRMSD=n/a;contactSpec=n/a;clashPen=n/a;enrichSets=0;enrichActive=0;enrichDecoy=0;enrichAUC=n/a;enrichMargin=n/a | case=3d0u-lysine-riboswitch;rank=1;top=mode:1;decoys=0;margin=n/a;topRMSD=0.000;bestDecoyRMSD=n/a;contactSpec=n/a;clashPen=n/a;enrichSets=0;enrichActive=0;enrichDecoy=0;enrichAUC=n/a;enrichMargin=n/a | case=3oww-glycine-riboswitch;rank=1;top=mode:1;decoys=0;margin=n/a;topRMSD=0.000;bestDecoyRMSD=n/a;contactSpec=n/a;clashPen=n/a;enrichSets=0;enrichActive=0;enrichDecoy=0;enrichAUC=n/a;enrichMargin=n/a
-0.320000,-1.000000,-0.350000,-0.220000,2.523267,0.726,-0.426,8,41,1423,1.000000,3.881492,0.562,0.000,0.000,8.224,26.605320,0.000000,0.000000,2.157895,1.000000,case=t6-thrombin-vina;rank=1;top=mode:1;decoys=0;margin=n/a;topRMSD=0.000;bestDecoyRMSD=n/a;contactSpec=n/a;clashPen=n/a;enrichSets=0;enrichActive=0;enrichDecoy=0;enrichAUC=n/a;enrichMargin=n/a | case=4q9r-spinach-2zy;rank=1;top=mode:1;decoys=10;margin=26.605;topRMSD=0.000;bestDecoyRMSD=8.224;contactSpec=0.000;clashPen=0.000;enrichSets=0;enrichActive=0;enrichDecoy=0;enrichAUC=n/a;enrichMargin=n/a | case=1fmn-fmn-riboswitch;rank=1;top=mode:1;decoys=0;margin=n/a;topRMSD=0.000;bestDecoyRMSD=n/a;contactSpec=n/a;clashPen=n/a;enrichSets=1;enrichActive=1;enrichDecoy=60;enrichAUC=1.000;enrichMargin=10.773 | case=1fmn-fmn-riboswitch-mg;rank=1;top=mode:1;decoys=0;margin=n/a;topRMSD=0.000;bestDecoyRMSD=n/a;contactSpec=n/a;clashPen=n/a;enrichSets=0;enrichActive=0;enrichDecoy=0;enrichAUC=n/a;enrichMargin=n/a | case=2g9c-purine-riboswitch;rank=1;top=mode:1;decoys=0;margin=n/a;topRMSD=0.000;bestDecoyRMSD=n/a;contactSpec=n/a;clashPen=n/a;enrichSets=1;enrichActive=7;enrichDecoy=88;enrichAUC=0.661;enrichMargin=-0.905 | case=4rzd-preq1-riboswitch;rank=1;top=mode:1;decoys=0;margin=n/a;topRMSD=0.000;bestDecoyRMSD=n/a;contactSpec=n/a;clashPen=n/a;enrichSets=1;enrichActive=5;enrichDecoy=74;enrichAUC=0.500;enrichMargin=0.000 | case=2gdi-tpp-riboswitch;rank=1;top=mode:1;decoys=0;margin=n/a;topRMSD=0.000;bestDecoyRMSD=n/a;contactSpec=n/a;clashPen=n/a;enrichSets=1;enrichActive=7;enrichDecoy=266;enrichAUC=0.636;enrichMargin=-14.684 | case=2ygh-sam-riboswitch;rank=1;top=mode:1;decoys=0;margin=n/a;topRMSD=0.000;bestDecoyRMSD=n/a;contactSpec=n/a;clashPen=n/a;enrichSets=1;enrichActive=3;enrichDecoy=238;enrichAUC=0.819;enrichMargin=-1.165 | case=3b4b-glms-riboswitch;rank=1;top=mode:1;decoys=0;margin=n/a;topRMSD=0.000;bestDecoyRMSD=n/a;contactSpec=n/a;clashPen=n/a;enrichSets=1;enrichActive=4;enrichDecoy=165;enrichAUC=0.750;enrichMargin=1.000 | case=2hoj-tpp-riboswitch;rank=1;top=mode:1;decoys=0;margin=n/a;topRMSD=0.000;bestDecoyRMSD=n/a;contactSpec=n/a;clashPen=n/a;enrichSets=2;enrichActive=14;enrichDecoy=532;enrichAUC=0.714;enrichMargin=2.000 | case=3sd3-thf-riboswitch;rank=1;top=mode:1;decoys=0;margin=n/a;topRMSD=0.000;bestDecoyRMSD=n/a;contactSpec=n/a;clashPen=n/a;enrichSets=0;enrichActive=0;enrichDecoy=0;enrichAUC=n/a;enrichMargin=n/a | case=5dhb-gmp-primer-template;rank=1;top=mode:1;decoys=0;margin=n/a;topRMSD=0.000;bestDecoyRMSD=n/a;contactSpec=n/a;clashPen=n/a;enrichSets=0;enrichActive=0;enrichDecoy=0;enrichAUC=n/a;enrichMargin=n/a | case=6c64-mango-ii-ekm;rank=1;top=mode:1;decoys=0;margin=n/a;topRMSD=0.000;bestDecoyRMSD=n/a;contactSpec=n/a;clashPen=n/a;enrichSets=0;enrichActive=0;enrichDecoy=0;enrichAUC=n/a;enrichMargin=n/a | case=5bjp-corn-dfho;rank=1;top=mode:1;decoys=0;margin=n/a;topRMSD=0.000;bestDecoyRMSD=n/a;contactSpec=n/a;clashPen=n/a;enrichSets=0;enrichActive=0;enrichDecoy=0;enrichAUC=n/a;enrichMargin=n/a | case=6wzs-ztp-riboswitch;rank=1;top=mode:1;decoys=0;margin=n/a;topRMSD=0.000;bestDecoyRMSD=n/a;contactSpec=n/a;clashPen=n/a;enrichSets=0;enrichActive=0;enrichDecoy=0;enrichAUC=n/a;enrichMargin=n/a | case=3irw-c-di-gmp-riboswitch;rank=1;top=mode:1;decoys=0;margin=n/a;topRMSD=0.000;bestDecoyRMSD=n/a;contactSpec=n/a;clashPen=n/a;enrichSets=0;enrichActive=0;enrichDecoy=0;enrichAUC=n/a;enrichMargin=n/a | case=4qlm-c-di-amp-riboswitch;rank=1;top=mode:1;decoys=0;margin=n/a;topRMSD=0.000;bestDecoyRMSD=n/a;contactSpec=n/a;clashPen=n/a;enrichSets=0;enrichActive=0;enrichDecoy=0;enrichAUC=n/a;enrichMargin=n/a | case=3d0u-lysine-riboswitch;rank=1;top=mode:1;decoys=0;margin=n/a;topRMSD=0.000;bestDecoyRMSD=n/a;contactSpec=n/a;clashPen=n/a;enrichSets=0;enrichActive=0;enrichDecoy=0;enrichAUC=n/a;enrichMargin=n/a | case=3oww-glycine-riboswitch;rank=1;top=mode:1;decoys=0;margin=n/a;topRMSD=0.000;bestDecoyRMSD=n/a;contactSpec=n/a;clashPen=n/a;enrichSets=0;enrichActive=0;enrichDecoy=0;enrichAUC=n/a;enrichMargin=n/a
-0.320000,-1.000000,-0.350000,-0.350000,2.523267,0.726,-0.426,8,41,1423,1.000000,3.881492,0.562,0.000,0.000,8.224,26.605320,0.000000,0.000000,2.157895,1.000000,case=t6-thrombin-vina;rank=1;top=mode:1;decoys=0;margin=n/a;topRMSD=0.000;bestDecoyRMSD=n/a;contactSpec=n/a;clashPen=n/a;enrichSets=0;enrichActive=0;enrichDecoy=0;enrichAUC=n/a;enrichMargin=n/a | case=4q9r-spinach-2zy;rank=1;top=mode:1;decoys=10;margin=26.605;topRMSD=0.000;bestDecoyRMSD=8.224;contactSpec=0.000;clashPen=0.000;enrichSets=0;enrichActive=0;enrichDecoy=0;enrichAUC=n/a;enrichMargin=n/a | case=1fmn-fmn-riboswitch;rank=1;top=mode:1;decoys=0;margin=n/a;topRMSD=0.000;bestDecoyRMSD=n/a;contactSpec=n/a;clashPen=n/a;enrichSets=1;enrichActive=1;enrichDecoy=60;enrichAUC=1.000;enrichMargin=10.773 | case=1fmn-fmn-riboswitch-mg;rank=1;top=mode:1;decoys=0;margin=n/a;topRMSD=0.000;bestDecoyRMSD=n/a;contactSpec=n/a;clashPen=n/a;enrichSets=0;enrichActive=0;enrichDecoy=0;enrichAUC=n/a;enrichMargin=n/a | case=2g9c-purine-riboswitch;rank=1;top=mode:1;decoys=0;margin=n/a;topRMSD=0.000;bestDecoyRMSD=n/a;contactSpec=n/a;clashPen=n/a;enrichSets=1;enrichActive=7;enrichDecoy=88;enrichAUC=0.661;enrichMargin=-0.905 | case=4rzd-preq1-riboswitch;rank=1;top=mode:1;decoys=0;margin=n/a;topRMSD=0.000;bestDecoyRMSD=n/a;contactSpec=n/a;clashPen=n/a;enrichSets=1;enrichActive=5;enrichDecoy=74;enrichAUC=0.500;enrichMargin=0.000 | case=2gdi-tpp-riboswitch;rank=1;top=mode:1;decoys=0;margin=n/a;topRMSD=0.000;bestDecoyRMSD=n/a;contactSpec=n/a;clashPen=n/a;enrichSets=1;enrichActive=7;enrichDecoy=266;enrichAUC=0.636;enrichMargin=-14.684 | case=2ygh-sam-riboswitch;rank=1;top=mode:1;decoys=0;margin=n/a;topRMSD=0.000;bestDecoyRMSD=n/a;contactSpec=n/a;clashPen=n/a;enrichSets=1;enrichActive=3;enrichDecoy=238;enrichAUC=0.819;enrichMargin=-1.165 | case=3b4b-glms-riboswitch;rank=1;top=mode:1;decoys=0;margin=n/a;topRMSD=0.000;bestDecoyRMSD=n/a;contactSpec=n/a;clashPen=n/a;enrichSets=1;enrichActive=4;enrichDecoy=165;enrichAUC=0.750;enrichMargin=1.000 | case=2hoj-tpp-riboswitch;rank=1;top=mode:1;decoys=0;margin=n/a;topRMSD=0.000;bestDecoyRMSD=n/a;contactSpec=n/a;clashPen=n/a;enrichSets=2;enrichActive=14;enrichDecoy=532;enrichAUC=0.714;enrichMargin=2.000 | case=3sd3-thf-riboswitch;rank=1;top=mode:1;decoys=0;margin=n/a;topRMSD=0.000;bestDecoyRMSD=n/a;contactSpec=n/a;clashPen=n/a;enrichSets=0;enrichActive=0;enrichDecoy=0;enrichAUC=n/a;enrichMargin=n/a | case=5dhb-gmp-primer-template;rank=1;top=mode:1;decoys=0;margin=n/a;topRMSD=0.000;bestDecoyRMSD=n/a;contactSpec=n/a;clashPen=n/a;enrichSets=0;enrichActive=0;enrichDecoy=0;enrichAUC=n/a;enrichMargin=n/a | case=6c64-mango-ii-ekm;rank=1;top=mode:1;decoys=0;margin=n/a;topRMSD=0.000;bestDecoyRMSD=n/a;contactSpec=n/a;clashPen=n/a;enrichSets=0;enrichActive=0;enrichDecoy=0;enrichAUC=n/a;enrichMargin=n/a | case=5bjp-corn-dfho;rank=1;top=mode:1;decoys=0;margin=n/a;topRMSD=0.000;bestDecoyRMSD=n/a;contactSpec=n/a;clashPen=n/a;enrichSets=0;enrichActive=0;enrichDecoy=0;enrichAUC=n/a;enrichMargin=n/a | case=6wzs-ztp-riboswitch;rank=1;top=mode:1;decoys=0;margin=n/a;topRMSD=0.000;bestDecoyRMSD=n/a;contactSpec=n/a;clashPen=n/a;enrichSets=0;enrichActive=0;enrichDecoy=0;enrichAUC=n/a;enrichMargin=n/a | case=3irw-c-di-gmp-riboswitch;rank=1;top=mode:1;decoys=0;margin=n/a;topRMSD=0.000;bestDecoyRMSD=n/a;contactSpec=n/a;clashPen=n/a;enrichSets=0;enrichActive=0;enrichDecoy=0;enrichAUC=n/a;enrichMargin=n/a | case=4qlm-c-di-amp-riboswitch;rank=1;top=mode:1;decoys=0;margin=n/a;topRMSD=0.000;bestDecoyRMSD=n/a;contactSpec=n/a;clashPen=n/a;enrichSets=0;enrichActive=0;enrichDecoy=0;enrichAUC=n/a;enrichMargin=n/a | case=3d0u-lysine-riboswitch;rank=1;top=mode:1;decoys=0;margin=n/a;topRMSD=0.000;bestDecoyRMSD=n/a;contactSpec=n/a;clashPen=n/a;enrichSets=0;enrichActive=0;enrichDecoy=0;enrichAUC=n/a;enrichMargin=n/a | case=3oww-glycine-riboswitch;rank=1;top=mode:1;decoys=0;margin=n/a;topRMSD=0.000;bestDecoyRMSD=n/a;contactSpec=n/a;clashPen=n/a;enrichSets=0;enrichActive=0;enrichDecoy=0;enrichAUC=n/a;enrichMargin=n/a
-0.080000,-1.000000,-0.500000,-0.100000,2.525585,0.724,-0.428,8,41,1423,1.000000,3.876561,0.562,0.000,0.000,8.224,26.590278,0.000000,0.000000,2.157895,1.000000,case=t6-thrombin-vina;rank=1;top=mode:1;decoys=0;margin=n/a;topRMSD=0.000;bestDecoyRMSD=n/a;contactSpec=n/a;clashPen=n/a;enrichSets=0;enrichActive=0;enrichDecoy=0;enrichAUC=n/a;enrichMargin=n/a | case=4q9r-spinach-2zy;rank=1;top=mode:1;decoys=10;margin=26.590;topRMSD=0.000;bestDecoyRMSD=8.224;contactSpec=0.000;clashPen=0.000;enrichSets=0;enrichActive=0;enrichDecoy=0;enrichAUC=n/a;enrichMargin=n/a | case=1fmn-fmn-riboswitch;rank=1;top=mode:1;decoys=0;margin=n/a;topRMSD=0.000;bestDecoyRMSD=n/a;contactSpec=n/a;clashPen=n/a;enrichSets=1;enrichActive=1;enrichDecoy=60;enrichAUC=1.000;enrichMargin=10.568 | case=1fmn-fmn-riboswitch-mg;rank=1;top=mode:1;decoys=0;margin=n/a;topRMSD=0.000;bestDecoyRMSD=n/a;contactSpec=n/a;clashPen=n/a;enrichSets=0;enrichActive=0;enrichDecoy=0;enrichAUC=n/a;enrichMargin=n/a | case=2g9c-purine-riboswitch;rank=1;top=mode:1;decoys=0;margin=n/a;topRMSD=0.000;bestDecoyRMSD=n/a;contactSpec=n/a;clashPen=n/a;enrichSets=1;enrichActive=7;enrichDecoy=88;enrichAUC=0.656;enrichMargin=-0.906 | case=4rzd-preq1-riboswitch;rank=1;top=mode:1;decoys=0;margin=n/a;topRMSD=0.000;bestDecoyRMSD=n/a;contactSpec=n/a;clashPen=n/a;enrichSets=1;enrichActive=5;enrichDecoy=74;enrichAUC=0.500;enrichMargin=0.000 | case=2gdi-tpp-riboswitch;rank=1;top=mode:1;decoys=0;margin=n/a;topRMSD=0.000;bestDecoyRMSD=n/a;contactSpec=n/a;clashPen=n/a;enrichSets=1;enrichActive=7;enrichDecoy=266;enrichAUC=0.631;enrichMargin=-14.651 | case=2ygh-sam-riboswitch;rank=1;top=mode:1;decoys=0;margin=n/a;topRMSD=0.000;bestDecoyRMSD=n/a;contactSpec=n/a;clashPen=n/a;enrichSets=1;enrichActive=3;enrichDecoy=238;enrichAUC=0.821;enrichMargin=-1.010 | case=3b4b-glms-riboswitch;rank=1;top=mode:1;decoys=0;margin=n/a;topRMSD=0.000;bestDecoyRMSD=n/a;contactSpec=n/a;clashPen=n/a;enrichSets=1;enrichActive=4;enrichDecoy=165;enrichAUC=0.750;enrichMargin=1.000 | case=2hoj-tpp-riboswitch;rank=1;top=mode:1;decoys=0;margin=n/a;topRMSD=0.000;bestDecoyRMSD=n/a;contactSpec=n/a;clashPen=n/a;enrichSets=2;enrichActive=14;enrichDecoy=532;enrichAUC=0.714;enrichMargin=2.000 | case=3sd3-thf-riboswitch;rank=1;top=mode:1;decoys=0;margin=n/a;topRMSD=0.000;bestDecoyRMSD=n/a;contactSpec=n/a;clashPen=n/a;enrichSets=0;enrichActive=0;enrichDecoy=0;enrichAUC=n/a;enrichMargin=n/a | case=5dhb-gmp-primer-template;rank=1;top=mode:1;decoys=0;margin=n/a;topRMSD=0.000;bestDecoyRMSD=n/a;contactSpec=n/a;clashPen=n/a;enrichSets=0;enrichActive=0;enrichDecoy=0;enrichAUC=n/a;enrichMargin=n/a | case=6c64-mango-ii-ekm;rank=1;top=mode:1;decoys=0;margin=n/a;topRMSD=0.000;bestDecoyRMSD=n/a;contactSpec=n/a;clashPen=n/a;enrichSets=0;enrichActive=0;enrichDecoy=0;enrichAUC=n/a;enrichMargin=n/a | case=5bjp-corn-dfho;rank=1;top=mode:1;decoys=0;margin=n/a;topRMSD=0.000;bestDecoyRMSD=n/a;contactSpec=n/a;clashPen=n/a;enrichSets=0;enrichActive=0;enrichDecoy=0;enrichAUC=n/a;enrichMargin=n/a | case=6wzs-ztp-riboswitch;rank=1;top=mode:1;decoys=0;margin=n/a;topRMSD=0.000;bestDecoyRMSD=n/a;contactSpec=n/a;clashPen=n/a;enrichSets=0;enrichActive=0;enrichDecoy=0;enrichAUC=n/a;enrichMargin=n/a | case=3irw-c-di-gmp-riboswitch;rank=1;top=mode:1;decoys=0;margin=n/a;topRMSD=0.000;bestDecoyRMSD=n/a;contactSpec=n/a;clashPen=n/a;enrichSets=0;enrichActive=0;enrichDecoy=0;enrichAUC=n/a;enrichMargin=n/a | case=4qlm-c-di-amp-riboswitch;rank=1;top=mode:1;decoys=0;margin=n/a;topRMSD=0.000;bestDecoyRMSD=n/a;contactSpec=n/a;clashPen=n/a;enrichSets=0;enrichActive=0;enrichDecoy=0;enrichAUC=n/a;enrichMargin=n/a | case=3d0u-lysine-riboswitch;rank=1;top=mode:1;decoys=0;margin=n/a;topRMSD=0.000;bestDecoyRMSD=n/a;contactSpec=n/a;clashPen=n/a;enrichSets=0;enrichActive=0;enrichDecoy=0;enrichAUC=n/a;enrichMargin=n/a | case=3oww-glycine-riboswitch;rank=1;top=mode:1;decoys=0;margin=n/a;topRMSD=0.000;bestDecoyRMSD=n/a;contactSpec=n/a;clashPen=n/a;enrichSets=0;enrichActive=0;enrichDecoy=0;enrichAUC=n/a;enrichMargin=n/a
-0.080000,-1.000000,-0.500000,-0.220000,2.525585,0.724,-0.428,8,41,1423,1.000000,3.876561,0.562,0.000,0.000,8.224,26.590278,0.000000,0.000000,2.157895,1.000000,case=t6-thrombin-vina;rank=1;top=mode:1;decoys=0;margin=n/a;topRMSD=0.000;bestDecoyRMSD=n/a;contactSpec=n/a;clashPen=n/a;enrichSets=0;enrichActive=0;enrichDecoy=0;enrichAUC=n/a;enrichMargin=n/a | case=4q9r-spinach-2zy;rank=1;top=mode:1;decoys=10;margin=26.590;topRMSD=0.000;bestDecoyRMSD=8.224;contactSpec=0.000;clashPen=0.000;enrichSets=0;enrichActive=0;enrichDecoy=0;enrichAUC=n/a;enrichMargin=n/a | case=1fmn-fmn-riboswitch;rank=1;top=mode:1;decoys=0;margin=n/a;topRMSD=0.000;bestDecoyRMSD=n/a;contactSpec=n/a;clashPen=n/a;enrichSets=1;enrichActive=1;enrichDecoy=60;enrichAUC=1.000;enrichMargin=10.568 | case=1fmn-fmn-riboswitch-mg;rank=1;top=mode:1;decoys=0;margin=n/a;topRMSD=0.000;bestDecoyRMSD=n/a;contactSpec=n/a;clashPen=n/a;enrichSets=0;enrichActive=0;enrichDecoy=0;enrichAUC=n/a;enrichMargin=n/a | case=2g9c-purine-riboswitch;rank=1;top=mode:1;decoys=0;margin=n/a;topRMSD=0.000;bestDecoyRMSD=n/a;contactSpec=n/a;clashPen=n/a;enrichSets=1;enrichActive=7;enrichDecoy=88;enrichAUC=0.656;enrichMargin=-0.906 | case=4rzd-preq1-riboswitch;rank=1;top=mode:1;decoys=0;margin=n/a;topRMSD=0.000;bestDecoyRMSD=n/a;contactSpec=n/a;clashPen=n/a;enrichSets=1;enrichActive=5;enrichDecoy=74;enrichAUC=0.500;enrichMargin=0.000 | case=2gdi-tpp-riboswitch;rank=1;top=mode:1;decoys=0;margin=n/a;topRMSD=0.000;bestDecoyRMSD=n/a;contactSpec=n/a;clashPen=n/a;enrichSets=1;enrichActive=7;enrichDecoy=266;enrichAUC=0.631;enrichMargin=-14.651 | case=2ygh-sam-riboswitch;rank=1;top=mode:1;decoys=0;margin=n/a;topRMSD=0.000;bestDecoyRMSD=n/a;contactSpec=n/a;clashPen=n/a;enrichSets=1;enrichActive=3;enrichDecoy=238;enrichAUC=0.821;enrichMargin=-1.010 | case=3b4b-glms-riboswitch;rank=1;top=mode:1;decoys=0;margin=n/a;topRMSD=0.000;bestDecoyRMSD=n/a;contactSpec=n/a;clashPen=n/a;enrichSets=1;enrichActive=4;enrichDecoy=165;enrichAUC=0.750;enrichMargin=1.000 | case=2hoj-tpp-riboswitch;rank=1;top=mode:1;decoys=0;margin=n/a;topRMSD=0.000;bestDecoyRMSD=n/a;contactSpec=n/a;clashPen=n/a;enrichSets=2;enrichActive=14;enrichDecoy=532;enrichAUC=0.714;enrichMargin=2.000 | case=3sd3-thf-riboswitch;rank=1;top=mode:1;decoys=0;margin=n/a;topRMSD=0.000;bestDecoyRMSD=n/a;contactSpec=n/a;clashPen=n/a;enrichSets=0;enrichActive=0;enrichDecoy=0;enrichAUC=n/a;enrichMargin=n/a | case=5dhb-gmp-primer-template;rank=1;top=mode:1;decoys=0;margin=n/a;topRMSD=0.000;bestDecoyRMSD=n/a;contactSpec=n/a;clashPen=n/a;enrichSets=0;enrichActive=0;enrichDecoy=0;enrichAUC=n/a;enrichMargin=n/a | case=6c64-mango-ii-ekm;rank=1;top=mode:1;decoys=0;margin=n/a;topRMSD=0.000;bestDecoyRMSD=n/a;contactSpec=n/a;clashPen=n/a;enrichSets=0;enrichActive=0;enrichDecoy=0;enrichAUC=n/a;enrichMargin=n/a | case=5bjp-corn-dfho;rank=1;top=mode:1;decoys=0;margin=n/a;topRMSD=0.000;bestDecoyRMSD=n/a;contactSpec=n/a;clashPen=n/a;enrichSets=0;enrichActive=0;enrichDecoy=0;enrichAUC=n/a;enrichMargin=n/a | case=6wzs-ztp-riboswitch;rank=1;top=mode:1;decoys=0;margin=n/a;topRMSD=0.000;bestDecoyRMSD=n/a;contactSpec=n/a;clashPen=n/a;enrichSets=0;enrichActive=0;enrichDecoy=0;enrichAUC=n/a;enrichMargin=n/a | case=3irw-c-di-gmp-riboswitch;rank=1;top=mode:1;decoys=0;margin=n/a;topRMSD=0.000;bestDecoyRMSD=n/a;contactSpec=n/a;clashPen=n/a;enrichSets=0;enrichActive=0;enrichDecoy=0;enrichAUC=n/a;enrichMargin=n/a | case=4qlm-c-di-amp-riboswitch;rank=1;top=mode:1;decoys=0;margin=n/a;topRMSD=0.000;bestDecoyRMSD=n/a;contactSpec=n/a;clashPen=n/a;enrichSets=0;enrichActive=0;enrichDecoy=0;enrichAUC=n/a;enrichMargin=n/a | case=3d0u-lysine-riboswitch;rank=1;top=mode:1;decoys=0;margin=n/a;topRMSD=0.000;bestDecoyRMSD=n/a;contactSpec=n/a;clashPen=n/a;enrichSets=0;enrichActive=0;enrichDecoy=0;enrichAUC=n/a;enrichMargin=n/a | case=3oww-glycine-riboswitch;rank=1;top=mode:1;decoys=0;margin=n/a;topRMSD=0.000;bestDecoyRMSD=n/a;contactSpec=n/a;clashPen=n/a;enrichSets=0;enrichActive=0;enrichDecoy=0;enrichAUC=n/a;enrichMargin=n/a
-0.080000,-1.000000,-0.500000,-0.350000,2.525585,0.724,-0.428,8,41,1423,1.000000,3.876561,0.562,0.000,0.000,8.224,26.590278,0.000000,0.000000,2.157895,1.000000,case=t6-thrombin-vina;rank=1;top=mode:1;decoys=0;margin=n/a;topRMSD=0.000;bestDecoyRMSD=n/a;contactSpec=n/a;clashPen=n/a;enrichSets=0;enrichActive=0;enrichDecoy=0;enrichAUC=n/a;enrichMargin=n/a | case=4q9r-spinach-2zy;rank=1;top=mode:1;decoys=10;margin=26.590;topRMSD=0.000;bestDecoyRMSD=8.224;contactSpec=0.000;clashPen=0.000;enrichSets=0;enrichActive=0;enrichDecoy=0;enrichAUC=n/a;enrichMargin=n/a | case=1fmn-fmn-riboswitch;rank=1;top=mode:1;decoys=0;margin=n/a;topRMSD=0.000;bestDecoyRMSD=n/a;contactSpec=n/a;clashPen=n/a;enrichSets=1;enrichActive=1;enrichDecoy=60;enrichAUC=1.000;enrichMargin=10.568 | case=1fmn-fmn-riboswitch-mg;rank=1;top=mode:1;decoys=0;margin=n/a;topRMSD=0.000;bestDecoyRMSD=n/a;contactSpec=n/a;clashPen=n/a;enrichSets=0;enrichActive=0;enrichDecoy=0;enrichAUC=n/a;enrichMargin=n/a | case=2g9c-purine-riboswitch;rank=1;top=mode:1;decoys=0;margin=n/a;topRMSD=0.000;bestDecoyRMSD=n/a;contactSpec=n/a;clashPen=n/a;enrichSets=1;enrichActive=7;enrichDecoy=88;enrichAUC=0.656;enrichMargin=-0.906 | case=4rzd-preq1-riboswitch;rank=1;top=mode:1;decoys=0;margin=n/a;topRMSD=0.000;bestDecoyRMSD=n/a;contactSpec=n/a;clashPen=n/a;enrichSets=1;enrichActive=5;enrichDecoy=74;enrichAUC=0.500;enrichMargin=0.000 | case=2gdi-tpp-riboswitch;rank=1;top=mode:1;decoys=0;margin=n/a;topRMSD=0.000;bestDecoyRMSD=n/a;contactSpec=n/a;clashPen=n/a;enrichSets=1;enrichActive=7;enrichDecoy=266;enrichAUC=0.631;enrichMargin=-14.651 | case=2ygh-sam-riboswitch;rank=1;top=mode:1;decoys=0;margin=n/a;topRMSD=0.000;bestDecoyRMSD=n/a;contactSpec=n/a;clashPen=n/a;enrichSets=1;enrichActive=3;enrichDecoy=238;enrichAUC=0.821;enrichMargin=-1.010 | case=3b4b-glms-riboswitch;rank=1;top=mode:1;decoys=0;margin=n/a;topRMSD=0.000;bestDecoyRMSD=n/a;contactSpec=n/a;clashPen=n/a;enrichSets=1;enrichActive=4;enrichDecoy=165;enrichAUC=0.750;enrichMargin=1.000 | case=2hoj-tpp-riboswitch;rank=1;top=mode:1;decoys=0;margin=n/a;topRMSD=0.000;bestDecoyRMSD=n/a;contactSpec=n/a;clashPen=n/a;enrichSets=2;enrichActive=14;enrichDecoy=532;enrichAUC=0.714;enrichMargin=2.000 | case=3sd3-thf-riboswitch;rank=1;top=mode:1;decoys=0;margin=n/a;topRMSD=0.000;bestDecoyRMSD=n/a;contactSpec=n/a;clashPen=n/a;enrichSets=0;enrichActive=0;enrichDecoy=0;enrichAUC=n/a;enrichMargin=n/a | case=5dhb-gmp-primer-template;rank=1;top=mode:1;decoys=0;margin=n/a;topRMSD=0.000;bestDecoyRMSD=n/a;contactSpec=n/a;clashPen=n/a;enrichSets=0;enrichActive=0;enrichDecoy=0;enrichAUC=n/a;enrichMargin=n/a | case=6c64-mango-ii-ekm;rank=1;top=mode:1;decoys=0;margin=n/a;topRMSD=0.000;bestDecoyRMSD=n/a;contactSpec=n/a;clashPen=n/a;enrichSets=0;enrichActive=0;enrichDecoy=0;enrichAUC=n/a;enrichMargin=n/a | case=5bjp-corn-dfho;rank=1;top=mode:1;decoys=0;margin=n/a;topRMSD=0.000;bestDecoyRMSD=n/a;contactSpec=n/a;clashPen=n/a;enrichSets=0;enrichActive=0;enrichDecoy=0;enrichAUC=n/a;enrichMargin=n/a | case=6wzs-ztp-riboswitch;rank=1;top=mode:1;decoys=0;margin=n/a;topRMSD=0.000;bestDecoyRMSD=n/a;contactSpec=n/a;clashPen=n/a;enrichSets=0;enrichActive=0;enrichDecoy=0;enrichAUC=n/a;enrichMargin=n/a | case=3irw-c-di-gmp-riboswitch;rank=1;top=mode:1;decoys=0;margin=n/a;topRMSD=0.000;bestDecoyRMSD=n/a;contactSpec=n/a;clashPen=n/a;enrichSets=0;enrichActive=0;enrichDecoy=0;enrichAUC=n/a;enrichMargin=n/a | case=4qlm-c-di-amp-riboswitch;rank=1;top=mode:1;decoys=0;margin=n/a;topRMSD=0.000;bestDecoyRMSD=n/a;contactSpec=n/a;clashPen=n/a;enrichSets=0;enrichActive=0;enrichDecoy=0;enrichAUC=n/a;enrichMargin=n/a | case=3d0u-lysine-riboswitch;rank=1;top=mode:1;decoys=0;margin=n/a;topRMSD=0.000;bestDecoyRMSD=n/a;contactSpec=n/a;clashPen=n/a;enrichSets=0;enrichActive=0;enrichDecoy=0;enrichAUC=n/a;enrichMargin=n/a | case=3oww-glycine-riboswitch;rank=1;top=mode:1;decoys=0;margin=n/a;topRMSD=0.000;bestDecoyRMSD=n/a;contactSpec=n/a;clashPen=n/a;enrichSets=0;enrichActive=0;enrichDecoy=0;enrichAUC=n/a;enrichMargin=n/a
-0.240000,-1.000000,-0.350000,-0.100000,2.531351,0.726,-0.435,8,41,1423,1.000000,3.886246,0.562,0.000,0.000,8.224,26.605340,0.000000,0.000000,2.157895,1.000000,case=t6-thrombin-vina;rank=1;top=mode:1;decoys=0;margin=n/a;topRMSD=0.000;bestDecoyRMSD=n/a;contactSpec=n/a;clashPen=n/a;enrichSets=0;enrichActive=0;enrichDecoy=0;enrichAUC=n/a;enrichMargin=n/a | case=4q9r-spinach-2zy;rank=1;top=mode:1;decoys=10;margin=26.605;topRMSD=0.000;bestDecoyRMSD=8.224;contactSpec=0.000;clashPen=0.000;enrichSets=0;enrichActive=0;enrichDecoy=0;enrichAUC=n/a;enrichMargin=n/a | case=1fmn-fmn-riboswitch;rank=1;top=mode:1;decoys=0;margin=n/a;topRMSD=0.000;bestDecoyRMSD=n/a;contactSpec=n/a;clashPen=n/a;enrichSets=1;enrichActive=1;enrichDecoy=60;enrichAUC=1.000;enrichMargin=10.634 | case=1fmn-fmn-riboswitch-mg;rank=1;top=mode:1;decoys=0;margin=n/a;topRMSD=0.000;bestDecoyRMSD=n/a;contactSpec=n/a;clashPen=n/a;enrichSets=0;enrichActive=0;enrichDecoy=0;enrichAUC=n/a;enrichMargin=n/a | case=2g9c-purine-riboswitch;rank=1;top=mode:1;decoys=0;margin=n/a;topRMSD=0.000;bestDecoyRMSD=n/a;contactSpec=n/a;clashPen=n/a;enrichSets=1;enrichActive=7;enrichDecoy=88;enrichAUC=0.659;enrichMargin=-0.905 | case=4rzd-preq1-riboswitch;rank=1;top=mode:1;decoys=0;margin=n/a;topRMSD=0.000;bestDecoyRMSD=n/a;contactSpec=n/a;clashPen=n/a;enrichSets=1;enrichActive=5;enrichDecoy=74;enrichAUC=0.500;enrichMargin=0.000 | case=2gdi-tpp-riboswitch;rank=1;top=mode:1;decoys=0;margin=n/a;topRMSD=0.000;bestDecoyRMSD=n/a;contactSpec=n/a;clashPen=n/a;enrichSets=1;enrichActive=7;enrichDecoy=266;enrichAUC=0.636;enrichMargin=-14.673 | case=2ygh-sam-riboswitch;rank=1;top=mode:1;decoys=0;margin=n/a;topRMSD=0.000;bestDecoyRMSD=n/a;contactSpec=n/a;clashPen=n/a;enrichSets=1;enrichActive=3;enrichDecoy=238;enrichAUC=0.819;enrichMargin=-1.098 | case=3b4b-glms-riboswitch;rank=1;top=mode:1;decoys=0;margin=n/a;topRMSD=0.000;bestDecoyRMSD=n/a;contactSpec=n/a;clashPen=n/a;enrichSets=1;enrichActive=4;enrichDecoy=165;enrichAUC=0.750;enrichMargin=1.000 | case=2hoj-tpp-riboswitch;rank=1;top=mode:1;decoys=0;margin=n/a;topRMSD=0.000;bestDecoyRMSD=n/a;contactSpec=n/a;clashPen=n/a;enrichSets=2;enrichActive=14;enrichDecoy=532;enrichAUC=0.714;enrichMargin=2.000 | case=3sd3-thf-riboswitch;rank=1;top=mode:1;decoys=0;margin=n/a;topRMSD=0.000;bestDecoyRMSD=n/a;contactSpec=n/a;clashPen=n/a;enrichSets=0;enrichActive=0;enrichDecoy=0;enrichAUC=n/a;enrichMargin=n/a | case=5dhb-gmp-primer-template;rank=1;top=mode:1;decoys=0;margin=n/a;topRMSD=0.000;bestDecoyRMSD=n/a;contactSpec=n/a;clashPen=n/a;enrichSets=0;enrichActive=0;enrichDecoy=0;enrichAUC=n/a;enrichMargin=n/a | case=6c64-mango-ii-ekm;rank=1;top=mode:1;decoys=0;margin=n/a;topRMSD=0.000;bestDecoyRMSD=n/a;contactSpec=n/a;clashPen=n/a;enrichSets=0;enrichActive=0;enrichDecoy=0;enrichAUC=n/a;enrichMargin=n/a | case=5bjp-corn-dfho;rank=1;top=mode:1;decoys=0;margin=n/a;topRMSD=0.000;bestDecoyRMSD=n/a;contactSpec=n/a;clashPen=n/a;enrichSets=0;enrichActive=0;enrichDecoy=0;enrichAUC=n/a;enrichMargin=n/a | case=6wzs-ztp-riboswitch;rank=1;top=mode:1;decoys=0;margin=n/a;topRMSD=0.000;bestDecoyRMSD=n/a;contactSpec=n/a;clashPen=n/a;enrichSets=0;enrichActive=0;enrichDecoy=0;enrichAUC=n/a;enrichMargin=n/a | case=3irw-c-di-gmp-riboswitch;rank=1;top=mode:1;decoys=0;margin=n/a;topRMSD=0.000;bestDecoyRMSD=n/a;contactSpec=n/a;clashPen=n/a;enrichSets=0;enrichActive=0;enrichDecoy=0;enrichAUC=n/a;enrichMargin=n/a | case=4qlm-c-di-amp-riboswitch;rank=1;top=mode:1;decoys=0;margin=n/a;topRMSD=0.000;bestDecoyRMSD=n/a;contactSpec=n/a;clashPen=n/a;enrichSets=0;enrichActive=0;enrichDecoy=0;enrichAUC=n/a;enrichMargin=n/a | case=3d0u-lysine-riboswitch;rank=1;top=mode:1;decoys=0;margin=n/a;topRMSD=0.000;bestDecoyRMSD=n/a;contactSpec=n/a;clashPen=n/a;enrichSets=0;enrichActive=0;enrichDecoy=0;enrichAUC=n/a;enrichMargin=n/a | case=3oww-glycine-riboswitch;rank=1;top=mode:1;decoys=0;margin=n/a;topRMSD=0.000;bestDecoyRMSD=n/a;contactSpec=n/a;clashPen=n/a;enrichSets=0;enrichActive=0;enrichDecoy=0;enrichAUC=n/a;enrichMargin=n/a
-0.240000,-1.000000,-0.350000,-0.220000,2.531351,0.726,-0.435,8,41,1423,1.000000,3.886246,0.562,0.000,0.000,8.224,26.605340,0.000000,0.000000,2.157895,1.000000,case=t6-thrombin-vina;rank=1;top=mode:1;decoys=0;margin=n/a;topRMSD=0.000;bestDecoyRMSD=n/a;contactSpec=n/a;clashPen=n/a;enrichSets=0;enrichActive=0;enrichDecoy=0;enrichAUC=n/a;enrichMargin=n/a | case=4q9r-spinach-2zy;rank=1;top=mode:1;decoys=10;margin=26.605;topRMSD=0.000;bestDecoyRMSD=8.224;contactSpec=0.000;clashPen=0.000;enrichSets=0;enrichActive=0;enrichDecoy=0;enrichAUC=n/a;enrichMargin=n/a | case=1fmn-fmn-riboswitch;rank=1;top=mode:1;decoys=0;margin=n/a;topRMSD=0.000;bestDecoyRMSD=n/a;contactSpec=n/a;clashPen=n/a;enrichSets=1;enrichActive=1;enrichDecoy=60;enrichAUC=1.000;enrichMargin=10.634 | case=1fmn-fmn-riboswitch-mg;rank=1;top=mode:1;decoys=0;margin=n/a;topRMSD=0.000;bestDecoyRMSD=n/a;contactSpec=n/a;clashPen=n/a;enrichSets=0;enrichActive=0;enrichDecoy=0;enrichAUC=n/a;enrichMargin=n/a | case=2g9c-purine-riboswitch;rank=1;top=mode:1;decoys=0;margin=n/a;topRMSD=0.000;bestDecoyRMSD=n/a;contactSpec=n/a;clashPen=n/a;enrichSets=1;enrichActive=7;enrichDecoy=88;enrichAUC=0.659;enrichMargin=-0.905 | case=4rzd-preq1-riboswitch;rank=1;top=mode:1;decoys=0;margin=n/a;topRMSD=0.000;bestDecoyRMSD=n/a;contactSpec=n/a;clashPen=n/a;enrichSets=1;enrichActive=5;enrichDecoy=74;enrichAUC=0.500;enrichMargin=0.000 | case=2gdi-tpp-riboswitch;rank=1;top=mode:1;decoys=0;margin=n/a;topRMSD=0.000;bestDecoyRMSD=n/a;contactSpec=n/a;clashPen=n/a;enrichSets=1;enrichActive=7;enrichDecoy=266;enrichAUC=0.636;enrichMargin=-14.673 | case=2ygh-sam-riboswitch;rank=1;top=mode:1;decoys=0;margin=n/a;topRMSD=0.000;bestDecoyRMSD=n/a;contactSpec=n/a;clashPen=n/a;enrichSets=1;enrichActive=3;enrichDecoy=238;enrichAUC=0.819;enrichMargin=-1.098 | case=3b4b-glms-riboswitch;rank=1;top=mode:1;decoys=0;margin=n/a;topRMSD=0.000;bestDecoyRMSD=n/a;contactSpec=n/a;clashPen=n/a;enrichSets=1;enrichActive=4;enrichDecoy=165;enrichAUC=0.750;enrichMargin=1.000 | case=2hoj-tpp-riboswitch;rank=1;top=mode:1;decoys=0;margin=n/a;topRMSD=0.000;bestDecoyRMSD=n/a;contactSpec=n/a;clashPen=n/a;enrichSets=2;enrichActive=14;enrichDecoy=532;enrichAUC=0.714;enrichMargin=2.000 | case=3sd3-thf-riboswitch;rank=1;top=mode:1;decoys=0;margin=n/a;topRMSD=0.000;bestDecoyRMSD=n/a;contactSpec=n/a;clashPen=n/a;enrichSets=0;enrichActive=0;enrichDecoy=0;enrichAUC=n/a;enrichMargin=n/a | case=5dhb-gmp-primer-template;rank=1;top=mode:1;decoys=0;margin=n/a;topRMSD=0.000;bestDecoyRMSD=n/a;contactSpec=n/a;clashPen=n/a;enrichSets=0;enrichActive=0;enrichDecoy=0;enrichAUC=n/a;enrichMargin=n/a | case=6c64-mango-ii-ekm;rank=1;top=mode:1;decoys=0;margin=n/a;topRMSD=0.000;bestDecoyRMSD=n/a;contactSpec=n/a;clashPen=n/a;enrichSets=0;enrichActive=0;enrichDecoy=0;enrichAUC=n/a;enrichMargin=n/a | case=5bjp-corn-dfho;rank=1;top=mode:1;decoys=0;margin=n/a;topRMSD=0.000;bestDecoyRMSD=n/a;contactSpec=n/a;clashPen=n/a;enrichSets=0;enrichActive=0;enrichDecoy=0;enrichAUC=n/a;enrichMargin=n/a | case=6wzs-ztp-riboswitch;rank=1;top=mode:1;decoys=0;margin=n/a;topRMSD=0.000;bestDecoyRMSD=n/a;contactSpec=n/a;clashPen=n/a;enrichSets=0;enrichActive=0;enrichDecoy=0;enrichAUC=n/a;enrichMargin=n/a | case=3irw-c-di-gmp-riboswitch;rank=1;top=mode:1;decoys=0;margin=n/a;topRMSD=0.000;bestDecoyRMSD=n/a;contactSpec=n/a;clashPen=n/a;enrichSets=0;enrichActive=0;enrichDecoy=0;enrichAUC=n/a;enrichMargin=n/a | case=4qlm-c-di-amp-riboswitch;rank=1;top=mode:1;decoys=0;margin=n/a;topRMSD=0.000;bestDecoyRMSD=n/a;contactSpec=n/a;clashPen=n/a;enrichSets=0;enrichActive=0;enrichDecoy=0;enrichAUC=n/a;enrichMargin=n/a | case=3d0u-lysine-riboswitch;rank=1;top=mode:1;decoys=0;margin=n/a;topRMSD=0.000;bestDecoyRMSD=n/a;contactSpec=n/a;clashPen=n/a;enrichSets=0;enrichActive=0;enrichDecoy=0;enrichAUC=n/a;enrichMargin=n/a | case=3oww-glycine-riboswitch;rank=1;top=mode:1;decoys=0;margin=n/a;topRMSD=0.000;bestDecoyRMSD=n/a;contactSpec=n/a;clashPen=n/a;enrichSets=0;enrichActive=0;enrichDecoy=0;enrichAUC=n/a;enrichMargin=n/a
-0.240000,-1.000000,-0.350000,-0.350000,2.531351,0.726,-0.435,8,41,1423,1.000000,3.886246,0.562,0.000,0.000,8.224,26.605340,0.000000,0.000000,2.157895,1.000000,case=t6-thrombin-vina;rank=1;top=mode:1;decoys=0;margin=n/a;topRMSD=0.000;bestDecoyRMSD=n/a;contactSpec=n/a;clashPen=n/a;enrichSets=0;enrichActive=0;enrichDecoy=0;enrichAUC=n/a;enrichMargin=n/a | case=4q9r-spinach-2zy;rank=1;top=mode:1;decoys=10;margin=26.605;topRMSD=0.000;bestDecoyRMSD=8.224;contactSpec=0.000;clashPen=0.000;enrichSets=0;enrichActive=0;enrichDecoy=0;enrichAUC=n/a;enrichMargin=n/a | case=1fmn-fmn-riboswitch;rank=1;top=mode:1;decoys=0;margin=n/a;topRMSD=0.000;bestDecoyRMSD=n/a;contactSpec=n/a;clashPen=n/a;enrichSets=1;enrichActive=1;enrichDecoy=60;enrichAUC=1.000;enrichMargin=10.634 | case=1fmn-fmn-riboswitch-mg;rank=1;top=mode:1;decoys=0;margin=n/a;topRMSD=0.000;bestDecoyRMSD=n/a;contactSpec=n/a;clashPen=n/a;enrichSets=0;enrichActive=0;enrichDecoy=0;enrichAUC=n/a;enrichMargin=n/a | case=2g9c-purine-riboswitch;rank=1;top=mode:1;decoys=0;margin=n/a;topRMSD=0.000;bestDecoyRMSD=n/a;contactSpec=n/a;clashPen=n/a;enrichSets=1;enrichActive=7;enrichDecoy=88;enrichAUC=0.659;enrichMargin=-0.905 | case=4rzd-preq1-riboswitch;rank=1;top=mode:1;decoys=0;margin=n/a;topRMSD=0.000;bestDecoyRMSD=n/a;contactSpec=n/a;clashPen=n/a;enrichSets=1;enrichActive=5;enrichDecoy=74;enrichAUC=0.500;enrichMargin=0.000 | case=2gdi-tpp-riboswitch;rank=1;top=mode:1;decoys=0;margin=n/a;topRMSD=0.000;bestDecoyRMSD=n/a;contactSpec=n/a;clashPen=n/a;enrichSets=1;enrichActive=7;enrichDecoy=266;enrichAUC=0.636;enrichMargin=-14.673 | case=2ygh-sam-riboswitch;rank=1;top=mode:1;decoys=0;margin=n/a;topRMSD=0.000;bestDecoyRMSD=n/a;contactSpec=n/a;clashPen=n/a;enrichSets=1;enrichActive=3;enrichDecoy=238;enrichAUC=0.819;enrichMargin=-1.098 | case=3b4b-glms-riboswitch;rank=1;top=mode:1;decoys=0;margin=n/a;topRMSD=0.000;bestDecoyRMSD=n/a;contactSpec=n/a;clashPen=n/a;enrichSets=1;enrichActive=4;enrichDecoy=165;enrichAUC=0.750;enrichMargin=1.000 | case=2hoj-tpp-riboswitch;rank=1;top=mode:1;decoys=0;margin=n/a;topRMSD=0.000;bestDecoyRMSD=n/a;contactSpec=n/a;clashPen=n/a;enrichSets=2;enrichActive=14;enrichDecoy=532;enrichAUC=0.714;enrichMargin=2.000 | case=3sd3-thf-riboswitch;rank=1;top=mode:1;decoys=0;margin=n/a;topRMSD=0.000;bestDecoyRMSD=n/a;contactSpec=n/a;clashPen=n/a;enrichSets=0;enrichActive=0;enrichDecoy=0;enrichAUC=n/a;enrichMargin=n/a | case=5dhb-gmp-primer-template;rank=1;top=mode:1;decoys=0;margin=n/a;topRMSD=0.000;bestDecoyRMSD=n/a;contactSpec=n/a;clashPen=n/a;enrichSets=0;enrichActive=0;enrichDecoy=0;enrichAUC=n/a;enrichMargin=n/a | case=6c64-mango-ii-ekm;rank=1;top=mode:1;decoys=0;margin=n/a;topRMSD=0.000;bestDecoyRMSD=n/a;contactSpec=n/a;clashPen=n/a;enrichSets=0;enrichActive=0;enrichDecoy=0;enrichAUC=n/a;enrichMargin=n/a | case=5bjp-corn-dfho;rank=1;top=mode:1;decoys=0;margin=n/a;topRMSD=0.000;bestDecoyRMSD=n/a;contactSpec=n/a;clashPen=n/a;enrichSets=0;enrichActive=0;enrichDecoy=0;enrichAUC=n/a;enrichMargin=n/a | case=6wzs-ztp-riboswitch;rank=1;top=mode:1;decoys=0;margin=n/a;topRMSD=0.000;bestDecoyRMSD=n/a;contactSpec=n/a;clashPen=n/a;enrichSets=0;enrichActive=0;enrichDecoy=0;enrichAUC=n/a;enrichMargin=n/a | case=3irw-c-di-gmp-riboswitch;rank=1;top=mode:1;decoys=0;margin=n/a;topRMSD=0.000;bestDecoyRMSD=n/a;contactSpec=n/a;clashPen=n/a;enrichSets=0;enrichActive=0;enrichDecoy=0;enrichAUC=n/a;enrichMargin=n/a | case=4qlm-c-di-amp-riboswitch;rank=1;top=mode:1;decoys=0;margin=n/a;topRMSD=0.000;bestDecoyRMSD=n/a;contactSpec=n/a;clashPen=n/a;enrichSets=0;enrichActive=0;enrichDecoy=0;enrichAUC=n/a;enrichMargin=n/a | case=3d0u-lysine-riboswitch;rank=1;top=mode:1;decoys=0;margin=n/a;topRMSD=0.000;bestDecoyRMSD=n/a;contactSpec=n/a;clashPen=n/a;enrichSets=0;enrichActive=0;enrichDecoy=0;enrichAUC=n/a;enrichMargin=n/a | case=3oww-glycine-riboswitch;rank=1;top=mode:1;decoys=0;margin=n/a;topRMSD=0.000;bestDecoyRMSD=n/a;contactSpec=n/a;clashPen=n/a;enrichSets=0;enrichActive=0;enrichDecoy=0;enrichAUC=n/a;enrichMargin=n/a
-0.180000,-1.000000,-0.350000,-0.100000,2.539918,0.725,-0.444,8,41,1423,1.000000,3.889811,0.562,0.000,0.000,8.224,26.605355,0.000000,0.000000,2.157895,1.000000,case=t6-thrombin-vina;rank=1;top=mode:1;decoys=0;margin=n/a;topRMSD=0.000;bestDecoyRMSD=n/a;contactSpec=n/a;clashPen=n/a;enrichSets=0;enrichActive=0;enrichDecoy=0;enrichAUC=n/a;enrichMargin=n/a | case=4q9r-spinach-2zy;rank=1;top=mode:1;decoys=10;margin=26.605;topRMSD=0.000;bestDecoyRMSD=8.224;contactSpec=0.000;clashPen=0.000;enrichSets=0;enrichActive=0;enrichDecoy=0;enrichAUC=n/a;enrichMargin=n/a | case=1fmn-fmn-riboswitch;rank=1;top=mode:1;decoys=0;margin=n/a;topRMSD=0.000;bestDecoyRMSD=n/a;contactSpec=n/a;clashPen=n/a;enrichSets=1;enrichActive=1;enrichDecoy=60;enrichAUC=1.000;enrichMargin=10.529 | case=1fmn-fmn-riboswitch-mg;rank=1;top=mode:1;decoys=0;margin=n/a;topRMSD=0.000;bestDecoyRMSD=n/a;contactSpec=n/a;clashPen=n/a;enrichSets=0;enrichActive=0;enrichDecoy=0;enrichAUC=n/a;enrichMargin=n/a | case=2g9c-purine-riboswitch;rank=1;top=mode:1;decoys=0;margin=n/a;topRMSD=0.000;bestDecoyRMSD=n/a;contactSpec=n/a;clashPen=n/a;enrichSets=1;enrichActive=7;enrichDecoy=88;enrichAUC=0.657;enrichMargin=-0.906 | case=4rzd-preq1-riboswitch;rank=1;top=mode:1;decoys=0;margin=n/a;topRMSD=0.000;bestDecoyRMSD=n/a;contactSpec=n/a;clashPen=n/a;enrichSets=1;enrichActive=5;enrichDecoy=74;enrichAUC=0.500;enrichMargin=0.000 | case=2gdi-tpp-riboswitch;rank=1;top=mode:1;decoys=0;margin=n/a;topRMSD=0.000;bestDecoyRMSD=n/a;contactSpec=n/a;clashPen=n/a;enrichSets=1;enrichActive=7;enrichDecoy=266;enrichAUC=0.633;enrichMargin=-14.664 | case=2ygh-sam-riboswitch;rank=1;top=mode:1;decoys=0;margin=n/a;topRMSD=0.000;bestDecoyRMSD=n/a;contactSpec=n/a;clashPen=n/a;enrichSets=1;enrichActive=3;enrichDecoy=238;enrichAUC=0.819;enrichMargin=-1.065 | case=3b4b-glms-riboswitch;rank=1;top=mode:1;decoys=0;margin=n/a;topRMSD=0.000;bestDecoyRMSD=n/a;contactSpec=n/a;clashPen=n/a;enrichSets=1;enrichActive=4;enrichDecoy=165;enrichAUC=0.750;enrichMargin=1.000 | case=2hoj-tpp-riboswitch;rank=1;top=mode:1;decoys=0;margin=n/a;topRMSD=0.000;bestDecoyRMSD=n/a;contactSpec=n/a;clashPen=n/a;enrichSets=2;enrichActive=14;enrichDecoy=532;enrichAUC=0.714;enrichMargin=2.000 | case=3sd3-thf-riboswitch;rank=1;top=mode:1;decoys=0;margin=n/a;topRMSD=0.000;bestDecoyRMSD=n/a;contactSpec=n/a;clashPen=n/a;enrichSets=0;enrichActive=0;enrichDecoy=0;enrichAUC=n/a;enrichMargin=n/a | case=5dhb-gmp-primer-template;rank=1;top=mode:1;decoys=0;margin=n/a;topRMSD=0.000;bestDecoyRMSD=n/a;contactSpec=n/a;clashPen=n/a;enrichSets=0;enrichActive=0;enrichDecoy=0;enrichAUC=n/a;enrichMargin=n/a | case=6c64-mango-ii-ekm;rank=1;top=mode:1;decoys=0;margin=n/a;topRMSD=0.000;bestDecoyRMSD=n/a;contactSpec=n/a;clashPen=n/a;enrichSets=0;enrichActive=0;enrichDecoy=0;enrichAUC=n/a;enrichMargin=n/a | case=5bjp-corn-dfho;rank=1;top=mode:1;decoys=0;margin=n/a;topRMSD=0.000;bestDecoyRMSD=n/a;contactSpec=n/a;clashPen=n/a;enrichSets=0;enrichActive=0;enrichDecoy=0;enrichAUC=n/a;enrichMargin=n/a | case=6wzs-ztp-riboswitch;rank=1;top=mode:1;decoys=0;margin=n/a;topRMSD=0.000;bestDecoyRMSD=n/a;contactSpec=n/a;clashPen=n/a;enrichSets=0;enrichActive=0;enrichDecoy=0;enrichAUC=n/a;enrichMargin=n/a | case=3irw-c-di-gmp-riboswitch;rank=1;top=mode:1;decoys=0;margin=n/a;topRMSD=0.000;bestDecoyRMSD=n/a;contactSpec=n/a;clashPen=n/a;enrichSets=0;enrichActive=0;enrichDecoy=0;enrichAUC=n/a;enrichMargin=n/a | case=4qlm-c-di-amp-riboswitch;rank=1;top=mode:1;decoys=0;margin=n/a;topRMSD=0.000;bestDecoyRMSD=n/a;contactSpec=n/a;clashPen=n/a;enrichSets=0;enrichActive=0;enrichDecoy=0;enrichAUC=n/a;enrichMargin=n/a | case=3d0u-lysine-riboswitch;rank=1;top=mode:1;decoys=0;margin=n/a;topRMSD=0.000;bestDecoyRMSD=n/a;contactSpec=n/a;clashPen=n/a;enrichSets=0;enrichActive=0;enrichDecoy=0;enrichAUC=n/a;enrichMargin=n/a | case=3oww-glycine-riboswitch;rank=1;top=mode:1;decoys=0;margin=n/a;topRMSD=0.000;bestDecoyRMSD=n/a;contactSpec=n/a;clashPen=n/a;enrichSets=0;enrichActive=0;enrichDecoy=0;enrichAUC=n/a;enrichMargin=n/a
-0.180000,-1.000000,-0.350000,-0.220000,2.539918,0.725,-0.444,8,41,1423,1.000000,3.889811,0.562,0.000,0.000,8.224,26.605355,0.000000,0.000000,2.157895,1.000000,case=t6-thrombin-vina;rank=1;top=mode:1;decoys=0;margin=n/a;topRMSD=0.000;bestDecoyRMSD=n/a;contactSpec=n/a;clashPen=n/a;enrichSets=0;enrichActive=0;enrichDecoy=0;enrichAUC=n/a;enrichMargin=n/a | case=4q9r-spinach-2zy;rank=1;top=mode:1;decoys=10;margin=26.605;topRMSD=0.000;bestDecoyRMSD=8.224;contactSpec=0.000;clashPen=0.000;enrichSets=0;enrichActive=0;enrichDecoy=0;enrichAUC=n/a;enrichMargin=n/a | case=1fmn-fmn-riboswitch;rank=1;top=mode:1;decoys=0;margin=n/a;topRMSD=0.000;bestDecoyRMSD=n/a;contactSpec=n/a;clashPen=n/a;enrichSets=1;enrichActive=1;enrichDecoy=60;enrichAUC=1.000;enrichMargin=10.529 | case=1fmn-fmn-riboswitch-mg;rank=1;top=mode:1;decoys=0;margin=n/a;topRMSD=0.000;bestDecoyRMSD=n/a;contactSpec=n/a;clashPen=n/a;enrichSets=0;enrichActive=0;enrichDecoy=0;enrichAUC=n/a;enrichMargin=n/a | case=2g9c-purine-riboswitch;rank=1;top=mode:1;decoys=0;margin=n/a;topRMSD=0.000;bestDecoyRMSD=n/a;contactSpec=n/a;clashPen=n/a;enrichSets=1;enrichActive=7;enrichDecoy=88;enrichAUC=0.657;enrichMargin=-0.906 | case=4rzd-preq1-riboswitch;rank=1;top=mode:1;decoys=0;margin=n/a;topRMSD=0.000;bestDecoyRMSD=n/a;contactSpec=n/a;clashPen=n/a;enrichSets=1;enrichActive=5;enrichDecoy=74;enrichAUC=0.500;enrichMargin=0.000 | case=2gdi-tpp-riboswitch;rank=1;top=mode:1;decoys=0;margin=n/a;topRMSD=0.000;bestDecoyRMSD=n/a;contactSpec=n/a;clashPen=n/a;enrichSets=1;enrichActive=7;enrichDecoy=266;enrichAUC=0.633;enrichMargin=-14.664 | case=2ygh-sam-riboswitch;rank=1;top=mode:1;decoys=0;margin=n/a;topRMSD=0.000;bestDecoyRMSD=n/a;contactSpec=n/a;clashPen=n/a;enrichSets=1;enrichActive=3;enrichDecoy=238;enrichAUC=0.819;enrichMargin=-1.065 | case=3b4b-glms-riboswitch;rank=1;top=mode:1;decoys=0;margin=n/a;topRMSD=0.000;bestDecoyRMSD=n/a;contactSpec=n/a;clashPen=n/a;enrichSets=1;enrichActive=4;enrichDecoy=165;enrichAUC=0.750;enrichMargin=1.000 | case=2hoj-tpp-riboswitch;rank=1;top=mode:1;decoys=0;margin=n/a;topRMSD=0.000;bestDecoyRMSD=n/a;contactSpec=n/a;clashPen=n/a;enrichSets=2;enrichActive=14;enrichDecoy=532;enrichAUC=0.714;enrichMargin=2.000 | case=3sd3-thf-riboswitch;rank=1;top=mode:1;decoys=0;margin=n/a;topRMSD=0.000;bestDecoyRMSD=n/a;contactSpec=n/a;clashPen=n/a;enrichSets=0;enrichActive=0;enrichDecoy=0;enrichAUC=n/a;enrichMargin=n/a | case=5dhb-gmp-primer-template;rank=1;top=mode:1;decoys=0;margin=n/a;topRMSD=0.000;bestDecoyRMSD=n/a;contactSpec=n/a;clashPen=n/a;enrichSets=0;enrichActive=0;enrichDecoy=0;enrichAUC=n/a;enrichMargin=n/a | case=6c64-mango-ii-ekm;rank=1;top=mode:1;decoys=0;margin=n/a;topRMSD=0.000;bestDecoyRMSD=n/a;contactSpec=n/a;clashPen=n/a;enrichSets=0;enrichActive=0;enrichDecoy=0;enrichAUC=n/a;enrichMargin=n/a | case=5bjp-corn-dfho;rank=1;top=mode:1;decoys=0;margin=n/a;topRMSD=0.000;bestDecoyRMSD=n/a;contactSpec=n/a;clashPen=n/a;enrichSets=0;enrichActive=0;enrichDecoy=0;enrichAUC=n/a;enrichMargin=n/a | case=6wzs-ztp-riboswitch;rank=1;top=mode:1;decoys=0;margin=n/a;topRMSD=0.000;bestDecoyRMSD=n/a;contactSpec=n/a;clashPen=n/a;enrichSets=0;enrichActive=0;enrichDecoy=0;enrichAUC=n/a;enrichMargin=n/a | case=3irw-c-di-gmp-riboswitch;rank=1;top=mode:1;decoys=0;margin=n/a;topRMSD=0.000;bestDecoyRMSD=n/a;contactSpec=n/a;clashPen=n/a;enrichSets=0;enrichActive=0;enrichDecoy=0;enrichAUC=n/a;enrichMargin=n/a | case=4qlm-c-di-amp-riboswitch;rank=1;top=mode:1;decoys=0;margin=n/a;topRMSD=0.000;bestDecoyRMSD=n/a;contactSpec=n/a;clashPen=n/a;enrichSets=0;enrichActive=0;enrichDecoy=0;enrichAUC=n/a;enrichMargin=n/a | case=3d0u-lysine-riboswitch;rank=1;top=mode:1;decoys=0;margin=n/a;topRMSD=0.000;bestDecoyRMSD=n/a;contactSpec=n/a;clashPen=n/a;enrichSets=0;enrichActive=0;enrichDecoy=0;enrichAUC=n/a;enrichMargin=n/a | case=3oww-glycine-riboswitch;rank=1;top=mode:1;decoys=0;margin=n/a;topRMSD=0.000;bestDecoyRMSD=n/a;contactSpec=n/a;clashPen=n/a;enrichSets=0;enrichActive=0;enrichDecoy=0;enrichAUC=n/a;enrichMargin=n/a
-0.180000,-1.000000,-0.350000,-0.350000,2.539918,0.725,-0.444,8,41,1423,1.000000,3.889811,0.562,0.000,0.000,8.224,26.605355,0.000000,0.000000,2.157895,1.000000,case=t6-thrombin-vina;rank=1;top=mode:1;decoys=0;margin=n/a;topRMSD=0.000;bestDecoyRMSD=n/a;contactSpec=n/a;clashPen=n/a;enrichSets=0;enrichActive=0;enrichDecoy=0;enrichAUC=n/a;enrichMargin=n/a | case=4q9r-spinach-2zy;rank=1;top=mode:1;decoys=10;margin=26.605;topRMSD=0.000;bestDecoyRMSD=8.224;contactSpec=0.000;clashPen=0.000;enrichSets=0;enrichActive=0;enrichDecoy=0;enrichAUC=n/a;enrichMargin=n/a | case=1fmn-fmn-riboswitch;rank=1;top=mode:1;decoys=0;margin=n/a;topRMSD=0.000;bestDecoyRMSD=n/a;contactSpec=n/a;clashPen=n/a;enrichSets=1;enrichActive=1;enrichDecoy=60;enrichAUC=1.000;enrichMargin=10.529 | case=1fmn-fmn-riboswitch-mg;rank=1;top=mode:1;decoys=0;margin=n/a;topRMSD=0.000;bestDecoyRMSD=n/a;contactSpec=n/a;clashPen=n/a;enrichSets=0;enrichActive=0;enrichDecoy=0;enrichAUC=n/a;enrichMargin=n/a | case=2g9c-purine-riboswitch;rank=1;top=mode:1;decoys=0;margin=n/a;topRMSD=0.000;bestDecoyRMSD=n/a;contactSpec=n/a;clashPen=n/a;enrichSets=1;enrichActive=7;enrichDecoy=88;enrichAUC=0.657;enrichMargin=-0.906 | case=4rzd-preq1-riboswitch;rank=1;top=mode:1;decoys=0;margin=n/a;topRMSD=0.000;bestDecoyRMSD=n/a;contactSpec=n/a;clashPen=n/a;enrichSets=1;enrichActive=5;enrichDecoy=74;enrichAUC=0.500;enrichMargin=0.000 | case=2gdi-tpp-riboswitch;rank=1;top=mode:1;decoys=0;margin=n/a;topRMSD=0.000;bestDecoyRMSD=n/a;contactSpec=n/a;clashPen=n/a;enrichSets=1;enrichActive=7;enrichDecoy=266;enrichAUC=0.633;enrichMargin=-14.664 | case=2ygh-sam-riboswitch;rank=1;top=mode:1;decoys=0;margin=n/a;topRMSD=0.000;bestDecoyRMSD=n/a;contactSpec=n/a;clashPen=n/a;enrichSets=1;enrichActive=3;enrichDecoy=238;enrichAUC=0.819;enrichMargin=-1.065 | case=3b4b-glms-riboswitch;rank=1;top=mode:1;decoys=0;margin=n/a;topRMSD=0.000;bestDecoyRMSD=n/a;contactSpec=n/a;clashPen=n/a;enrichSets=1;enrichActive=4;enrichDecoy=165;enrichAUC=0.750;enrichMargin=1.000 | case=2hoj-tpp-riboswitch;rank=1;top=mode:1;decoys=0;margin=n/a;topRMSD=0.000;bestDecoyRMSD=n/a;contactSpec=n/a;clashPen=n/a;enrichSets=2;enrichActive=14;enrichDecoy=532;enrichAUC=0.714;enrichMargin=2.000 | case=3sd3-thf-riboswitch;rank=1;top=mode:1;decoys=0;margin=n/a;topRMSD=0.000;bestDecoyRMSD=n/a;contactSpec=n/a;clashPen=n/a;enrichSets=0;enrichActive=0;enrichDecoy=0;enrichAUC=n/a;enrichMargin=n/a | case=5dhb-gmp-primer-template;rank=1;top=mode:1;decoys=0;margin=n/a;topRMSD=0.000;bestDecoyRMSD=n/a;contactSpec=n/a;clashPen=n/a;enrichSets=0;enrichActive=0;enrichDecoy=0;enrichAUC=n/a;enrichMargin=n/a | case=6c64-mango-ii-ekm;rank=1;top=mode:1;decoys=0;margin=n/a;topRMSD=0.000;bestDecoyRMSD=n/a;contactSpec=n/a;clashPen=n/a;enrichSets=0;enrichActive=0;enrichDecoy=0;enrichAUC=n/a;enrichMargin=n/a | case=5bjp-corn-dfho;rank=1;top=mode:1;decoys=0;margin=n/a;topRMSD=0.000;bestDecoyRMSD=n/a;contactSpec=n/a;clashPen=n/a;enrichSets=0;enrichActive=0;enrichDecoy=0;enrichAUC=n/a;enrichMargin=n/a | case=6wzs-ztp-riboswitch;rank=1;top=mode:1;decoys=0;margin=n/a;topRMSD=0.000;bestDecoyRMSD=n/a;contactSpec=n/a;clashPen=n/a;enrichSets=0;enrichActive=0;enrichDecoy=0;enrichAUC=n/a;enrichMargin=n/a | case=3irw-c-di-gmp-riboswitch;rank=1;top=mode:1;decoys=0;margin=n/a;topRMSD=0.000;bestDecoyRMSD=n/a;contactSpec=n/a;clashPen=n/a;enrichSets=0;enrichActive=0;enrichDecoy=0;enrichAUC=n/a;enrichMargin=n/a | case=4qlm-c-di-amp-riboswitch;rank=1;top=mode:1;decoys=0;margin=n/a;topRMSD=0.000;bestDecoyRMSD=n/a;contactSpec=n/a;clashPen=n/a;enrichSets=0;enrichActive=0;enrichDecoy=0;enrichAUC=n/a;enrichMargin=n/a | case=3d0u-lysine-riboswitch;rank=1;top=mode:1;decoys=0;margin=n/a;topRMSD=0.000;bestDecoyRMSD=n/a;contactSpec=n/a;clashPen=n/a;enrichSets=0;enrichActive=0;enrichDecoy=0;enrichAUC=n/a;enrichMargin=n/a | case=3oww-glycine-riboswitch;rank=1;top=mode:1;decoys=0;margin=n/a;topRMSD=0.000;bestDecoyRMSD=n/a;contactSpec=n/a;clashPen=n/a;enrichSets=0;enrichActive=0;enrichDecoy=0;enrichAUC=n/a;enrichMargin=n/a
-0.320000,-1.000000,-0.250000,-0.100000,2.541725,0.726,-0.446,8,41,1423,1.000000,3.894287,0.562,0.000,0.000,8.224,26.615388,0.000000,0.000000,2.157895,1.000000,case=t6-thrombin-vina;rank=1;top=mode:1;decoys=0;margin=n/a;topRMSD=0.000;bestDecoyRMSD=n/a;contactSpec=n/a;clashPen=n/a;enrichSets=0;enrichActive=0;enrichDecoy=0;enrichAUC=n/a;enrichMargin=n/a | case=4q9r-spinach-2zy;rank=1;top=mode:1;decoys=10;margin=26.615;topRMSD=0.000;bestDecoyRMSD=8.224;contactSpec=0.000;clashPen=0.000;enrichSets=0;enrichActive=0;enrichDecoy=0;enrichAUC=n/a;enrichMargin=n/a | case=1fmn-fmn-riboswitch;rank=1;top=mode:1;decoys=0;margin=n/a;topRMSD=0.000;bestDecoyRMSD=n/a;contactSpec=n/a;clashPen=n/a;enrichSets=1;enrichActive=1;enrichDecoy=60;enrichAUC=1.000;enrichMargin=10.631 | case=1fmn-fmn-riboswitch-mg;rank=1;top=mode:1;decoys=0;margin=n/a;topRMSD=0.000;bestDecoyRMSD=n/a;contactSpec=n/a;clashPen=n/a;enrichSets=0;enrichActive=0;enrichDecoy=0;enrichAUC=n/a;enrichMargin=n/a | case=2g9c-purine-riboswitch;rank=1;top=mode:1;decoys=0;margin=n/a;topRMSD=0.000;bestDecoyRMSD=n/a;contactSpec=n/a;clashPen=n/a;enrichSets=1;enrichActive=7;enrichDecoy=88;enrichAUC=0.661;enrichMargin=-0.905 | case=4rzd-preq1-riboswitch;rank=1;top=mode:1;decoys=0;margin=n/a;topRMSD=0.000;bestDecoyRMSD=n/a;contactSpec=n/a;clashPen=n/a;enrichSets=1;enrichActive=5;enrichDecoy=74;enrichAUC=0.500;enrichMargin=0.000 | case=2gdi-tpp-riboswitch;rank=1;top=mode:1;decoys=0;margin=n/a;topRMSD=0.000;bestDecoyRMSD=n/a;contactSpec=n/a;clashPen=n/a;enrichSets=1;enrichActive=7;enrichDecoy=266;enrichAUC=0.636;enrichMargin=-14.684 | case=2ygh-sam-riboswitch;rank=1;top=mode:1;decoys=0;margin=n/a;topRMSD=0.000;bestDecoyRMSD=n/a;contactSpec=n/a;clashPen=n/a;enrichSets=1;enrichActive=3;enrichDecoy=238;enrichAUC=0.819;enrichMargin=-1.165 | case=3b4b-glms-riboswitch;rank=1;top=mode:1;decoys=0;margin=n/a;topRMSD=0.000;bestDecoyRMSD=n/a;contactSpec=n/a;clashPen=n/a;enrichSets=1;enrichActive=4;enrichDecoy=165;enrichAUC=0.750;enrichMargin=1.000 | case=2hoj-tpp-riboswitch;rank=1;top=mode:1;decoys=0;margin=n/a;topRMSD=0.000;bestDecoyRMSD=n/a;contactSpec=n/a;clashPen=n/a;enrichSets=2;enrichActive=14;enrichDecoy=532;enrichAUC=0.714;enrichMargin=2.000 | case=3sd3-thf-riboswitch;rank=1;top=mode:1;decoys=0;margin=n/a;topRMSD=0.000;bestDecoyRMSD=n/a;contactSpec=n/a;clashPen=n/a;enrichSets=0;enrichActive=0;enrichDecoy=0;enrichAUC=n/a;enrichMargin=n/a | case=5dhb-gmp-primer-template;rank=1;top=mode:1;decoys=0;margin=n/a;topRMSD=0.000;bestDecoyRMSD=n/a;contactSpec=n/a;clashPen=n/a;enrichSets=0;enrichActive=0;enrichDecoy=0;enrichAUC=n/a;enrichMargin=n/a | case=6c64-mango-ii-ekm;rank=1;top=mode:1;decoys=0;margin=n/a;topRMSD=0.000;bestDecoyRMSD=n/a;contactSpec=n/a;clashPen=n/a;enrichSets=0;enrichActive=0;enrichDecoy=0;enrichAUC=n/a;enrichMargin=n/a | case=5bjp-corn-dfho;rank=1;top=mode:1;decoys=0;margin=n/a;topRMSD=0.000;bestDecoyRMSD=n/a;contactSpec=n/a;clashPen=n/a;enrichSets=0;enrichActive=0;enrichDecoy=0;enrichAUC=n/a;enrichMargin=n/a | case=6wzs-ztp-riboswitch;rank=1;top=mode:1;decoys=0;margin=n/a;topRMSD=0.000;bestDecoyRMSD=n/a;contactSpec=n/a;clashPen=n/a;enrichSets=0;enrichActive=0;enrichDecoy=0;enrichAUC=n/a;enrichMargin=n/a | case=3irw-c-di-gmp-riboswitch;rank=1;top=mode:1;decoys=0;margin=n/a;topRMSD=0.000;bestDecoyRMSD=n/a;contactSpec=n/a;clashPen=n/a;enrichSets=0;enrichActive=0;enrichDecoy=0;enrichAUC=n/a;enrichMargin=n/a | case=4qlm-c-di-amp-riboswitch;rank=1;top=mode:1;decoys=0;margin=n/a;topRMSD=0.000;bestDecoyRMSD=n/a;contactSpec=n/a;clashPen=n/a;enrichSets=0;enrichActive=0;enrichDecoy=0;enrichAUC=n/a;enrichMargin=n/a | case=3d0u-lysine-riboswitch;rank=1;top=mode:1;decoys=0;margin=n/a;topRMSD=0.000;bestDecoyRMSD=n/a;contactSpec=n/a;clashPen=n/a;enrichSets=0;enrichActive=0;enrichDecoy=0;enrichAUC=n/a;enrichMargin=n/a | case=3oww-glycine-riboswitch;rank=1;top=mode:1;decoys=0;margin=n/a;topRMSD=0.000;bestDecoyRMSD=n/a;contactSpec=n/a;clashPen=n/a;enrichSets=0;enrichActive=0;enrichDecoy=0;enrichAUC=n/a;enrichMargin=n/a
-0.320000,-1.000000,-0.250000,-0.220000,2.541725,0.726,-0.446,8,41,1423,1.000000,3.894287,0.562,0.000,0.000,8.224,26.615388,0.000000,0.000000,2.157895,1.000000,case=t6-thrombin-vina;rank=1;top=mode:1;decoys=0;margin=n/a;topRMSD=0.000;bestDecoyRMSD=n/a;contactSpec=n/a;clashPen=n/a;enrichSets=0;enrichActive=0;enrichDecoy=0;enrichAUC=n/a;enrichMargin=n/a | case=4q9r-spinach-2zy;rank=1;top=mode:1;decoys=10;margin=26.615;topRMSD=0.000;bestDecoyRMSD=8.224;contactSpec=0.000;clashPen=0.000;enrichSets=0;enrichActive=0;enrichDecoy=0;enrichAUC=n/a;enrichMargin=n/a | case=1fmn-fmn-riboswitch;rank=1;top=mode:1;decoys=0;margin=n/a;topRMSD=0.000;bestDecoyRMSD=n/a;contactSpec=n/a;clashPen=n/a;enrichSets=1;enrichActive=1;enrichDecoy=60;enrichAUC=1.000;enrichMargin=10.631 | case=1fmn-fmn-riboswitch-mg;rank=1;top=mode:1;decoys=0;margin=n/a;topRMSD=0.000;bestDecoyRMSD=n/a;contactSpec=n/a;clashPen=n/a;enrichSets=0;enrichActive=0;enrichDecoy=0;enrichAUC=n/a;enrichMargin=n/a | case=2g9c-purine-riboswitch;rank=1;top=mode:1;decoys=0;margin=n/a;topRMSD=0.000;bestDecoyRMSD=n/a;contactSpec=n/a;clashPen=n/a;enrichSets=1;enrichActive=7;enrichDecoy=88;enrichAUC=0.661;enrichMargin=-0.905 | case=4rzd-preq1-riboswitch;rank=1;top=mode:1;decoys=0;margin=n/a;topRMSD=0.000;bestDecoyRMSD=n/a;contactSpec=n/a;clashPen=n/a;enrichSets=1;enrichActive=5;enrichDecoy=74;enrichAUC=0.500;enrichMargin=0.000 | case=2gdi-tpp-riboswitch;rank=1;top=mode:1;decoys=0;margin=n/a;topRMSD=0.000;bestDecoyRMSD=n/a;contactSpec=n/a;clashPen=n/a;enrichSets=1;enrichActive=7;enrichDecoy=266;enrichAUC=0.636;enrichMargin=-14.684 | case=2ygh-sam-riboswitch;rank=1;top=mode:1;decoys=0;margin=n/a;topRMSD=0.000;bestDecoyRMSD=n/a;contactSpec=n/a;clashPen=n/a;enrichSets=1;enrichActive=3;enrichDecoy=238;enrichAUC=0.819;enrichMargin=-1.165 | case=3b4b-glms-riboswitch;rank=1;top=mode:1;decoys=0;margin=n/a;topRMSD=0.000;bestDecoyRMSD=n/a;contactSpec=n/a;clashPen=n/a;enrichSets=1;enrichActive=4;enrichDecoy=165;enrichAUC=0.750;enrichMargin=1.000 | case=2hoj-tpp-riboswitch;rank=1;top=mode:1;decoys=0;margin=n/a;topRMSD=0.000;bestDecoyRMSD=n/a;contactSpec=n/a;clashPen=n/a;enrichSets=2;enrichActive=14;enrichDecoy=532;enrichAUC=0.714;enrichMargin=2.000 | case=3sd3-thf-riboswitch;rank=1;top=mode:1;decoys=0;margin=n/a;topRMSD=0.000;bestDecoyRMSD=n/a;contactSpec=n/a;clashPen=n/a;enrichSets=0;enrichActive=0;enrichDecoy=0;enrichAUC=n/a;enrichMargin=n/a | case=5dhb-gmp-primer-template;rank=1;top=mode:1;decoys=0;margin=n/a;topRMSD=0.000;bestDecoyRMSD=n/a;contactSpec=n/a;clashPen=n/a;enrichSets=0;enrichActive=0;enrichDecoy=0;enrichAUC=n/a;enrichMargin=n/a | case=6c64-mango-ii-ekm;rank=1;top=mode:1;decoys=0;margin=n/a;topRMSD=0.000;bestDecoyRMSD=n/a;contactSpec=n/a;clashPen=n/a;enrichSets=0;enrichActive=0;enrichDecoy=0;enrichAUC=n/a;enrichMargin=n/a | case=5bjp-corn-dfho;rank=1;top=mode:1;decoys=0;margin=n/a;topRMSD=0.000;bestDecoyRMSD=n/a;contactSpec=n/a;clashPen=n/a;enrichSets=0;enrichActive=0;enrichDecoy=0;enrichAUC=n/a;enrichMargin=n/a | case=6wzs-ztp-riboswitch;rank=1;top=mode:1;decoys=0;margin=n/a;topRMSD=0.000;bestDecoyRMSD=n/a;contactSpec=n/a;clashPen=n/a;enrichSets=0;enrichActive=0;enrichDecoy=0;enrichAUC=n/a;enrichMargin=n/a | case=3irw-c-di-gmp-riboswitch;rank=1;top=mode:1;decoys=0;margin=n/a;topRMSD=0.000;bestDecoyRMSD=n/a;contactSpec=n/a;clashPen=n/a;enrichSets=0;enrichActive=0;enrichDecoy=0;enrichAUC=n/a;enrichMargin=n/a | case=4qlm-c-di-amp-riboswitch;rank=1;top=mode:1;decoys=0;margin=n/a;topRMSD=0.000;bestDecoyRMSD=n/a;contactSpec=n/a;clashPen=n/a;enrichSets=0;enrichActive=0;enrichDecoy=0;enrichAUC=n/a;enrichMargin=n/a | case=3d0u-lysine-riboswitch;rank=1;top=mode:1;decoys=0;margin=n/a;topRMSD=0.000;bestDecoyRMSD=n/a;contactSpec=n/a;clashPen=n/a;enrichSets=0;enrichActive=0;enrichDecoy=0;enrichAUC=n/a;enrichMargin=n/a | case=3oww-glycine-riboswitch;rank=1;top=mode:1;decoys=0;margin=n/a;topRMSD=0.000;bestDecoyRMSD=n/a;contactSpec=n/a;clashPen=n/a;enrichSets=0;enrichActive=0;enrichDecoy=0;enrichAUC=n/a;enrichMargin=n/a
-0.320000,-1.000000,-0.250000,-0.350000,2.541725,0.726,-0.446,8,41,1423,1.000000,3.894287,0.562,0.000,0.000,8.224,26.615388,0.000000,0.000000,2.157895,1.000000,case=t6-thrombin-vina;rank=1;top=mode:1;decoys=0;margin=n/a;topRMSD=0.000;bestDecoyRMSD=n/a;contactSpec=n/a;clashPen=n/a;enrichSets=0;enrichActive=0;enrichDecoy=0;enrichAUC=n/a;enrichMargin=n/a | case=4q9r-spinach-2zy;rank=1;top=mode:1;decoys=10;margin=26.615;topRMSD=0.000;bestDecoyRMSD=8.224;contactSpec=0.000;clashPen=0.000;enrichSets=0;enrichActive=0;enrichDecoy=0;enrichAUC=n/a;enrichMargin=n/a | case=1fmn-fmn-riboswitch;rank=1;top=mode:1;decoys=0;margin=n/a;topRMSD=0.000;bestDecoyRMSD=n/a;contactSpec=n/a;clashPen=n/a;enrichSets=1;enrichActive=1;enrichDecoy=60;enrichAUC=1.000;enrichMargin=10.631 | case=1fmn-fmn-riboswitch-mg;rank=1;top=mode:1;decoys=0;margin=n/a;topRMSD=0.000;bestDecoyRMSD=n/a;contactSpec=n/a;clashPen=n/a;enrichSets=0;enrichActive=0;enrichDecoy=0;enrichAUC=n/a;enrichMargin=n/a | case=2g9c-purine-riboswitch;rank=1;top=mode:1;decoys=0;margin=n/a;topRMSD=0.000;bestDecoyRMSD=n/a;contactSpec=n/a;clashPen=n/a;enrichSets=1;enrichActive=7;enrichDecoy=88;enrichAUC=0.661;enrichMargin=-0.905 | case=4rzd-preq1-riboswitch;rank=1;top=mode:1;decoys=0;margin=n/a;topRMSD=0.000;bestDecoyRMSD=n/a;contactSpec=n/a;clashPen=n/a;enrichSets=1;enrichActive=5;enrichDecoy=74;enrichAUC=0.500;enrichMargin=0.000 | case=2gdi-tpp-riboswitch;rank=1;top=mode:1;decoys=0;margin=n/a;topRMSD=0.000;bestDecoyRMSD=n/a;contactSpec=n/a;clashPen=n/a;enrichSets=1;enrichActive=7;enrichDecoy=266;enrichAUC=0.636;enrichMargin=-14.684 | case=2ygh-sam-riboswitch;rank=1;top=mode:1;decoys=0;margin=n/a;topRMSD=0.000;bestDecoyRMSD=n/a;contactSpec=n/a;clashPen=n/a;enrichSets=1;enrichActive=3;enrichDecoy=238;enrichAUC=0.819;enrichMargin=-1.165 | case=3b4b-glms-riboswitch;rank=1;top=mode:1;decoys=0;margin=n/a;topRMSD=0.000;bestDecoyRMSD=n/a;contactSpec=n/a;clashPen=n/a;enrichSets=1;enrichActive=4;enrichDecoy=165;enrichAUC=0.750;enrichMargin=1.000 | case=2hoj-tpp-riboswitch;rank=1;top=mode:1;decoys=0;margin=n/a;topRMSD=0.000;bestDecoyRMSD=n/a;contactSpec=n/a;clashPen=n/a;enrichSets=2;enrichActive=14;enrichDecoy=532;enrichAUC=0.714;enrichMargin=2.000 | case=3sd3-thf-riboswitch;rank=1;top=mode:1;decoys=0;margin=n/a;topRMSD=0.000;bestDecoyRMSD=n/a;contactSpec=n/a;clashPen=n/a;enrichSets=0;enrichActive=0;enrichDecoy=0;enrichAUC=n/a;enrichMargin=n/a | case=5dhb-gmp-primer-template;rank=1;top=mode:1;decoys=0;margin=n/a;topRMSD=0.000;bestDecoyRMSD=n/a;contactSpec=n/a;clashPen=n/a;enrichSets=0;enrichActive=0;enrichDecoy=0;enrichAUC=n/a;enrichMargin=n/a | case=6c64-mango-ii-ekm;rank=1;top=mode:1;decoys=0;margin=n/a;topRMSD=0.000;bestDecoyRMSD=n/a;contactSpec=n/a;clashPen=n/a;enrichSets=0;enrichActive=0;enrichDecoy=0;enrichAUC=n/a;enrichMargin=n/a | case=5bjp-corn-dfho;rank=1;top=mode:1;decoys=0;margin=n/a;topRMSD=0.000;bestDecoyRMSD=n/a;contactSpec=n/a;clashPen=n/a;enrichSets=0;enrichActive=0;enrichDecoy=0;enrichAUC=n/a;enrichMargin=n/a | case=6wzs-ztp-riboswitch;rank=1;top=mode:1;decoys=0;margin=n/a;topRMSD=0.000;bestDecoyRMSD=n/a;contactSpec=n/a;clashPen=n/a;enrichSets=0;enrichActive=0;enrichDecoy=0;enrichAUC=n/a;enrichMargin=n/a | case=3irw-c-di-gmp-riboswitch;rank=1;top=mode:1;decoys=0;margin=n/a;topRMSD=0.000;bestDecoyRMSD=n/a;contactSpec=n/a;clashPen=n/a;enrichSets=0;enrichActive=0;enrichDecoy=0;enrichAUC=n/a;enrichMargin=n/a | case=4qlm-c-di-amp-riboswitch;rank=1;top=mode:1;decoys=0;margin=n/a;topRMSD=0.000;bestDecoyRMSD=n/a;contactSpec=n/a;clashPen=n/a;enrichSets=0;enrichActive=0;enrichDecoy=0;enrichAUC=n/a;enrichMargin=n/a | case=3d0u-lysine-riboswitch;rank=1;top=mode:1;decoys=0;margin=n/a;topRMSD=0.000;bestDecoyRMSD=n/a;contactSpec=n/a;clashPen=n/a;enrichSets=0;enrichActive=0;enrichDecoy=0;enrichAUC=n/a;enrichMargin=n/a | case=3oww-glycine-riboswitch;rank=1;top=mode:1;decoys=0;margin=n/a;topRMSD=0.000;bestDecoyRMSD=n/a;contactSpec=n/a;clashPen=n/a;enrichSets=0;enrichActive=0;enrichDecoy=0;enrichAUC=n/a;enrichMargin=n/a
-0.120000,-1.000000,-0.350000,-0.100000,2.547369,0.725,-0.453,8,41,1423,1.000000,3.893376,0.562,0.000,0.000,8.224,26.605369,0.000000,0.000000,2.157895,1.000000,case=t6-thrombin-vina;rank=1;top=mode:1;decoys=0;margin=n/a;topRMSD=0.000;bestDecoyRMSD=n/a;contactSpec=n/a;clashPen=n/a;enrichSets=0;enrichActive=0;enrichDecoy=0;enrichAUC=n/a;enrichMargin=n/a | case=4q9r-spinach-2zy;rank=1;top=mode:1;decoys=10;margin=26.605;topRMSD=0.000;bestDecoyRMSD=8.224;contactSpec=0.000;clashPen=0.000;enrichSets=0;enrichActive=0;enrichDecoy=0;enrichAUC=n/a;enrichMargin=n/a | case=1fmn-fmn-riboswitch;rank=1;top=mode:1;decoys=0;margin=n/a;topRMSD=0.000;bestDecoyRMSD=n/a;contactSpec=n/a;clashPen=n/a;enrichSets=1;enrichActive=1;enrichDecoy=60;enrichAUC=1.000;enrichMargin=10.424 | case=1fmn-fmn-riboswitch-mg;rank=1;top=mode:1;decoys=0;margin=n/a;topRMSD=0.000;bestDecoyRMSD=n/a;contactSpec=n/a;clashPen=n/a;enrichSets=0;enrichActive=0;enrichDecoy=0;enrichAUC=n/a;enrichMargin=n/a | case=2g9c-purine-riboswitch;rank=1;top=mode:1;decoys=0;margin=n/a;topRMSD=0.000;bestDecoyRMSD=n/a;contactSpec=n/a;clashPen=n/a;enrichSets=1;enrichActive=7;enrichDecoy=88;enrichAUC=0.657;enrichMargin=-0.906 | case=4rzd-preq1-riboswitch;rank=1;top=mode:1;decoys=0;margin=n/a;topRMSD=0.000;bestDecoyRMSD=n/a;contactSpec=n/a;clashPen=n/a;enrichSets=1;enrichActive=5;enrichDecoy=74;enrichAUC=0.500;enrichMargin=0.000 | case=2gdi-tpp-riboswitch;rank=1;top=mode:1;decoys=0;margin=n/a;topRMSD=0.000;bestDecoyRMSD=n/a;contactSpec=n/a;clashPen=n/a;enrichSets=1;enrichActive=7;enrichDecoy=266;enrichAUC=0.633;enrichMargin=-14.656 | case=2ygh-sam-riboswitch;rank=1;top=mode:1;decoys=0;margin=n/a;topRMSD=0.000;bestDecoyRMSD=n/a;contactSpec=n/a;clashPen=n/a;enrichSets=1;enrichActive=3;enrichDecoy=238;enrichAUC=0.821;enrichMargin=-1.032 | case=3b4b-glms-riboswitch;rank=1;top=mode:1;decoys=0;margin=n/a;topRMSD=0.000;bestDecoyRMSD=n/a;contactSpec=n/a;clashPen=n/a;enrichSets=1;enrichActive=4;enrichDecoy=165;enrichAUC=0.750;enrichMargin=1.000 | case=2hoj-tpp-riboswitch;rank=1;top=mode:1;decoys=0;margin=n/a;topRMSD=0.000;bestDecoyRMSD=n/a;contactSpec=n/a;clashPen=n/a;enrichSets=2;enrichActive=14;enrichDecoy=532;enrichAUC=0.714;enrichMargin=2.000 | case=3sd3-thf-riboswitch;rank=1;top=mode:1;decoys=0;margin=n/a;topRMSD=0.000;bestDecoyRMSD=n/a;contactSpec=n/a;clashPen=n/a;enrichSets=0;enrichActive=0;enrichDecoy=0;enrichAUC=n/a;enrichMargin=n/a | case=5dhb-gmp-primer-template;rank=1;top=mode:1;decoys=0;margin=n/a;topRMSD=0.000;bestDecoyRMSD=n/a;contactSpec=n/a;clashPen=n/a;enrichSets=0;enrichActive=0;enrichDecoy=0;enrichAUC=n/a;enrichMargin=n/a | case=6c64-mango-ii-ekm;rank=1;top=mode:1;decoys=0;margin=n/a;topRMSD=0.000;bestDecoyRMSD=n/a;contactSpec=n/a;clashPen=n/a;enrichSets=0;enrichActive=0;enrichDecoy=0;enrichAUC=n/a;enrichMargin=n/a | case=5bjp-corn-dfho;rank=1;top=mode:1;decoys=0;margin=n/a;topRMSD=0.000;bestDecoyRMSD=n/a;contactSpec=n/a;clashPen=n/a;enrichSets=0;enrichActive=0;enrichDecoy=0;enrichAUC=n/a;enrichMargin=n/a | case=6wzs-ztp-riboswitch;rank=1;top=mode:1;decoys=0;margin=n/a;topRMSD=0.000;bestDecoyRMSD=n/a;contactSpec=n/a;clashPen=n/a;enrichSets=0;enrichActive=0;enrichDecoy=0;enrichAUC=n/a;enrichMargin=n/a | case=3irw-c-di-gmp-riboswitch;rank=1;top=mode:1;decoys=0;margin=n/a;topRMSD=0.000;bestDecoyRMSD=n/a;contactSpec=n/a;clashPen=n/a;enrichSets=0;enrichActive=0;enrichDecoy=0;enrichAUC=n/a;enrichMargin=n/a | case=4qlm-c-di-amp-riboswitch;rank=1;top=mode:1;decoys=0;margin=n/a;topRMSD=0.000;bestDecoyRMSD=n/a;contactSpec=n/a;clashPen=n/a;enrichSets=0;enrichActive=0;enrichDecoy=0;enrichAUC=n/a;enrichMargin=n/a | case=3d0u-lysine-riboswitch;rank=1;top=mode:1;decoys=0;margin=n/a;topRMSD=0.000;bestDecoyRMSD=n/a;contactSpec=n/a;clashPen=n/a;enrichSets=0;enrichActive=0;enrichDecoy=0;enrichAUC=n/a;enrichMargin=n/a | case=3oww-glycine-riboswitch;rank=1;top=mode:1;decoys=0;margin=n/a;topRMSD=0.000;bestDecoyRMSD=n/a;contactSpec=n/a;clashPen=n/a;enrichSets=0;enrichActive=0;enrichDecoy=0;enrichAUC=n/a;enrichMargin=n/a
-0.120000,-1.000000,-0.350000,-0.220000,2.547369,0.725,-0.453,8,41,1423,1.000000,3.893376,0.562,0.000,0.000,8.224,26.605369,0.000000,0.000000,2.157895,1.000000,case=t6-thrombin-vina;rank=1;top=mode:1;decoys=0;margin=n/a;topRMSD=0.000;bestDecoyRMSD=n/a;contactSpec=n/a;clashPen=n/a;enrichSets=0;enrichActive=0;enrichDecoy=0;enrichAUC=n/a;enrichMargin=n/a | case=4q9r-spinach-2zy;rank=1;top=mode:1;decoys=10;margin=26.605;topRMSD=0.000;bestDecoyRMSD=8.224;contactSpec=0.000;clashPen=0.000;enrichSets=0;enrichActive=0;enrichDecoy=0;enrichAUC=n/a;enrichMargin=n/a | case=1fmn-fmn-riboswitch;rank=1;top=mode:1;decoys=0;margin=n/a;topRMSD=0.000;bestDecoyRMSD=n/a;contactSpec=n/a;clashPen=n/a;enrichSets=1;enrichActive=1;enrichDecoy=60;enrichAUC=1.000;enrichMargin=10.424 | case=1fmn-fmn-riboswitch-mg;rank=1;top=mode:1;decoys=0;margin=n/a;topRMSD=0.000;bestDecoyRMSD=n/a;contactSpec=n/a;clashPen=n/a;enrichSets=0;enrichActive=0;enrichDecoy=0;enrichAUC=n/a;enrichMargin=n/a | case=2g9c-purine-riboswitch;rank=1;top=mode:1;decoys=0;margin=n/a;topRMSD=0.000;bestDecoyRMSD=n/a;contactSpec=n/a;clashPen=n/a;enrichSets=1;enrichActive=7;enrichDecoy=88;enrichAUC=0.657;enrichMargin=-0.906 | case=4rzd-preq1-riboswitch;rank=1;top=mode:1;decoys=0;margin=n/a;topRMSD=0.000;bestDecoyRMSD=n/a;contactSpec=n/a;clashPen=n/a;enrichSets=1;enrichActive=5;enrichDecoy=74;enrichAUC=0.500;enrichMargin=0.000 | case=2gdi-tpp-riboswitch;rank=1;top=mode:1;decoys=0;margin=n/a;topRMSD=0.000;bestDecoyRMSD=n/a;contactSpec=n/a;clashPen=n/a;enrichSets=1;enrichActive=7;enrichDecoy=266;enrichAUC=0.633;enrichMargin=-14.656 | case=2ygh-sam-riboswitch;rank=1;top=mode:1;decoys=0;margin=n/a;topRMSD=0.000;bestDecoyRMSD=n/a;contactSpec=n/a;clashPen=n/a;enrichSets=1;enrichActive=3;enrichDecoy=238;enrichAUC=0.821;enrichMargin=-1.032 | case=3b4b-glms-riboswitch;rank=1;top=mode:1;decoys=0;margin=n/a;topRMSD=0.000;bestDecoyRMSD=n/a;contactSpec=n/a;clashPen=n/a;enrichSets=1;enrichActive=4;enrichDecoy=165;enrichAUC=0.750;enrichMargin=1.000 | case=2hoj-tpp-riboswitch;rank=1;top=mode:1;decoys=0;margin=n/a;topRMSD=0.000;bestDecoyRMSD=n/a;contactSpec=n/a;clashPen=n/a;enrichSets=2;enrichActive=14;enrichDecoy=532;enrichAUC=0.714;enrichMargin=2.000 | case=3sd3-thf-riboswitch;rank=1;top=mode:1;decoys=0;margin=n/a;topRMSD=0.000;bestDecoyRMSD=n/a;contactSpec=n/a;clashPen=n/a;enrichSets=0;enrichActive=0;enrichDecoy=0;enrichAUC=n/a;enrichMargin=n/a | case=5dhb-gmp-primer-template;rank=1;top=mode:1;decoys=0;margin=n/a;topRMSD=0.000;bestDecoyRMSD=n/a;contactSpec=n/a;clashPen=n/a;enrichSets=0;enrichActive=0;enrichDecoy=0;enrichAUC=n/a;enrichMargin=n/a | case=6c64-mango-ii-ekm;rank=1;top=mode:1;decoys=0;margin=n/a;topRMSD=0.000;bestDecoyRMSD=n/a;contactSpec=n/a;clashPen=n/a;enrichSets=0;enrichActive=0;enrichDecoy=0;enrichAUC=n/a;enrichMargin=n/a | case=5bjp-corn-dfho;rank=1;top=mode:1;decoys=0;margin=n/a;topRMSD=0.000;bestDecoyRMSD=n/a;contactSpec=n/a;clashPen=n/a;enrichSets=0;enrichActive=0;enrichDecoy=0;enrichAUC=n/a;enrichMargin=n/a | case=6wzs-ztp-riboswitch;rank=1;top=mode:1;decoys=0;margin=n/a;topRMSD=0.000;bestDecoyRMSD=n/a;contactSpec=n/a;clashPen=n/a;enrichSets=0;enrichActive=0;enrichDecoy=0;enrichAUC=n/a;enrichMargin=n/a | case=3irw-c-di-gmp-riboswitch;rank=1;top=mode:1;decoys=0;margin=n/a;topRMSD=0.000;bestDecoyRMSD=n/a;contactSpec=n/a;clashPen=n/a;enrichSets=0;enrichActive=0;enrichDecoy=0;enrichAUC=n/a;enrichMargin=n/a | case=4qlm-c-di-amp-riboswitch;rank=1;top=mode:1;decoys=0;margin=n/a;topRMSD=0.000;bestDecoyRMSD=n/a;contactSpec=n/a;clashPen=n/a;enrichSets=0;enrichActive=0;enrichDecoy=0;enrichAUC=n/a;enrichMargin=n/a | case=3d0u-lysine-riboswitch;rank=1;top=mode:1;decoys=0;margin=n/a;topRMSD=0.000;bestDecoyRMSD=n/a;contactSpec=n/a;clashPen=n/a;enrichSets=0;enrichActive=0;enrichDecoy=0;enrichAUC=n/a;enrichMargin=n/a | case=3oww-glycine-riboswitch;rank=1;top=mode:1;decoys=0;margin=n/a;topRMSD=0.000;bestDecoyRMSD=n/a;contactSpec=n/a;clashPen=n/a;enrichSets=0;enrichActive=0;enrichDecoy=0;enrichAUC=n/a;enrichMargin=n/a
-0.120000,-1.000000,-0.350000,-0.350000,2.547369,0.725,-0.453,8,41,1423,1.000000,3.893376,0.562,0.000,0.000,8.224,26.605369,0.000000,0.000000,2.157895,1.000000,case=t6-thrombin-vina;rank=1;top=mode:1;decoys=0;margin=n/a;topRMSD=0.000;bestDecoyRMSD=n/a;contactSpec=n/a;clashPen=n/a;enrichSets=0;enrichActive=0;enrichDecoy=0;enrichAUC=n/a;enrichMargin=n/a | case=4q9r-spinach-2zy;rank=1;top=mode:1;decoys=10;margin=26.605;topRMSD=0.000;bestDecoyRMSD=8.224;contactSpec=0.000;clashPen=0.000;enrichSets=0;enrichActive=0;enrichDecoy=0;enrichAUC=n/a;enrichMargin=n/a | case=1fmn-fmn-riboswitch;rank=1;top=mode:1;decoys=0;margin=n/a;topRMSD=0.000;bestDecoyRMSD=n/a;contactSpec=n/a;clashPen=n/a;enrichSets=1;enrichActive=1;enrichDecoy=60;enrichAUC=1.000;enrichMargin=10.424 | case=1fmn-fmn-riboswitch-mg;rank=1;top=mode:1;decoys=0;margin=n/a;topRMSD=0.000;bestDecoyRMSD=n/a;contactSpec=n/a;clashPen=n/a;enrichSets=0;enrichActive=0;enrichDecoy=0;enrichAUC=n/a;enrichMargin=n/a | case=2g9c-purine-riboswitch;rank=1;top=mode:1;decoys=0;margin=n/a;topRMSD=0.000;bestDecoyRMSD=n/a;contactSpec=n/a;clashPen=n/a;enrichSets=1;enrichActive=7;enrichDecoy=88;enrichAUC=0.657;enrichMargin=-0.906 | case=4rzd-preq1-riboswitch;rank=1;top=mode:1;decoys=0;margin=n/a;topRMSD=0.000;bestDecoyRMSD=n/a;contactSpec=n/a;clashPen=n/a;enrichSets=1;enrichActive=5;enrichDecoy=74;enrichAUC=0.500;enrichMargin=0.000 | case=2gdi-tpp-riboswitch;rank=1;top=mode:1;decoys=0;margin=n/a;topRMSD=0.000;bestDecoyRMSD=n/a;contactSpec=n/a;clashPen=n/a;enrichSets=1;enrichActive=7;enrichDecoy=266;enrichAUC=0.633;enrichMargin=-14.656 | case=2ygh-sam-riboswitch;rank=1;top=mode:1;decoys=0;margin=n/a;topRMSD=0.000;bestDecoyRMSD=n/a;contactSpec=n/a;clashPen=n/a;enrichSets=1;enrichActive=3;enrichDecoy=238;enrichAUC=0.821;enrichMargin=-1.032 | case=3b4b-glms-riboswitch;rank=1;top=mode:1;decoys=0;margin=n/a;topRMSD=0.000;bestDecoyRMSD=n/a;contactSpec=n/a;clashPen=n/a;enrichSets=1;enrichActive=4;enrichDecoy=165;enrichAUC=0.750;enrichMargin=1.000 | case=2hoj-tpp-riboswitch;rank=1;top=mode:1;decoys=0;margin=n/a;topRMSD=0.000;bestDecoyRMSD=n/a;contactSpec=n/a;clashPen=n/a;enrichSets=2;enrichActive=14;enrichDecoy=532;enrichAUC=0.714;enrichMargin=2.000 | case=3sd3-thf-riboswitch;rank=1;top=mode:1;decoys=0;margin=n/a;topRMSD=0.000;bestDecoyRMSD=n/a;contactSpec=n/a;clashPen=n/a;enrichSets=0;enrichActive=0;enrichDecoy=0;enrichAUC=n/a;enrichMargin=n/a | case=5dhb-gmp-primer-template;rank=1;top=mode:1;decoys=0;margin=n/a;topRMSD=0.000;bestDecoyRMSD=n/a;contactSpec=n/a;clashPen=n/a;enrichSets=0;enrichActive=0;enrichDecoy=0;enrichAUC=n/a;enrichMargin=n/a | case=6c64-mango-ii-ekm;rank=1;top=mode:1;decoys=0;margin=n/a;topRMSD=0.000;bestDecoyRMSD=n/a;contactSpec=n/a;clashPen=n/a;enrichSets=0;enrichActive=0;enrichDecoy=0;enrichAUC=n/a;enrichMargin=n/a | case=5bjp-corn-dfho;rank=1;top=mode:1;decoys=0;margin=n/a;topRMSD=0.000;bestDecoyRMSD=n/a;contactSpec=n/a;clashPen=n/a;enrichSets=0;enrichActive=0;enrichDecoy=0;enrichAUC=n/a;enrichMargin=n/a | case=6wzs-ztp-riboswitch;rank=1;top=mode:1;decoys=0;margin=n/a;topRMSD=0.000;bestDecoyRMSD=n/a;contactSpec=n/a;clashPen=n/a;enrichSets=0;enrichActive=0;enrichDecoy=0;enrichAUC=n/a;enrichMargin=n/a | case=3irw-c-di-gmp-riboswitch;rank=1;top=mode:1;decoys=0;margin=n/a;topRMSD=0.000;bestDecoyRMSD=n/a;contactSpec=n/a;clashPen=n/a;enrichSets=0;enrichActive=0;enrichDecoy=0;enrichAUC=n/a;enrichMargin=n/a | case=4qlm-c-di-amp-riboswitch;rank=1;top=mode:1;decoys=0;margin=n/a;topRMSD=0.000;bestDecoyRMSD=n/a;contactSpec=n/a;clashPen=n/a;enrichSets=0;enrichActive=0;enrichDecoy=0;enrichAUC=n/a;enrichMargin=n/a | case=3d0u-lysine-riboswitch;rank=1;top=mode:1;decoys=0;margin=n/a;topRMSD=0.000;bestDecoyRMSD=n/a;contactSpec=n/a;clashPen=n/a;enrichSets=0;enrichActive=0;enrichDecoy=0;enrichAUC=n/a;enrichMargin=n/a | case=3oww-glycine-riboswitch;rank=1;top=mode:1;decoys=0;margin=n/a;topRMSD=0.000;bestDecoyRMSD=n/a;contactSpec=n/a;clashPen=n/a;enrichSets=0;enrichActive=0;enrichDecoy=0;enrichAUC=n/a;enrichMargin=n/a
-0.240000,-1.000000,-0.250000,-0.100000,2.549809,0.726,-0.455,8,41,1423,1.000000,3.899041,0.562,0.000,0.000,8.224,26.615408,0.000000,0.000000,2.157895,1.000000,case=t6-thrombin-vina;rank=1;top=mode:1;decoys=0;margin=n/a;topRMSD=0.000;bestDecoyRMSD=n/a;contactSpec=n/a;clashPen=n/a;enrichSets=0;enrichActive=0;enrichDecoy=0;enrichAUC=n/a;enrichMargin=n/a | case=4q9r-spinach-2zy;rank=1;top=mode:1;decoys=10;margin=26.615;topRMSD=0.000;bestDecoyRMSD=8.224;contactSpec=0.000;clashPen=0.000;enrichSets=0;enrichActive=0;enrichDecoy=0;enrichAUC=n/a;enrichMargin=n/a | case=1fmn-fmn-riboswitch;rank=1;top=mode:1;decoys=0;margin=n/a;topRMSD=0.000;bestDecoyRMSD=n/a;contactSpec=n/a;clashPen=n/a;enrichSets=1;enrichActive=1;enrichDecoy=60;enrichAUC=1.000;enrichMargin=10.491 | case=1fmn-fmn-riboswitch-mg;rank=1;top=mode:1;decoys=0;margin=n/a;topRMSD=0.000;bestDecoyRMSD=n/a;contactSpec=n/a;clashPen=n/a;enrichSets=0;enrichActive=0;enrichDecoy=0;enrichAUC=n/a;enrichMargin=n/a | case=2g9c-purine-riboswitch;rank=1;top=mode:1;decoys=0;margin=n/a;topRMSD=0.000;bestDecoyRMSD=n/a;contactSpec=n/a;clashPen=n/a;enrichSets=1;enrichActive=7;enrichDecoy=88;enrichAUC=0.659;enrichMargin=-0.905 | case=4rzd-preq1-riboswitch;rank=1;top=mode:1;decoys=0;margin=n/a;topRMSD=0.000;bestDecoyRMSD=n/a;contactSpec=n/a;clashPen=n/a;enrichSets=1;enrichActive=5;enrichDecoy=74;enrichAUC=0.500;enrichMargin=0.000 | case=2gdi-tpp-riboswitch;rank=1;top=mode:1;decoys=0;margin=n/a;topRMSD=0.000;bestDecoyRMSD=n/a;contactSpec=n/a;clashPen=n/a;enrichSets=1;enrichActive=7;enrichDecoy=266;enrichAUC=0.636;enrichMargin=-14.673 | case=2ygh-sam-riboswitch;rank=1;top=mode:1;decoys=0;margin=n/a;topRMSD=0.000;bestDecoyRMSD=n/a;contactSpec=n/a;clashPen=n/a;enrichSets=1;enrichActive=3;enrichDecoy=238;enrichAUC=0.819;enrichMargin=-1.098 | case=3b4b-glms-riboswitch;rank=1;top=mode:1;decoys=0;margin=n/a;topRMSD=0.000;bestDecoyRMSD=n/a;contactSpec=n/a;clashPen=n/a;enrichSets=1;enrichActive=4;enrichDecoy=165;enrichAUC=0.750;enrichMargin=1.000 | case=2hoj-tpp-riboswitch;rank=1;top=mode:1;decoys=0;margin=n/a;topRMSD=0.000;bestDecoyRMSD=n/a;contactSpec=n/a;clashPen=n/a;enrichSets=2;enrichActive=14;enrichDecoy=532;enrichAUC=0.714;enrichMargin=2.000 | case=3sd3-thf-riboswitch;rank=1;top=mode:1;decoys=0;margin=n/a;topRMSD=0.000;bestDecoyRMSD=n/a;contactSpec=n/a;clashPen=n/a;enrichSets=0;enrichActive=0;enrichDecoy=0;enrichAUC=n/a;enrichMargin=n/a | case=5dhb-gmp-primer-template;rank=1;top=mode:1;decoys=0;margin=n/a;topRMSD=0.000;bestDecoyRMSD=n/a;contactSpec=n/a;clashPen=n/a;enrichSets=0;enrichActive=0;enrichDecoy=0;enrichAUC=n/a;enrichMargin=n/a | case=6c64-mango-ii-ekm;rank=1;top=mode:1;decoys=0;margin=n/a;topRMSD=0.000;bestDecoyRMSD=n/a;contactSpec=n/a;clashPen=n/a;enrichSets=0;enrichActive=0;enrichDecoy=0;enrichAUC=n/a;enrichMargin=n/a | case=5bjp-corn-dfho;rank=1;top=mode:1;decoys=0;margin=n/a;topRMSD=0.000;bestDecoyRMSD=n/a;contactSpec=n/a;clashPen=n/a;enrichSets=0;enrichActive=0;enrichDecoy=0;enrichAUC=n/a;enrichMargin=n/a | case=6wzs-ztp-riboswitch;rank=1;top=mode:1;decoys=0;margin=n/a;topRMSD=0.000;bestDecoyRMSD=n/a;contactSpec=n/a;clashPen=n/a;enrichSets=0;enrichActive=0;enrichDecoy=0;enrichAUC=n/a;enrichMargin=n/a | case=3irw-c-di-gmp-riboswitch;rank=1;top=mode:1;decoys=0;margin=n/a;topRMSD=0.000;bestDecoyRMSD=n/a;contactSpec=n/a;clashPen=n/a;enrichSets=0;enrichActive=0;enrichDecoy=0;enrichAUC=n/a;enrichMargin=n/a | case=4qlm-c-di-amp-riboswitch;rank=1;top=mode:1;decoys=0;margin=n/a;topRMSD=0.000;bestDecoyRMSD=n/a;contactSpec=n/a;clashPen=n/a;enrichSets=0;enrichActive=0;enrichDecoy=0;enrichAUC=n/a;enrichMargin=n/a | case=3d0u-lysine-riboswitch;rank=1;top=mode:1;decoys=0;margin=n/a;topRMSD=0.000;bestDecoyRMSD=n/a;contactSpec=n/a;clashPen=n/a;enrichSets=0;enrichActive=0;enrichDecoy=0;enrichAUC=n/a;enrichMargin=n/a | case=3oww-glycine-riboswitch;rank=1;top=mode:1;decoys=0;margin=n/a;topRMSD=0.000;bestDecoyRMSD=n/a;contactSpec=n/a;clashPen=n/a;enrichSets=0;enrichActive=0;enrichDecoy=0;enrichAUC=n/a;enrichMargin=n/a
-0.240000,-1.000000,-0.250000,-0.220000,2.549809,0.726,-0.455,8,41,1423,1.000000,3.899041,0.562,0.000,0.000,8.224,26.615408,0.000000,0.000000,2.157895,1.000000,case=t6-thrombin-vina;rank=1;top=mode:1;decoys=0;margin=n/a;topRMSD=0.000;bestDecoyRMSD=n/a;contactSpec=n/a;clashPen=n/a;enrichSets=0;enrichActive=0;enrichDecoy=0;enrichAUC=n/a;enrichMargin=n/a | case=4q9r-spinach-2zy;rank=1;top=mode:1;decoys=10;margin=26.615;topRMSD=0.000;bestDecoyRMSD=8.224;contactSpec=0.000;clashPen=0.000;enrichSets=0;enrichActive=0;enrichDecoy=0;enrichAUC=n/a;enrichMargin=n/a | case=1fmn-fmn-riboswitch;rank=1;top=mode:1;decoys=0;margin=n/a;topRMSD=0.000;bestDecoyRMSD=n/a;contactSpec=n/a;clashPen=n/a;enrichSets=1;enrichActive=1;enrichDecoy=60;enrichAUC=1.000;enrichMargin=10.491 | case=1fmn-fmn-riboswitch-mg;rank=1;top=mode:1;decoys=0;margin=n/a;topRMSD=0.000;bestDecoyRMSD=n/a;contactSpec=n/a;clashPen=n/a;enrichSets=0;enrichActive=0;enrichDecoy=0;enrichAUC=n/a;enrichMargin=n/a | case=2g9c-purine-riboswitch;rank=1;top=mode:1;decoys=0;margin=n/a;topRMSD=0.000;bestDecoyRMSD=n/a;contactSpec=n/a;clashPen=n/a;enrichSets=1;enrichActive=7;enrichDecoy=88;enrichAUC=0.659;enrichMargin=-0.905 | case=4rzd-preq1-riboswitch;rank=1;top=mode:1;decoys=0;margin=n/a;topRMSD=0.000;bestDecoyRMSD=n/a;contactSpec=n/a;clashPen=n/a;enrichSets=1;enrichActive=5;enrichDecoy=74;enrichAUC=0.500;enrichMargin=0.000 | case=2gdi-tpp-riboswitch;rank=1;top=mode:1;decoys=0;margin=n/a;topRMSD=0.000;bestDecoyRMSD=n/a;contactSpec=n/a;clashPen=n/a;enrichSets=1;enrichActive=7;enrichDecoy=266;enrichAUC=0.636;enrichMargin=-14.673 | case=2ygh-sam-riboswitch;rank=1;top=mode:1;decoys=0;margin=n/a;topRMSD=0.000;bestDecoyRMSD=n/a;contactSpec=n/a;clashPen=n/a;enrichSets=1;enrichActive=3;enrichDecoy=238;enrichAUC=0.819;enrichMargin=-1.098 | case=3b4b-glms-riboswitch;rank=1;top=mode:1;decoys=0;margin=n/a;topRMSD=0.000;bestDecoyRMSD=n/a;contactSpec=n/a;clashPen=n/a;enrichSets=1;enrichActive=4;enrichDecoy=165;enrichAUC=0.750;enrichMargin=1.000 | case=2hoj-tpp-riboswitch;rank=1;top=mode:1;decoys=0;margin=n/a;topRMSD=0.000;bestDecoyRMSD=n/a;contactSpec=n/a;clashPen=n/a;enrichSets=2;enrichActive=14;enrichDecoy=532;enrichAUC=0.714;enrichMargin=2.000 | case=3sd3-thf-riboswitch;rank=1;top=mode:1;decoys=0;margin=n/a;topRMSD=0.000;bestDecoyRMSD=n/a;contactSpec=n/a;clashPen=n/a;enrichSets=0;enrichActive=0;enrichDecoy=0;enrichAUC=n/a;enrichMargin=n/a | case=5dhb-gmp-primer-template;rank=1;top=mode:1;decoys=0;margin=n/a;topRMSD=0.000;bestDecoyRMSD=n/a;contactSpec=n/a;clashPen=n/a;enrichSets=0;enrichActive=0;enrichDecoy=0;enrichAUC=n/a;enrichMargin=n/a | case=6c64-mango-ii-ekm;rank=1;top=mode:1;decoys=0;margin=n/a;topRMSD=0.000;bestDecoyRMSD=n/a;contactSpec=n/a;clashPen=n/a;enrichSets=0;enrichActive=0;enrichDecoy=0;enrichAUC=n/a;enrichMargin=n/a | case=5bjp-corn-dfho;rank=1;top=mode:1;decoys=0;margin=n/a;topRMSD=0.000;bestDecoyRMSD=n/a;contactSpec=n/a;clashPen=n/a;enrichSets=0;enrichActive=0;enrichDecoy=0;enrichAUC=n/a;enrichMargin=n/a | case=6wzs-ztp-riboswitch;rank=1;top=mode:1;decoys=0;margin=n/a;topRMSD=0.000;bestDecoyRMSD=n/a;contactSpec=n/a;clashPen=n/a;enrichSets=0;enrichActive=0;enrichDecoy=0;enrichAUC=n/a;enrichMargin=n/a | case=3irw-c-di-gmp-riboswitch;rank=1;top=mode:1;decoys=0;margin=n/a;topRMSD=0.000;bestDecoyRMSD=n/a;contactSpec=n/a;clashPen=n/a;enrichSets=0;enrichActive=0;enrichDecoy=0;enrichAUC=n/a;enrichMargin=n/a | case=4qlm-c-di-amp-riboswitch;rank=1;top=mode:1;decoys=0;margin=n/a;topRMSD=0.000;bestDecoyRMSD=n/a;contactSpec=n/a;clashPen=n/a;enrichSets=0;enrichActive=0;enrichDecoy=0;enrichAUC=n/a;enrichMargin=n/a | case=3d0u-lysine-riboswitch;rank=1;top=mode:1;decoys=0;margin=n/a;topRMSD=0.000;bestDecoyRMSD=n/a;contactSpec=n/a;clashPen=n/a;enrichSets=0;enrichActive=0;enrichDecoy=0;enrichAUC=n/a;enrichMargin=n/a | case=3oww-glycine-riboswitch;rank=1;top=mode:1;decoys=0;margin=n/a;topRMSD=0.000;bestDecoyRMSD=n/a;contactSpec=n/a;clashPen=n/a;enrichSets=0;enrichActive=0;enrichDecoy=0;enrichAUC=n/a;enrichMargin=n/a
-0.240000,-1.000000,-0.250000,-0.350000,2.549809,0.726,-0.455,8,41,1423,1.000000,3.899041,0.562,0.000,0.000,8.224,26.615408,0.000000,0.000000,2.157895,1.000000,case=t6-thrombin-vina;rank=1;top=mode:1;decoys=0;margin=n/a;topRMSD=0.000;bestDecoyRMSD=n/a;contactSpec=n/a;clashPen=n/a;enrichSets=0;enrichActive=0;enrichDecoy=0;enrichAUC=n/a;enrichMargin=n/a | case=4q9r-spinach-2zy;rank=1;top=mode:1;decoys=10;margin=26.615;topRMSD=0.000;bestDecoyRMSD=8.224;contactSpec=0.000;clashPen=0.000;enrichSets=0;enrichActive=0;enrichDecoy=0;enrichAUC=n/a;enrichMargin=n/a | case=1fmn-fmn-riboswitch;rank=1;top=mode:1;decoys=0;margin=n/a;topRMSD=0.000;bestDecoyRMSD=n/a;contactSpec=n/a;clashPen=n/a;enrichSets=1;enrichActive=1;enrichDecoy=60;enrichAUC=1.000;enrichMargin=10.491 | case=1fmn-fmn-riboswitch-mg;rank=1;top=mode:1;decoys=0;margin=n/a;topRMSD=0.000;bestDecoyRMSD=n/a;contactSpec=n/a;clashPen=n/a;enrichSets=0;enrichActive=0;enrichDecoy=0;enrichAUC=n/a;enrichMargin=n/a | case=2g9c-purine-riboswitch;rank=1;top=mode:1;decoys=0;margin=n/a;topRMSD=0.000;bestDecoyRMSD=n/a;contactSpec=n/a;clashPen=n/a;enrichSets=1;enrichActive=7;enrichDecoy=88;enrichAUC=0.659;enrichMargin=-0.905 | case=4rzd-preq1-riboswitch;rank=1;top=mode:1;decoys=0;margin=n/a;topRMSD=0.000;bestDecoyRMSD=n/a;contactSpec=n/a;clashPen=n/a;enrichSets=1;enrichActive=5;enrichDecoy=74;enrichAUC=0.500;enrichMargin=0.000 | case=2gdi-tpp-riboswitch;rank=1;top=mode:1;decoys=0;margin=n/a;topRMSD=0.000;bestDecoyRMSD=n/a;contactSpec=n/a;clashPen=n/a;enrichSets=1;enrichActive=7;enrichDecoy=266;enrichAUC=0.636;enrichMargin=-14.673 | case=2ygh-sam-riboswitch;rank=1;top=mode:1;decoys=0;margin=n/a;topRMSD=0.000;bestDecoyRMSD=n/a;contactSpec=n/a;clashPen=n/a;enrichSets=1;enrichActive=3;enrichDecoy=238;enrichAUC=0.819;enrichMargin=-1.098 | case=3b4b-glms-riboswitch;rank=1;top=mode:1;decoys=0;margin=n/a;topRMSD=0.000;bestDecoyRMSD=n/a;contactSpec=n/a;clashPen=n/a;enrichSets=1;enrichActive=4;enrichDecoy=165;enrichAUC=0.750;enrichMargin=1.000 | case=2hoj-tpp-riboswitch;rank=1;top=mode:1;decoys=0;margin=n/a;topRMSD=0.000;bestDecoyRMSD=n/a;contactSpec=n/a;clashPen=n/a;enrichSets=2;enrichActive=14;enrichDecoy=532;enrichAUC=0.714;enrichMargin=2.000 | case=3sd3-thf-riboswitch;rank=1;top=mode:1;decoys=0;margin=n/a;topRMSD=0.000;bestDecoyRMSD=n/a;contactSpec=n/a;clashPen=n/a;enrichSets=0;enrichActive=0;enrichDecoy=0;enrichAUC=n/a;enrichMargin=n/a | case=5dhb-gmp-primer-template;rank=1;top=mode:1;decoys=0;margin=n/a;topRMSD=0.000;bestDecoyRMSD=n/a;contactSpec=n/a;clashPen=n/a;enrichSets=0;enrichActive=0;enrichDecoy=0;enrichAUC=n/a;enrichMargin=n/a | case=6c64-mango-ii-ekm;rank=1;top=mode:1;decoys=0;margin=n/a;topRMSD=0.000;bestDecoyRMSD=n/a;contactSpec=n/a;clashPen=n/a;enrichSets=0;enrichActive=0;enrichDecoy=0;enrichAUC=n/a;enrichMargin=n/a | case=5bjp-corn-dfho;rank=1;top=mode:1;decoys=0;margin=n/a;topRMSD=0.000;bestDecoyRMSD=n/a;contactSpec=n/a;clashPen=n/a;enrichSets=0;enrichActive=0;enrichDecoy=0;enrichAUC=n/a;enrichMargin=n/a | case=6wzs-ztp-riboswitch;rank=1;top=mode:1;decoys=0;margin=n/a;topRMSD=0.000;bestDecoyRMSD=n/a;contactSpec=n/a;clashPen=n/a;enrichSets=0;enrichActive=0;enrichDecoy=0;enrichAUC=n/a;enrichMargin=n/a | case=3irw-c-di-gmp-riboswitch;rank=1;top=mode:1;decoys=0;margin=n/a;topRMSD=0.000;bestDecoyRMSD=n/a;contactSpec=n/a;clashPen=n/a;enrichSets=0;enrichActive=0;enrichDecoy=0;enrichAUC=n/a;enrichMargin=n/a | case=4qlm-c-di-amp-riboswitch;rank=1;top=mode:1;decoys=0;margin=n/a;topRMSD=0.000;bestDecoyRMSD=n/a;contactSpec=n/a;clashPen=n/a;enrichSets=0;enrichActive=0;enrichDecoy=0;enrichAUC=n/a;enrichMargin=n/a | case=3d0u-lysine-riboswitch;rank=1;top=mode:1;decoys=0;margin=n/a;topRMSD=0.000;bestDecoyRMSD=n/a;contactSpec=n/a;clashPen=n/a;enrichSets=0;enrichActive=0;enrichDecoy=0;enrichAUC=n/a;enrichMargin=n/a | case=3oww-glycine-riboswitch;rank=1;top=mode:1;decoys=0;margin=n/a;topRMSD=0.000;bestDecoyRMSD=n/a;contactSpec=n/a;clashPen=n/a;enrichSets=0;enrichActive=0;enrichDecoy=0;enrichAUC=n/a;enrichMargin=n/a
-0.080000,-1.000000,-0.350000,-0.100000,2.553273,0.724,-0.459,8,41,1423,1.000000,3.895753,0.562,0.000,0.000,8.224,26.605379,0.000000,0.000000,2.157895,1.000000,case=t6-thrombin-vina;rank=1;top=mode:1;decoys=0;margin=n/a;topRMSD=0.000;bestDecoyRMSD=n/a;contactSpec=n/a;clashPen=n/a;enrichSets=0;enrichActive=0;enrichDecoy=0;enrichAUC=n/a;enrichMargin=n/a | case=4q9r-spinach-2zy;rank=1;top=mode:1;decoys=10;margin=26.605;topRMSD=0.000;bestDecoyRMSD=8.224;contactSpec=0.000;clashPen=0.000;enrichSets=0;enrichActive=0;enrichDecoy=0;enrichAUC=n/a;enrichMargin=n/a | case=1fmn-fmn-riboswitch;rank=1;top=mode:1;decoys=0;margin=n/a;topRMSD=0.000;bestDecoyRMSD=n/a;contactSpec=n/a;clashPen=n/a;enrichSets=1;enrichActive=1;enrichDecoy=60;enrichAUC=1.000;enrichMargin=10.354 | case=1fmn-fmn-riboswitch-mg;rank=1;top=mode:1;decoys=0;margin=n/a;topRMSD=0.000;bestDecoyRMSD=n/a;contactSpec=n/a;clashPen=n/a;enrichSets=0;enrichActive=0;enrichDecoy=0;enrichAUC=n/a;enrichMargin=n/a | case=2g9c-purine-riboswitch;rank=1;top=mode:1;decoys=0;margin=n/a;topRMSD=0.000;bestDecoyRMSD=n/a;contactSpec=n/a;clashPen=n/a;enrichSets=1;enrichActive=7;enrichDecoy=88;enrichAUC=0.656;enrichMargin=-0.906 | case=4rzd-preq1-riboswitch;rank=1;top=mode:1;decoys=0;margin=n/a;topRMSD=0.000;bestDecoyRMSD=n/a;contactSpec=n/a;clashPen=n/a;enrichSets=1;enrichActive=5;enrichDecoy=74;enrichAUC=0.500;enrichMargin=0.000 | case=2gdi-tpp-riboswitch;rank=1;top=mode:1;decoys=0;margin=n/a;topRMSD=0.000;bestDecoyRMSD=n/a;contactSpec=n/a;clashPen=n/a;enrichSets=1;enrichActive=7;enrichDecoy=266;enrichAUC=0.631;enrichMargin=-14.651 | case=2ygh-sam-riboswitch;rank=1;top=mode:1;decoys=0;margin=n/a;topRMSD=0.000;bestDecoyRMSD=n/a;contactSpec=n/a;clashPen=n/a;enrichSets=1;enrichActive=3;enrichDecoy=238;enrichAUC=0.821;enrichMargin=-1.010 | case=3b4b-glms-riboswitch;rank=1;top=mode:1;decoys=0;margin=n/a;topRMSD=0.000;bestDecoyRMSD=n/a;contactSpec=n/a;clashPen=n/a;enrichSets=1;enrichActive=4;enrichDecoy=165;enrichAUC=0.750;enrichMargin=1.000 | case=2hoj-tpp-riboswitch;rank=1;top=mode:1;decoys=0;margin=n/a;topRMSD=0.000;bestDecoyRMSD=n/a;contactSpec=n/a;clashPen=n/a;enrichSets=2;enrichActive=14;enrichDecoy=532;enrichAUC=0.714;enrichMargin=2.000 | case=3sd3-thf-riboswitch;rank=1;top=mode:1;decoys=0;margin=n/a;topRMSD=0.000;bestDecoyRMSD=n/a;contactSpec=n/a;clashPen=n/a;enrichSets=0;enrichActive=0;enrichDecoy=0;enrichAUC=n/a;enrichMargin=n/a | case=5dhb-gmp-primer-template;rank=1;top=mode:1;decoys=0;margin=n/a;topRMSD=0.000;bestDecoyRMSD=n/a;contactSpec=n/a;clashPen=n/a;enrichSets=0;enrichActive=0;enrichDecoy=0;enrichAUC=n/a;enrichMargin=n/a | case=6c64-mango-ii-ekm;rank=1;top=mode:1;decoys=0;margin=n/a;topRMSD=0.000;bestDecoyRMSD=n/a;contactSpec=n/a;clashPen=n/a;enrichSets=0;enrichActive=0;enrichDecoy=0;enrichAUC=n/a;enrichMargin=n/a | case=5bjp-corn-dfho;rank=1;top=mode:1;decoys=0;margin=n/a;topRMSD=0.000;bestDecoyRMSD=n/a;contactSpec=n/a;clashPen=n/a;enrichSets=0;enrichActive=0;enrichDecoy=0;enrichAUC=n/a;enrichMargin=n/a | case=6wzs-ztp-riboswitch;rank=1;top=mode:1;decoys=0;margin=n/a;topRMSD=0.000;bestDecoyRMSD=n/a;contactSpec=n/a;clashPen=n/a;enrichSets=0;enrichActive=0;enrichDecoy=0;enrichAUC=n/a;enrichMargin=n/a | case=3irw-c-di-gmp-riboswitch;rank=1;top=mode:1;decoys=0;margin=n/a;topRMSD=0.000;bestDecoyRMSD=n/a;contactSpec=n/a;clashPen=n/a;enrichSets=0;enrichActive=0;enrichDecoy=0;enrichAUC=n/a;enrichMargin=n/a | case=4qlm-c-di-amp-riboswitch;rank=1;top=mode:1;decoys=0;margin=n/a;topRMSD=0.000;bestDecoyRMSD=n/a;contactSpec=n/a;clashPen=n/a;enrichSets=0;enrichActive=0;enrichDecoy=0;enrichAUC=n/a;enrichMargin=n/a | case=3d0u-lysine-riboswitch;rank=1;top=mode:1;decoys=0;margin=n/a;topRMSD=0.000;bestDecoyRMSD=n/a;contactSpec=n/a;clashPen=n/a;enrichSets=0;enrichActive=0;enrichDecoy=0;enrichAUC=n/a;enrichMargin=n/a | case=3oww-glycine-riboswitch;rank=1;top=mode:1;decoys=0;margin=n/a;topRMSD=0.000;bestDecoyRMSD=n/a;contactSpec=n/a;clashPen=n/a;enrichSets=0;enrichActive=0;enrichDecoy=0;enrichAUC=n/a;enrichMargin=n/a
-0.080000,-1.000000,-0.350000,-0.220000,2.553273,0.724,-0.459,8,41,1423,1.000000,3.895753,0.562,0.000,0.000,8.224,26.605379,0.000000,0.000000,2.157895,1.000000,case=t6-thrombin-vina;rank=1;top=mode:1;decoys=0;margin=n/a;topRMSD=0.000;bestDecoyRMSD=n/a;contactSpec=n/a;clashPen=n/a;enrichSets=0;enrichActive=0;enrichDecoy=0;enrichAUC=n/a;enrichMargin=n/a | case=4q9r-spinach-2zy;rank=1;top=mode:1;decoys=10;margin=26.605;topRMSD=0.000;bestDecoyRMSD=8.224;contactSpec=0.000;clashPen=0.000;enrichSets=0;enrichActive=0;enrichDecoy=0;enrichAUC=n/a;enrichMargin=n/a | case=1fmn-fmn-riboswitch;rank=1;top=mode:1;decoys=0;margin=n/a;topRMSD=0.000;bestDecoyRMSD=n/a;contactSpec=n/a;clashPen=n/a;enrichSets=1;enrichActive=1;enrichDecoy=60;enrichAUC=1.000;enrichMargin=10.354 | case=1fmn-fmn-riboswitch-mg;rank=1;top=mode:1;decoys=0;margin=n/a;topRMSD=0.000;bestDecoyRMSD=n/a;contactSpec=n/a;clashPen=n/a;enrichSets=0;enrichActive=0;enrichDecoy=0;enrichAUC=n/a;enrichMargin=n/a | case=2g9c-purine-riboswitch;rank=1;top=mode:1;decoys=0;margin=n/a;topRMSD=0.000;bestDecoyRMSD=n/a;contactSpec=n/a;clashPen=n/a;enrichSets=1;enrichActive=7;enrichDecoy=88;enrichAUC=0.656;enrichMargin=-0.906 | case=4rzd-preq1-riboswitch;rank=1;top=mode:1;decoys=0;margin=n/a;topRMSD=0.000;bestDecoyRMSD=n/a;contactSpec=n/a;clashPen=n/a;enrichSets=1;enrichActive=5;enrichDecoy=74;enrichAUC=0.500;enrichMargin=0.000 | case=2gdi-tpp-riboswitch;rank=1;top=mode:1;decoys=0;margin=n/a;topRMSD=0.000;bestDecoyRMSD=n/a;contactSpec=n/a;clashPen=n/a;enrichSets=1;enrichActive=7;enrichDecoy=266;enrichAUC=0.631;enrichMargin=-14.651 | case=2ygh-sam-riboswitch;rank=1;top=mode:1;decoys=0;margin=n/a;topRMSD=0.000;bestDecoyRMSD=n/a;contactSpec=n/a;clashPen=n/a;enrichSets=1;enrichActive=3;enrichDecoy=238;enrichAUC=0.821;enrichMargin=-1.010 | case=3b4b-glms-riboswitch;rank=1;top=mode:1;decoys=0;margin=n/a;topRMSD=0.000;bestDecoyRMSD=n/a;contactSpec=n/a;clashPen=n/a;enrichSets=1;enrichActive=4;enrichDecoy=165;enrichAUC=0.750;enrichMargin=1.000 | case=2hoj-tpp-riboswitch;rank=1;top=mode:1;decoys=0;margin=n/a;topRMSD=0.000;bestDecoyRMSD=n/a;contactSpec=n/a;clashPen=n/a;enrichSets=2;enrichActive=14;enrichDecoy=532;enrichAUC=0.714;enrichMargin=2.000 | case=3sd3-thf-riboswitch;rank=1;top=mode:1;decoys=0;margin=n/a;topRMSD=0.000;bestDecoyRMSD=n/a;contactSpec=n/a;clashPen=n/a;enrichSets=0;enrichActive=0;enrichDecoy=0;enrichAUC=n/a;enrichMargin=n/a | case=5dhb-gmp-primer-template;rank=1;top=mode:1;decoys=0;margin=n/a;topRMSD=0.000;bestDecoyRMSD=n/a;contactSpec=n/a;clashPen=n/a;enrichSets=0;enrichActive=0;enrichDecoy=0;enrichAUC=n/a;enrichMargin=n/a | case=6c64-mango-ii-ekm;rank=1;top=mode:1;decoys=0;margin=n/a;topRMSD=0.000;bestDecoyRMSD=n/a;contactSpec=n/a;clashPen=n/a;enrichSets=0;enrichActive=0;enrichDecoy=0;enrichAUC=n/a;enrichMargin=n/a | case=5bjp-corn-dfho;rank=1;top=mode:1;decoys=0;margin=n/a;topRMSD=0.000;bestDecoyRMSD=n/a;contactSpec=n/a;clashPen=n/a;enrichSets=0;enrichActive=0;enrichDecoy=0;enrichAUC=n/a;enrichMargin=n/a | case=6wzs-ztp-riboswitch;rank=1;top=mode:1;decoys=0;margin=n/a;topRMSD=0.000;bestDecoyRMSD=n/a;contactSpec=n/a;clashPen=n/a;enrichSets=0;enrichActive=0;enrichDecoy=0;enrichAUC=n/a;enrichMargin=n/a | case=3irw-c-di-gmp-riboswitch;rank=1;top=mode:1;decoys=0;margin=n/a;topRMSD=0.000;bestDecoyRMSD=n/a;contactSpec=n/a;clashPen=n/a;enrichSets=0;enrichActive=0;enrichDecoy=0;enrichAUC=n/a;enrichMargin=n/a | case=4qlm-c-di-amp-riboswitch;rank=1;top=mode:1;decoys=0;margin=n/a;topRMSD=0.000;bestDecoyRMSD=n/a;contactSpec=n/a;clashPen=n/a;enrichSets=0;enrichActive=0;enrichDecoy=0;enrichAUC=n/a;enrichMargin=n/a | case=3d0u-lysine-riboswitch;rank=1;top=mode:1;decoys=0;margin=n/a;topRMSD=0.000;bestDecoyRMSD=n/a;contactSpec=n/a;clashPen=n/a;enrichSets=0;enrichActive=0;enrichDecoy=0;enrichAUC=n/a;enrichMargin=n/a | case=3oww-glycine-riboswitch;rank=1;top=mode:1;decoys=0;margin=n/a;topRMSD=0.000;bestDecoyRMSD=n/a;contactSpec=n/a;clashPen=n/a;enrichSets=0;enrichActive=0;enrichDecoy=0;enrichAUC=n/a;enrichMargin=n/a
-0.080000,-1.000000,-0.350000,-0.350000,2.553273,0.724,-0.459,8,41,1423,1.000000,3.895753,0.562,0.000,0.000,8.224,26.605379,0.000000,0.000000,2.157895,1.000000,case=t6-thrombin-vina;rank=1;top=mode:1;decoys=0;margin=n/a;topRMSD=0.000;bestDecoyRMSD=n/a;contactSpec=n/a;clashPen=n/a;enrichSets=0;enrichActive=0;enrichDecoy=0;enrichAUC=n/a;enrichMargin=n/a | case=4q9r-spinach-2zy;rank=1;top=mode:1;decoys=10;margin=26.605;topRMSD=0.000;bestDecoyRMSD=8.224;contactSpec=0.000;clashPen=0.000;enrichSets=0;enrichActive=0;enrichDecoy=0;enrichAUC=n/a;enrichMargin=n/a | case=1fmn-fmn-riboswitch;rank=1;top=mode:1;decoys=0;margin=n/a;topRMSD=0.000;bestDecoyRMSD=n/a;contactSpec=n/a;clashPen=n/a;enrichSets=1;enrichActive=1;enrichDecoy=60;enrichAUC=1.000;enrichMargin=10.354 | case=1fmn-fmn-riboswitch-mg;rank=1;top=mode:1;decoys=0;margin=n/a;topRMSD=0.000;bestDecoyRMSD=n/a;contactSpec=n/a;clashPen=n/a;enrichSets=0;enrichActive=0;enrichDecoy=0;enrichAUC=n/a;enrichMargin=n/a | case=2g9c-purine-riboswitch;rank=1;top=mode:1;decoys=0;margin=n/a;topRMSD=0.000;bestDecoyRMSD=n/a;contactSpec=n/a;clashPen=n/a;enrichSets=1;enrichActive=7;enrichDecoy=88;enrichAUC=0.656;enrichMargin=-0.906 | case=4rzd-preq1-riboswitch;rank=1;top=mode:1;decoys=0;margin=n/a;topRMSD=0.000;bestDecoyRMSD=n/a;contactSpec=n/a;clashPen=n/a;enrichSets=1;enrichActive=5;enrichDecoy=74;enrichAUC=0.500;enrichMargin=0.000 | case=2gdi-tpp-riboswitch;rank=1;top=mode:1;decoys=0;margin=n/a;topRMSD=0.000;bestDecoyRMSD=n/a;contactSpec=n/a;clashPen=n/a;enrichSets=1;enrichActive=7;enrichDecoy=266;enrichAUC=0.631;enrichMargin=-14.651 | case=2ygh-sam-riboswitch;rank=1;top=mode:1;decoys=0;margin=n/a;topRMSD=0.000;bestDecoyRMSD=n/a;contactSpec=n/a;clashPen=n/a;enrichSets=1;enrichActive=3;enrichDecoy=238;enrichAUC=0.821;enrichMargin=-1.010 | case=3b4b-glms-riboswitch;rank=1;top=mode:1;decoys=0;margin=n/a;topRMSD=0.000;bestDecoyRMSD=n/a;contactSpec=n/a;clashPen=n/a;enrichSets=1;enrichActive=4;enrichDecoy=165;enrichAUC=0.750;enrichMargin=1.000 | case=2hoj-tpp-riboswitch;rank=1;top=mode:1;decoys=0;margin=n/a;topRMSD=0.000;bestDecoyRMSD=n/a;contactSpec=n/a;clashPen=n/a;enrichSets=2;enrichActive=14;enrichDecoy=532;enrichAUC=0.714;enrichMargin=2.000 | case=3sd3-thf-riboswitch;rank=1;top=mode:1;decoys=0;margin=n/a;topRMSD=0.000;bestDecoyRMSD=n/a;contactSpec=n/a;clashPen=n/a;enrichSets=0;enrichActive=0;enrichDecoy=0;enrichAUC=n/a;enrichMargin=n/a | case=5dhb-gmp-primer-template;rank=1;top=mode:1;decoys=0;margin=n/a;topRMSD=0.000;bestDecoyRMSD=n/a;contactSpec=n/a;clashPen=n/a;enrichSets=0;enrichActive=0;enrichDecoy=0;enrichAUC=n/a;enrichMargin=n/a | case=6c64-mango-ii-ekm;rank=1;top=mode:1;decoys=0;margin=n/a;topRMSD=0.000;bestDecoyRMSD=n/a;contactSpec=n/a;clashPen=n/a;enrichSets=0;enrichActive=0;enrichDecoy=0;enrichAUC=n/a;enrichMargin=n/a | case=5bjp-corn-dfho;rank=1;top=mode:1;decoys=0;margin=n/a;topRMSD=0.000;bestDecoyRMSD=n/a;contactSpec=n/a;clashPen=n/a;enrichSets=0;enrichActive=0;enrichDecoy=0;enrichAUC=n/a;enrichMargin=n/a | case=6wzs-ztp-riboswitch;rank=1;top=mode:1;decoys=0;margin=n/a;topRMSD=0.000;bestDecoyRMSD=n/a;contactSpec=n/a;clashPen=n/a;enrichSets=0;enrichActive=0;enrichDecoy=0;enrichAUC=n/a;enrichMargin=n/a | case=3irw-c-di-gmp-riboswitch;rank=1;top=mode:1;decoys=0;margin=n/a;topRMSD=0.000;bestDecoyRMSD=n/a;contactSpec=n/a;clashPen=n/a;enrichSets=0;enrichActive=0;enrichDecoy=0;enrichAUC=n/a;enrichMargin=n/a | case=4qlm-c-di-amp-riboswitch;rank=1;top=mode:1;decoys=0;margin=n/a;topRMSD=0.000;bestDecoyRMSD=n/a;contactSpec=n/a;clashPen=n/a;enrichSets=0;enrichActive=0;enrichDecoy=0;enrichAUC=n/a;enrichMargin=n/a | case=3d0u-lysine-riboswitch;rank=1;top=mode:1;decoys=0;margin=n/a;topRMSD=0.000;bestDecoyRMSD=n/a;contactSpec=n/a;clashPen=n/a;enrichSets=0;enrichActive=0;enrichDecoy=0;enrichAUC=n/a;enrichMargin=n/a | case=3oww-glycine-riboswitch;rank=1;top=mode:1;decoys=0;margin=n/a;topRMSD=0.000;bestDecoyRMSD=n/a;contactSpec=n/a;clashPen=n/a;enrichSets=0;enrichActive=0;enrichDecoy=0;enrichAUC=n/a;enrichMargin=n/a
-0.180000,-1.000000,-0.250000,-0.100000,2.558376,0.725,-0.464,8,41,1423,1.000000,3.902606,0.562,0.000,0.000,8.224,26.615422,0.000000,0.000000,2.157895,1.000000,case=t6-thrombin-vina;rank=1;top=mode:1;decoys=0;margin=n/a;topRMSD=0.000;bestDecoyRMSD=n/a;contactSpec=n/a;clashPen=n/a;enrichSets=0;enrichActive=0;enrichDecoy=0;enrichAUC=n/a;enrichMargin=n/a | case=4q9r-spinach-2zy;rank=1;top=mode:1;decoys=10;margin=26.615;topRMSD=0.000;bestDecoyRMSD=8.224;contactSpec=0.000;clashPen=0.000;enrichSets=0;enrichActive=0;enrichDecoy=0;enrichAUC=n/a;enrichMargin=n/a | case=1fmn-fmn-riboswitch;rank=1;top=mode:1;decoys=0;margin=n/a;topRMSD=0.000;bestDecoyRMSD=n/a;contactSpec=n/a;clashPen=n/a;enrichSets=1;enrichActive=1;enrichDecoy=60;enrichAUC=1.000;enrichMargin=10.387 | case=1fmn-fmn-riboswitch-mg;rank=1;top=mode:1;decoys=0;margin=n/a;topRMSD=0.000;bestDecoyRMSD=n/a;contactSpec=n/a;clashPen=n/a;enrichSets=0;enrichActive=0;enrichDecoy=0;enrichAUC=n/a;enrichMargin=n/a | case=2g9c-purine-riboswitch;rank=1;top=mode:1;decoys=0;margin=n/a;topRMSD=0.000;bestDecoyRMSD=n/a;contactSpec=n/a;clashPen=n/a;enrichSets=1;enrichActive=7;enrichDecoy=88;enrichAUC=0.657;enrichMargin=-0.906 | case=4rzd-preq1-riboswitch;rank=1;top=mode:1;decoys=0;margin=n/a;topRMSD=0.000;bestDecoyRMSD=n/a;contactSpec=n/a;clashPen=n/a;enrichSets=1;enrichActive=5;enrichDecoy=74;enrichAUC=0.500;enrichMargin=0.000 | case=2gdi-tpp-riboswitch;rank=1;top=mode:1;decoys=0;margin=n/a;topRMSD=0.000;bestDecoyRMSD=n/a;contactSpec=n/a;clashPen=n/a;enrichSets=1;enrichActive=7;enrichDecoy=266;enrichAUC=0.633;enrichMargin=-14.664 | case=2ygh-sam-riboswitch;rank=1;top=mode:1;decoys=0;margin=n/a;topRMSD=0.000;bestDecoyRMSD=n/a;contactSpec=n/a;clashPen=n/a;enrichSets=1;enrichActive=3;enrichDecoy=238;enrichAUC=0.819;enrichMargin=-1.065 | case=3b4b-glms-riboswitch;rank=1;top=mode:1;decoys=0;margin=n/a;topRMSD=0.000;bestDecoyRMSD=n/a;contactSpec=n/a;clashPen=n/a;enrichSets=1;enrichActive=4;enrichDecoy=165;enrichAUC=0.750;enrichMargin=1.000 | case=2hoj-tpp-riboswitch;rank=1;top=mode:1;decoys=0;margin=n/a;topRMSD=0.000;bestDecoyRMSD=n/a;contactSpec=n/a;clashPen=n/a;enrichSets=2;enrichActive=14;enrichDecoy=532;enrichAUC=0.714;enrichMargin=2.000 | case=3sd3-thf-riboswitch;rank=1;top=mode:1;decoys=0;margin=n/a;topRMSD=0.000;bestDecoyRMSD=n/a;contactSpec=n/a;clashPen=n/a;enrichSets=0;enrichActive=0;enrichDecoy=0;enrichAUC=n/a;enrichMargin=n/a | case=5dhb-gmp-primer-template;rank=1;top=mode:1;decoys=0;margin=n/a;topRMSD=0.000;bestDecoyRMSD=n/a;contactSpec=n/a;clashPen=n/a;enrichSets=0;enrichActive=0;enrichDecoy=0;enrichAUC=n/a;enrichMargin=n/a | case=6c64-mango-ii-ekm;rank=1;top=mode:1;decoys=0;margin=n/a;topRMSD=0.000;bestDecoyRMSD=n/a;contactSpec=n/a;clashPen=n/a;enrichSets=0;enrichActive=0;enrichDecoy=0;enrichAUC=n/a;enrichMargin=n/a | case=5bjp-corn-dfho;rank=1;top=mode:1;decoys=0;margin=n/a;topRMSD=0.000;bestDecoyRMSD=n/a;contactSpec=n/a;clashPen=n/a;enrichSets=0;enrichActive=0;enrichDecoy=0;enrichAUC=n/a;enrichMargin=n/a | case=6wzs-ztp-riboswitch;rank=1;top=mode:1;decoys=0;margin=n/a;topRMSD=0.000;bestDecoyRMSD=n/a;contactSpec=n/a;clashPen=n/a;enrichSets=0;enrichActive=0;enrichDecoy=0;enrichAUC=n/a;enrichMargin=n/a | case=3irw-c-di-gmp-riboswitch;rank=1;top=mode:1;decoys=0;margin=n/a;topRMSD=0.000;bestDecoyRMSD=n/a;contactSpec=n/a;clashPen=n/a;enrichSets=0;enrichActive=0;enrichDecoy=0;enrichAUC=n/a;enrichMargin=n/a | case=4qlm-c-di-amp-riboswitch;rank=1;top=mode:1;decoys=0;margin=n/a;topRMSD=0.000;bestDecoyRMSD=n/a;contactSpec=n/a;clashPen=n/a;enrichSets=0;enrichActive=0;enrichDecoy=0;enrichAUC=n/a;enrichMargin=n/a | case=3d0u-lysine-riboswitch;rank=1;top=mode:1;decoys=0;margin=n/a;topRMSD=0.000;bestDecoyRMSD=n/a;contactSpec=n/a;clashPen=n/a;enrichSets=0;enrichActive=0;enrichDecoy=0;enrichAUC=n/a;enrichMargin=n/a | case=3oww-glycine-riboswitch;rank=1;top=mode:1;decoys=0;margin=n/a;topRMSD=0.000;bestDecoyRMSD=n/a;contactSpec=n/a;clashPen=n/a;enrichSets=0;enrichActive=0;enrichDecoy=0;enrichAUC=n/a;enrichMargin=n/a
-0.180000,-1.000000,-0.250000,-0.220000,2.558376,0.725,-0.464,8,41,1423,1.000000,3.902606,0.562,0.000,0.000,8.224,26.615422,0.000000,0.000000,2.157895,1.000000,case=t6-thrombin-vina;rank=1;top=mode:1;decoys=0;margin=n/a;topRMSD=0.000;bestDecoyRMSD=n/a;contactSpec=n/a;clashPen=n/a;enrichSets=0;enrichActive=0;enrichDecoy=0;enrichAUC=n/a;enrichMargin=n/a | case=4q9r-spinach-2zy;rank=1;top=mode:1;decoys=10;margin=26.615;topRMSD=0.000;bestDecoyRMSD=8.224;contactSpec=0.000;clashPen=0.000;enrichSets=0;enrichActive=0;enrichDecoy=0;enrichAUC=n/a;enrichMargin=n/a | case=1fmn-fmn-riboswitch;rank=1;top=mode:1;decoys=0;margin=n/a;topRMSD=0.000;bestDecoyRMSD=n/a;contactSpec=n/a;clashPen=n/a;enrichSets=1;enrichActive=1;enrichDecoy=60;enrichAUC=1.000;enrichMargin=10.387 | case=1fmn-fmn-riboswitch-mg;rank=1;top=mode:1;decoys=0;margin=n/a;topRMSD=0.000;bestDecoyRMSD=n/a;contactSpec=n/a;clashPen=n/a;enrichSets=0;enrichActive=0;enrichDecoy=0;enrichAUC=n/a;enrichMargin=n/a | case=2g9c-purine-riboswitch;rank=1;top=mode:1;decoys=0;margin=n/a;topRMSD=0.000;bestDecoyRMSD=n/a;contactSpec=n/a;clashPen=n/a;enrichSets=1;enrichActive=7;enrichDecoy=88;enrichAUC=0.657;enrichMargin=-0.906 | case=4rzd-preq1-riboswitch;rank=1;top=mode:1;decoys=0;margin=n/a;topRMSD=0.000;bestDecoyRMSD=n/a;contactSpec=n/a;clashPen=n/a;enrichSets=1;enrichActive=5;enrichDecoy=74;enrichAUC=0.500;enrichMargin=0.000 | case=2gdi-tpp-riboswitch;rank=1;top=mode:1;decoys=0;margin=n/a;topRMSD=0.000;bestDecoyRMSD=n/a;contactSpec=n/a;clashPen=n/a;enrichSets=1;enrichActive=7;enrichDecoy=266;enrichAUC=0.633;enrichMargin=-14.664 | case=2ygh-sam-riboswitch;rank=1;top=mode:1;decoys=0;margin=n/a;topRMSD=0.000;bestDecoyRMSD=n/a;contactSpec=n/a;clashPen=n/a;enrichSets=1;enrichActive=3;enrichDecoy=238;enrichAUC=0.819;enrichMargin=-1.065 | case=3b4b-glms-riboswitch;rank=1;top=mode:1;decoys=0;margin=n/a;topRMSD=0.000;bestDecoyRMSD=n/a;contactSpec=n/a;clashPen=n/a;enrichSets=1;enrichActive=4;enrichDecoy=165;enrichAUC=0.750;enrichMargin=1.000 | case=2hoj-tpp-riboswitch;rank=1;top=mode:1;decoys=0;margin=n/a;topRMSD=0.000;bestDecoyRMSD=n/a;contactSpec=n/a;clashPen=n/a;enrichSets=2;enrichActive=14;enrichDecoy=532;enrichAUC=0.714;enrichMargin=2.000 | case=3sd3-thf-riboswitch;rank=1;top=mode:1;decoys=0;margin=n/a;topRMSD=0.000;bestDecoyRMSD=n/a;contactSpec=n/a;clashPen=n/a;enrichSets=0;enrichActive=0;enrichDecoy=0;enrichAUC=n/a;enrichMargin=n/a | case=5dhb-gmp-primer-template;rank=1;top=mode:1;decoys=0;margin=n/a;topRMSD=0.000;bestDecoyRMSD=n/a;contactSpec=n/a;clashPen=n/a;enrichSets=0;enrichActive=0;enrichDecoy=0;enrichAUC=n/a;enrichMargin=n/a | case=6c64-mango-ii-ekm;rank=1;top=mode:1;decoys=0;margin=n/a;topRMSD=0.000;bestDecoyRMSD=n/a;contactSpec=n/a;clashPen=n/a;enrichSets=0;enrichActive=0;enrichDecoy=0;enrichAUC=n/a;enrichMargin=n/a | case=5bjp-corn-dfho;rank=1;top=mode:1;decoys=0;margin=n/a;topRMSD=0.000;bestDecoyRMSD=n/a;contactSpec=n/a;clashPen=n/a;enrichSets=0;enrichActive=0;enrichDecoy=0;enrichAUC=n/a;enrichMargin=n/a | case=6wzs-ztp-riboswitch;rank=1;top=mode:1;decoys=0;margin=n/a;topRMSD=0.000;bestDecoyRMSD=n/a;contactSpec=n/a;clashPen=n/a;enrichSets=0;enrichActive=0;enrichDecoy=0;enrichAUC=n/a;enrichMargin=n/a | case=3irw-c-di-gmp-riboswitch;rank=1;top=mode:1;decoys=0;margin=n/a;topRMSD=0.000;bestDecoyRMSD=n/a;contactSpec=n/a;clashPen=n/a;enrichSets=0;enrichActive=0;enrichDecoy=0;enrichAUC=n/a;enrichMargin=n/a | case=4qlm-c-di-amp-riboswitch;rank=1;top=mode:1;decoys=0;margin=n/a;topRMSD=0.000;bestDecoyRMSD=n/a;contactSpec=n/a;clashPen=n/a;enrichSets=0;enrichActive=0;enrichDecoy=0;enrichAUC=n/a;enrichMargin=n/a | case=3d0u-lysine-riboswitch;rank=1;top=mode:1;decoys=0;margin=n/a;topRMSD=0.000;bestDecoyRMSD=n/a;contactSpec=n/a;clashPen=n/a;enrichSets=0;enrichActive=0;enrichDecoy=0;enrichAUC=n/a;enrichMargin=n/a | case=3oww-glycine-riboswitch;rank=1;top=mode:1;decoys=0;margin=n/a;topRMSD=0.000;bestDecoyRMSD=n/a;contactSpec=n/a;clashPen=n/a;enrichSets=0;enrichActive=0;enrichDecoy=0;enrichAUC=n/a;enrichMargin=n/a
-0.180000,-1.000000,-0.250000,-0.350000,2.558376,0.725,-0.464,8,41,1423,1.000000,3.902606,0.562,0.000,0.000,8.224,26.615422,0.000000,0.000000,2.157895,1.000000,case=t6-thrombin-vina;rank=1;top=mode:1;decoys=0;margin=n/a;topRMSD=0.000;bestDecoyRMSD=n/a;contactSpec=n/a;clashPen=n/a;enrichSets=0;enrichActive=0;enrichDecoy=0;enrichAUC=n/a;enrichMargin=n/a | case=4q9r-spinach-2zy;rank=1;top=mode:1;decoys=10;margin=26.615;topRMSD=0.000;bestDecoyRMSD=8.224;contactSpec=0.000;clashPen=0.000;enrichSets=0;enrichActive=0;enrichDecoy=0;enrichAUC=n/a;enrichMargin=n/a | case=1fmn-fmn-riboswitch;rank=1;top=mode:1;decoys=0;margin=n/a;topRMSD=0.000;bestDecoyRMSD=n/a;contactSpec=n/a;clashPen=n/a;enrichSets=1;enrichActive=1;enrichDecoy=60;enrichAUC=1.000;enrichMargin=10.387 | case=1fmn-fmn-riboswitch-mg;rank=1;top=mode:1;decoys=0;margin=n/a;topRMSD=0.000;bestDecoyRMSD=n/a;contactSpec=n/a;clashPen=n/a;enrichSets=0;enrichActive=0;enrichDecoy=0;enrichAUC=n/a;enrichMargin=n/a | case=2g9c-purine-riboswitch;rank=1;top=mode:1;decoys=0;margin=n/a;topRMSD=0.000;bestDecoyRMSD=n/a;contactSpec=n/a;clashPen=n/a;enrichSets=1;enrichActive=7;enrichDecoy=88;enrichAUC=0.657;enrichMargin=-0.906 | case=4rzd-preq1-riboswitch;rank=1;top=mode:1;decoys=0;margin=n/a;topRMSD=0.000;bestDecoyRMSD=n/a;contactSpec=n/a;clashPen=n/a;enrichSets=1;enrichActive=5;enrichDecoy=74;enrichAUC=0.500;enrichMargin=0.000 | case=2gdi-tpp-riboswitch;rank=1;top=mode:1;decoys=0;margin=n/a;topRMSD=0.000;bestDecoyRMSD=n/a;contactSpec=n/a;clashPen=n/a;enrichSets=1;enrichActive=7;enrichDecoy=266;enrichAUC=0.633;enrichMargin=-14.664 | case=2ygh-sam-riboswitch;rank=1;top=mode:1;decoys=0;margin=n/a;topRMSD=0.000;bestDecoyRMSD=n/a;contactSpec=n/a;clashPen=n/a;enrichSets=1;enrichActive=3;enrichDecoy=238;enrichAUC=0.819;enrichMargin=-1.065 | case=3b4b-glms-riboswitch;rank=1;top=mode:1;decoys=0;margin=n/a;topRMSD=0.000;bestDecoyRMSD=n/a;contactSpec=n/a;clashPen=n/a;enrichSets=1;enrichActive=4;enrichDecoy=165;enrichAUC=0.750;enrichMargin=1.000 | case=2hoj-tpp-riboswitch;rank=1;top=mode:1;decoys=0;margin=n/a;topRMSD=0.000;bestDecoyRMSD=n/a;contactSpec=n/a;clashPen=n/a;enrichSets=2;enrichActive=14;enrichDecoy=532;enrichAUC=0.714;enrichMargin=2.000 | case=3sd3-thf-riboswitch;rank=1;top=mode:1;decoys=0;margin=n/a;topRMSD=0.000;bestDecoyRMSD=n/a;contactSpec=n/a;clashPen=n/a;enrichSets=0;enrichActive=0;enrichDecoy=0;enrichAUC=n/a;enrichMargin=n/a | case=5dhb-gmp-primer-template;rank=1;top=mode:1;decoys=0;margin=n/a;topRMSD=0.000;bestDecoyRMSD=n/a;contactSpec=n/a;clashPen=n/a;enrichSets=0;enrichActive=0;enrichDecoy=0;enrichAUC=n/a;enrichMargin=n/a | case=6c64-mango-ii-ekm;rank=1;top=mode:1;decoys=0;margin=n/a;topRMSD=0.000;bestDecoyRMSD=n/a;contactSpec=n/a;clashPen=n/a;enrichSets=0;enrichActive=0;enrichDecoy=0;enrichAUC=n/a;enrichMargin=n/a | case=5bjp-corn-dfho;rank=1;top=mode:1;decoys=0;margin=n/a;topRMSD=0.000;bestDecoyRMSD=n/a;contactSpec=n/a;clashPen=n/a;enrichSets=0;enrichActive=0;enrichDecoy=0;enrichAUC=n/a;enrichMargin=n/a | case=6wzs-ztp-riboswitch;rank=1;top=mode:1;decoys=0;margin=n/a;topRMSD=0.000;bestDecoyRMSD=n/a;contactSpec=n/a;clashPen=n/a;enrichSets=0;enrichActive=0;enrichDecoy=0;enrichAUC=n/a;enrichMargin=n/a | case=3irw-c-di-gmp-riboswitch;rank=1;top=mode:1;decoys=0;margin=n/a;topRMSD=0.000;bestDecoyRMSD=n/a;contactSpec=n/a;clashPen=n/a;enrichSets=0;enrichActive=0;enrichDecoy=0;enrichAUC=n/a;enrichMargin=n/a | case=4qlm-c-di-amp-riboswitch;rank=1;top=mode:1;decoys=0;margin=n/a;topRMSD=0.000;bestDecoyRMSD=n/a;contactSpec=n/a;clashPen=n/a;enrichSets=0;enrichActive=0;enrichDecoy=0;enrichAUC=n/a;enrichMargin=n/a | case=3d0u-lysine-riboswitch;rank=1;top=mode:1;decoys=0;margin=n/a;topRMSD=0.000;bestDecoyRMSD=n/a;contactSpec=n/a;clashPen=n/a;enrichSets=0;enrichActive=0;enrichDecoy=0;enrichAUC=n/a;enrichMargin=n/a | case=3oww-glycine-riboswitch;rank=1;top=mode:1;decoys=0;margin=n/a;topRMSD=0.000;bestDecoyRMSD=n/a;contactSpec=n/a;clashPen=n/a;enrichSets=0;enrichActive=0;enrichDecoy=0;enrichAUC=n/a;enrichMargin=n/a
-0.320000,-1.000000,-0.150000,-0.100000,2.560184,0.726,-0.466,8,41,1423,1.000000,3.907082,0.562,0.000,0.000,8.224,26.625456,0.000000,0.000000,2.157895,1.000000,case=t6-thrombin-vina;rank=1;top=mode:1;decoys=0;margin=n/a;topRMSD=0.000;bestDecoyRMSD=n/a;contactSpec=n/a;clashPen=n/a;enrichSets=0;enrichActive=0;enrichDecoy=0;enrichAUC=n/a;enrichMargin=n/a | case=4q9r-spinach-2zy;rank=1;top=mode:1;decoys=10;margin=26.625;topRMSD=0.000;bestDecoyRMSD=8.224;contactSpec=0.000;clashPen=0.000;enrichSets=0;enrichActive=0;enrichDecoy=0;enrichAUC=n/a;enrichMargin=n/a | case=1fmn-fmn-riboswitch;rank=1;top=mode:1;decoys=0;margin=n/a;topRMSD=0.000;bestDecoyRMSD=n/a;contactSpec=n/a;clashPen=n/a;enrichSets=1;enrichActive=1;enrichDecoy=60;enrichAUC=1.000;enrichMargin=10.489 | case=1fmn-fmn-riboswitch-mg;rank=1;top=mode:1;decoys=0;margin=n/a;topRMSD=0.000;bestDecoyRMSD=n/a;contactSpec=n/a;clashPen=n/a;enrichSets=0;enrichActive=0;enrichDecoy=0;enrichAUC=n/a;enrichMargin=n/a | case=2g9c-purine-riboswitch;rank=1;top=mode:1;decoys=0;margin=n/a;topRMSD=0.000;bestDecoyRMSD=n/a;contactSpec=n/a;clashPen=n/a;enrichSets=1;enrichActive=7;enrichDecoy=88;enrichAUC=0.661;enrichMargin=-0.905 | case=4rzd-preq1-riboswitch;rank=1;top=mode:1;decoys=0;margin=n/a;topRMSD=0.000;bestDecoyRMSD=n/a;contactSpec=n/a;clashPen=n/a;enrichSets=1;enrichActive=5;enrichDecoy=74;enrichAUC=0.500;enrichMargin=0.000 | case=2gdi-tpp-riboswitch;rank=1;top=mode:1;decoys=0;margin=n/a;topRMSD=0.000;bestDecoyRMSD=n/a;contactSpec=n/a;clashPen=n/a;enrichSets=1;enrichActive=7;enrichDecoy=266;enrichAUC=0.636;enrichMargin=-14.684 | case=2ygh-sam-riboswitch;rank=1;top=mode:1;decoys=0;margin=n/a;topRMSD=0.000;bestDecoyRMSD=n/a;contactSpec=n/a;clashPen=n/a;enrichSets=1;enrichActive=3;enrichDecoy=238;enrichAUC=0.819;enrichMargin=-1.165 | case=3b4b-glms-riboswitch;rank=1;top=mode:1;decoys=0;margin=n/a;topRMSD=0.000;bestDecoyRMSD=n/a;contactSpec=n/a;clashPen=n/a;enrichSets=1;enrichActive=4;enrichDecoy=165;enrichAUC=0.750;enrichMargin=1.000 | case=2hoj-tpp-riboswitch;rank=1;top=mode:1;decoys=0;margin=n/a;topRMSD=0.000;bestDecoyRMSD=n/a;contactSpec=n/a;clashPen=n/a;enrichSets=2;enrichActive=14;enrichDecoy=532;enrichAUC=0.714;enrichMargin=2.000 | case=3sd3-thf-riboswitch;rank=1;top=mode:1;decoys=0;margin=n/a;topRMSD=0.000;bestDecoyRMSD=n/a;contactSpec=n/a;clashPen=n/a;enrichSets=0;enrichActive=0;enrichDecoy=0;enrichAUC=n/a;enrichMargin=n/a | case=5dhb-gmp-primer-template;rank=1;top=mode:1;decoys=0;margin=n/a;topRMSD=0.000;bestDecoyRMSD=n/a;contactSpec=n/a;clashPen=n/a;enrichSets=0;enrichActive=0;enrichDecoy=0;enrichAUC=n/a;enrichMargin=n/a | case=6c64-mango-ii-ekm;rank=1;top=mode:1;decoys=0;margin=n/a;topRMSD=0.000;bestDecoyRMSD=n/a;contactSpec=n/a;clashPen=n/a;enrichSets=0;enrichActive=0;enrichDecoy=0;enrichAUC=n/a;enrichMargin=n/a | case=5bjp-corn-dfho;rank=1;top=mode:1;decoys=0;margin=n/a;topRMSD=0.000;bestDecoyRMSD=n/a;contactSpec=n/a;clashPen=n/a;enrichSets=0;enrichActive=0;enrichDecoy=0;enrichAUC=n/a;enrichMargin=n/a | case=6wzs-ztp-riboswitch;rank=1;top=mode:1;decoys=0;margin=n/a;topRMSD=0.000;bestDecoyRMSD=n/a;contactSpec=n/a;clashPen=n/a;enrichSets=0;enrichActive=0;enrichDecoy=0;enrichAUC=n/a;enrichMargin=n/a | case=3irw-c-di-gmp-riboswitch;rank=1;top=mode:1;decoys=0;margin=n/a;topRMSD=0.000;bestDecoyRMSD=n/a;contactSpec=n/a;clashPen=n/a;enrichSets=0;enrichActive=0;enrichDecoy=0;enrichAUC=n/a;enrichMargin=n/a | case=4qlm-c-di-amp-riboswitch;rank=1;top=mode:1;decoys=0;margin=n/a;topRMSD=0.000;bestDecoyRMSD=n/a;contactSpec=n/a;clashPen=n/a;enrichSets=0;enrichActive=0;enrichDecoy=0;enrichAUC=n/a;enrichMargin=n/a | case=3d0u-lysine-riboswitch;rank=1;top=mode:1;decoys=0;margin=n/a;topRMSD=0.000;bestDecoyRMSD=n/a;contactSpec=n/a;clashPen=n/a;enrichSets=0;enrichActive=0;enrichDecoy=0;enrichAUC=n/a;enrichMargin=n/a | case=3oww-glycine-riboswitch;rank=1;top=mode:1;decoys=0;margin=n/a;topRMSD=0.000;bestDecoyRMSD=n/a;contactSpec=n/a;clashPen=n/a;enrichSets=0;enrichActive=0;enrichDecoy=0;enrichAUC=n/a;enrichMargin=n/a
-0.320000,-1.000000,-0.150000,-0.220000,2.560184,0.726,-0.466,8,41,1423,1.000000,3.907082,0.562,0.000,0.000,8.224,26.625456,0.000000,0.000000,2.157895,1.000000,case=t6-thrombin-vina;rank=1;top=mode:1;decoys=0;margin=n/a;topRMSD=0.000;bestDecoyRMSD=n/a;contactSpec=n/a;clashPen=n/a;enrichSets=0;enrichActive=0;enrichDecoy=0;enrichAUC=n/a;enrichMargin=n/a | case=4q9r-spinach-2zy;rank=1;top=mode:1;decoys=10;margin=26.625;topRMSD=0.000;bestDecoyRMSD=8.224;contactSpec=0.000;clashPen=0.000;enrichSets=0;enrichActive=0;enrichDecoy=0;enrichAUC=n/a;enrichMargin=n/a | case=1fmn-fmn-riboswitch;rank=1;top=mode:1;decoys=0;margin=n/a;topRMSD=0.000;bestDecoyRMSD=n/a;contactSpec=n/a;clashPen=n/a;enrichSets=1;enrichActive=1;enrichDecoy=60;enrichAUC=1.000;enrichMargin=10.489 | case=1fmn-fmn-riboswitch-mg;rank=1;top=mode:1;decoys=0;margin=n/a;topRMSD=0.000;bestDecoyRMSD=n/a;contactSpec=n/a;clashPen=n/a;enrichSets=0;enrichActive=0;enrichDecoy=0;enrichAUC=n/a;enrichMargin=n/a | case=2g9c-purine-riboswitch;rank=1;top=mode:1;decoys=0;margin=n/a;topRMSD=0.000;bestDecoyRMSD=n/a;contactSpec=n/a;clashPen=n/a;enrichSets=1;enrichActive=7;enrichDecoy=88;enrichAUC=0.661;enrichMargin=-0.905 | case=4rzd-preq1-riboswitch;rank=1;top=mode:1;decoys=0;margin=n/a;topRMSD=0.000;bestDecoyRMSD=n/a;contactSpec=n/a;clashPen=n/a;enrichSets=1;enrichActive=5;enrichDecoy=74;enrichAUC=0.500;enrichMargin=0.000 | case=2gdi-tpp-riboswitch;rank=1;top=mode:1;decoys=0;margin=n/a;topRMSD=0.000;bestDecoyRMSD=n/a;contactSpec=n/a;clashPen=n/a;enrichSets=1;enrichActive=7;enrichDecoy=266;enrichAUC=0.636;enrichMargin=-14.684 | case=2ygh-sam-riboswitch;rank=1;top=mode:1;decoys=0;margin=n/a;topRMSD=0.000;bestDecoyRMSD=n/a;contactSpec=n/a;clashPen=n/a;enrichSets=1;enrichActive=3;enrichDecoy=238;enrichAUC=0.819;enrichMargin=-1.165 | case=3b4b-glms-riboswitch;rank=1;top=mode:1;decoys=0;margin=n/a;topRMSD=0.000;bestDecoyRMSD=n/a;contactSpec=n/a;clashPen=n/a;enrichSets=1;enrichActive=4;enrichDecoy=165;enrichAUC=0.750;enrichMargin=1.000 | case=2hoj-tpp-riboswitch;rank=1;top=mode:1;decoys=0;margin=n/a;topRMSD=0.000;bestDecoyRMSD=n/a;contactSpec=n/a;clashPen=n/a;enrichSets=2;enrichActive=14;enrichDecoy=532;enrichAUC=0.714;enrichMargin=2.000 | case=3sd3-thf-riboswitch;rank=1;top=mode:1;decoys=0;margin=n/a;topRMSD=0.000;bestDecoyRMSD=n/a;contactSpec=n/a;clashPen=n/a;enrichSets=0;enrichActive=0;enrichDecoy=0;enrichAUC=n/a;enrichMargin=n/a | case=5dhb-gmp-primer-template;rank=1;top=mode:1;decoys=0;margin=n/a;topRMSD=0.000;bestDecoyRMSD=n/a;contactSpec=n/a;clashPen=n/a;enrichSets=0;enrichActive=0;enrichDecoy=0;enrichAUC=n/a;enrichMargin=n/a | case=6c64-mango-ii-ekm;rank=1;top=mode:1;decoys=0;margin=n/a;topRMSD=0.000;bestDecoyRMSD=n/a;contactSpec=n/a;clashPen=n/a;enrichSets=0;enrichActive=0;enrichDecoy=0;enrichAUC=n/a;enrichMargin=n/a | case=5bjp-corn-dfho;rank=1;top=mode:1;decoys=0;margin=n/a;topRMSD=0.000;bestDecoyRMSD=n/a;contactSpec=n/a;clashPen=n/a;enrichSets=0;enrichActive=0;enrichDecoy=0;enrichAUC=n/a;enrichMargin=n/a | case=6wzs-ztp-riboswitch;rank=1;top=mode:1;decoys=0;margin=n/a;topRMSD=0.000;bestDecoyRMSD=n/a;contactSpec=n/a;clashPen=n/a;enrichSets=0;enrichActive=0;enrichDecoy=0;enrichAUC=n/a;enrichMargin=n/a | case=3irw-c-di-gmp-riboswitch;rank=1;top=mode:1;decoys=0;margin=n/a;topRMSD=0.000;bestDecoyRMSD=n/a;contactSpec=n/a;clashPen=n/a;enrichSets=0;enrichActive=0;enrichDecoy=0;enrichAUC=n/a;enrichMargin=n/a | case=4qlm-c-di-amp-riboswitch;rank=1;top=mode:1;decoys=0;margin=n/a;topRMSD=0.000;bestDecoyRMSD=n/a;contactSpec=n/a;clashPen=n/a;enrichSets=0;enrichActive=0;enrichDecoy=0;enrichAUC=n/a;enrichMargin=n/a | case=3d0u-lysine-riboswitch;rank=1;top=mode:1;decoys=0;margin=n/a;topRMSD=0.000;bestDecoyRMSD=n/a;contactSpec=n/a;clashPen=n/a;enrichSets=0;enrichActive=0;enrichDecoy=0;enrichAUC=n/a;enrichMargin=n/a | case=3oww-glycine-riboswitch;rank=1;top=mode:1;decoys=0;margin=n/a;topRMSD=0.000;bestDecoyRMSD=n/a;contactSpec=n/a;clashPen=n/a;enrichSets=0;enrichActive=0;enrichDecoy=0;enrichAUC=n/a;enrichMargin=n/a
-0.320000,-1.000000,-0.150000,-0.350000,2.560184,0.726,-0.466,8,41,1423,1.000000,3.907082,0.562,0.000,0.000,8.224,26.625456,0.000000,0.000000,2.157895,1.000000,case=t6-thrombin-vina;rank=1;top=mode:1;decoys=0;margin=n/a;topRMSD=0.000;bestDecoyRMSD=n/a;contactSpec=n/a;clashPen=n/a;enrichSets=0;enrichActive=0;enrichDecoy=0;enrichAUC=n/a;enrichMargin=n/a | case=4q9r-spinach-2zy;rank=1;top=mode:1;decoys=10;margin=26.625;topRMSD=0.000;bestDecoyRMSD=8.224;contactSpec=0.000;clashPen=0.000;enrichSets=0;enrichActive=0;enrichDecoy=0;enrichAUC=n/a;enrichMargin=n/a | case=1fmn-fmn-riboswitch;rank=1;top=mode:1;decoys=0;margin=n/a;topRMSD=0.000;bestDecoyRMSD=n/a;contactSpec=n/a;clashPen=n/a;enrichSets=1;enrichActive=1;enrichDecoy=60;enrichAUC=1.000;enrichMargin=10.489 | case=1fmn-fmn-riboswitch-mg;rank=1;top=mode:1;decoys=0;margin=n/a;topRMSD=0.000;bestDecoyRMSD=n/a;contactSpec=n/a;clashPen=n/a;enrichSets=0;enrichActive=0;enrichDecoy=0;enrichAUC=n/a;enrichMargin=n/a | case=2g9c-purine-riboswitch;rank=1;top=mode:1;decoys=0;margin=n/a;topRMSD=0.000;bestDecoyRMSD=n/a;contactSpec=n/a;clashPen=n/a;enrichSets=1;enrichActive=7;enrichDecoy=88;enrichAUC=0.661;enrichMargin=-0.905 | case=4rzd-preq1-riboswitch;rank=1;top=mode:1;decoys=0;margin=n/a;topRMSD=0.000;bestDecoyRMSD=n/a;contactSpec=n/a;clashPen=n/a;enrichSets=1;enrichActive=5;enrichDecoy=74;enrichAUC=0.500;enrichMargin=0.000 | case=2gdi-tpp-riboswitch;rank=1;top=mode:1;decoys=0;margin=n/a;topRMSD=0.000;bestDecoyRMSD=n/a;contactSpec=n/a;clashPen=n/a;enrichSets=1;enrichActive=7;enrichDecoy=266;enrichAUC=0.636;enrichMargin=-14.684 | case=2ygh-sam-riboswitch;rank=1;top=mode:1;decoys=0;margin=n/a;topRMSD=0.000;bestDecoyRMSD=n/a;contactSpec=n/a;clashPen=n/a;enrichSets=1;enrichActive=3;enrichDecoy=238;enrichAUC=0.819;enrichMargin=-1.165 | case=3b4b-glms-riboswitch;rank=1;top=mode:1;decoys=0;margin=n/a;topRMSD=0.000;bestDecoyRMSD=n/a;contactSpec=n/a;clashPen=n/a;enrichSets=1;enrichActive=4;enrichDecoy=165;enrichAUC=0.750;enrichMargin=1.000 | case=2hoj-tpp-riboswitch;rank=1;top=mode:1;decoys=0;margin=n/a;topRMSD=0.000;bestDecoyRMSD=n/a;contactSpec=n/a;clashPen=n/a;enrichSets=2;enrichActive=14;enrichDecoy=532;enrichAUC=0.714;enrichMargin=2.000 | case=3sd3-thf-riboswitch;rank=1;top=mode:1;decoys=0;margin=n/a;topRMSD=0.000;bestDecoyRMSD=n/a;contactSpec=n/a;clashPen=n/a;enrichSets=0;enrichActive=0;enrichDecoy=0;enrichAUC=n/a;enrichMargin=n/a | case=5dhb-gmp-primer-template;rank=1;top=mode:1;decoys=0;margin=n/a;topRMSD=0.000;bestDecoyRMSD=n/a;contactSpec=n/a;clashPen=n/a;enrichSets=0;enrichActive=0;enrichDecoy=0;enrichAUC=n/a;enrichMargin=n/a | case=6c64-mango-ii-ekm;rank=1;top=mode:1;decoys=0;margin=n/a;topRMSD=0.000;bestDecoyRMSD=n/a;contactSpec=n/a;clashPen=n/a;enrichSets=0;enrichActive=0;enrichDecoy=0;enrichAUC=n/a;enrichMargin=n/a | case=5bjp-corn-dfho;rank=1;top=mode:1;decoys=0;margin=n/a;topRMSD=0.000;bestDecoyRMSD=n/a;contactSpec=n/a;clashPen=n/a;enrichSets=0;enrichActive=0;enrichDecoy=0;enrichAUC=n/a;enrichMargin=n/a | case=6wzs-ztp-riboswitch;rank=1;top=mode:1;decoys=0;margin=n/a;topRMSD=0.000;bestDecoyRMSD=n/a;contactSpec=n/a;clashPen=n/a;enrichSets=0;enrichActive=0;enrichDecoy=0;enrichAUC=n/a;enrichMargin=n/a | case=3irw-c-di-gmp-riboswitch;rank=1;top=mode:1;decoys=0;margin=n/a;topRMSD=0.000;bestDecoyRMSD=n/a;contactSpec=n/a;clashPen=n/a;enrichSets=0;enrichActive=0;enrichDecoy=0;enrichAUC=n/a;enrichMargin=n/a | case=4qlm-c-di-amp-riboswitch;rank=1;top=mode:1;decoys=0;margin=n/a;topRMSD=0.000;bestDecoyRMSD=n/a;contactSpec=n/a;clashPen=n/a;enrichSets=0;enrichActive=0;enrichDecoy=0;enrichAUC=n/a;enrichMargin=n/a | case=3d0u-lysine-riboswitch;rank=1;top=mode:1;decoys=0;margin=n/a;topRMSD=0.000;bestDecoyRMSD=n/a;contactSpec=n/a;clashPen=n/a;enrichSets=0;enrichActive=0;enrichDecoy=0;enrichAUC=n/a;enrichMargin=n/a | case=3oww-glycine-riboswitch;rank=1;top=mode:1;decoys=0;margin=n/a;topRMSD=0.000;bestDecoyRMSD=n/a;contactSpec=n/a;clashPen=n/a;enrichSets=0;enrichActive=0;enrichDecoy=0;enrichAUC=n/a;enrichMargin=n/a
-0.120000,-1.000000,-0.250000,-0.100000,2.565828,0.725,-0.473,8,41,1423,1.000000,3.906171,0.562,0.000,0.000,8.224,26.615437,0.000000,0.000000,2.157895,1.000000,case=t6-thrombin-vina;rank=1;top=mode:1;decoys=0;margin=n/a;topRMSD=0.000;bestDecoyRMSD=n/a;contactSpec=n/a;clashPen=n/a;enrichSets=0;enrichActive=0;enrichDecoy=0;enrichAUC=n/a;enrichMargin=n/a | case=4q9r-spinach-2zy;rank=1;top=mode:1;decoys=10;margin=26.615;topRMSD=0.000;bestDecoyRMSD=8.224;contactSpec=0.000;clashPen=0.000;enrichSets=0;enrichActive=0;enrichDecoy=0;enrichAUC=n/a;enrichMargin=n/a | case=1fmn-fmn-riboswitch;rank=1;top=mode:1;decoys=0;margin=n/a;topRMSD=0.000;bestDecoyRMSD=n/a;contactSpec=n/a;clashPen=n/a;enrichSets=1;enrichActive=1;enrichDecoy=60;enrichAUC=1.000;enrichMargin=10.282 | case=1fmn-fmn-riboswitch-mg;rank=1;top=mode:1;decoys=0;margin=n/a;topRMSD=0.000;bestDecoyRMSD=n/a;contactSpec=n/a;clashPen=n/a;enrichSets=0;enrichActive=0;enrichDecoy=0;enrichAUC=n/a;enrichMargin=n/a | case=2g9c-purine-riboswitch;rank=1;top=mode:1;decoys=0;margin=n/a;topRMSD=0.000;bestDecoyRMSD=n/a;contactSpec=n/a;clashPen=n/a;enrichSets=1;enrichActive=7;enrichDecoy=88;enrichAUC=0.657;enrichMargin=-0.906 | case=4rzd-preq1-riboswitch;rank=1;top=mode:1;decoys=0;margin=n/a;topRMSD=0.000;bestDecoyRMSD=n/a;contactSpec=n/a;clashPen=n/a;enrichSets=1;enrichActive=5;enrichDecoy=74;enrichAUC=0.500;enrichMargin=0.000 | case=2gdi-tpp-riboswitch;rank=1;top=mode:1;decoys=0;margin=n/a;topRMSD=0.000;bestDecoyRMSD=n/a;contactSpec=n/a;clashPen=n/a;enrichSets=1;enrichActive=7;enrichDecoy=266;enrichAUC=0.633;enrichMargin=-14.656 | case=2ygh-sam-riboswitch;rank=1;top=mode:1;decoys=0;margin=n/a;topRMSD=0.000;bestDecoyRMSD=n/a;contactSpec=n/a;clashPen=n/a;enrichSets=1;enrichActive=3;enrichDecoy=238;enrichAUC=0.821;enrichMargin=-1.032 | case=3b4b-glms-riboswitch;rank=1;top=mode:1;decoys=0;margin=n/a;topRMSD=0.000;bestDecoyRMSD=n/a;contactSpec=n/a;clashPen=n/a;enrichSets=1;enrichActive=4;enrichDecoy=165;enrichAUC=0.750;enrichMargin=1.000 | case=2hoj-tpp-riboswitch;rank=1;top=mode:1;decoys=0;margin=n/a;topRMSD=0.000;bestDecoyRMSD=n/a;contactSpec=n/a;clashPen=n/a;enrichSets=2;enrichActive=14;enrichDecoy=532;enrichAUC=0.714;enrichMargin=2.000 | case=3sd3-thf-riboswitch;rank=1;top=mode:1;decoys=0;margin=n/a;topRMSD=0.000;bestDecoyRMSD=n/a;contactSpec=n/a;clashPen=n/a;enrichSets=0;enrichActive=0;enrichDecoy=0;enrichAUC=n/a;enrichMargin=n/a | case=5dhb-gmp-primer-template;rank=1;top=mode:1;decoys=0;margin=n/a;topRMSD=0.000;bestDecoyRMSD=n/a;contactSpec=n/a;clashPen=n/a;enrichSets=0;enrichActive=0;enrichDecoy=0;enrichAUC=n/a;enrichMargin=n/a | case=6c64-mango-ii-ekm;rank=1;top=mode:1;decoys=0;margin=n/a;topRMSD=0.000;bestDecoyRMSD=n/a;contactSpec=n/a;clashPen=n/a;enrichSets=0;enrichActive=0;enrichDecoy=0;enrichAUC=n/a;enrichMargin=n/a | case=5bjp-corn-dfho;rank=1;top=mode:1;decoys=0;margin=n/a;topRMSD=0.000;bestDecoyRMSD=n/a;contactSpec=n/a;clashPen=n/a;enrichSets=0;enrichActive=0;enrichDecoy=0;enrichAUC=n/a;enrichMargin=n/a | case=6wzs-ztp-riboswitch;rank=1;top=mode:1;decoys=0;margin=n/a;topRMSD=0.000;bestDecoyRMSD=n/a;contactSpec=n/a;clashPen=n/a;enrichSets=0;enrichActive=0;enrichDecoy=0;enrichAUC=n/a;enrichMargin=n/a | case=3irw-c-di-gmp-riboswitch;rank=1;top=mode:1;decoys=0;margin=n/a;topRMSD=0.000;bestDecoyRMSD=n/a;contactSpec=n/a;clashPen=n/a;enrichSets=0;enrichActive=0;enrichDecoy=0;enrichAUC=n/a;enrichMargin=n/a | case=4qlm-c-di-amp-riboswitch;rank=1;top=mode:1;decoys=0;margin=n/a;topRMSD=0.000;bestDecoyRMSD=n/a;contactSpec=n/a;clashPen=n/a;enrichSets=0;enrichActive=0;enrichDecoy=0;enrichAUC=n/a;enrichMargin=n/a | case=3d0u-lysine-riboswitch;rank=1;top=mode:1;decoys=0;margin=n/a;topRMSD=0.000;bestDecoyRMSD=n/a;contactSpec=n/a;clashPen=n/a;enrichSets=0;enrichActive=0;enrichDecoy=0;enrichAUC=n/a;enrichMargin=n/a | case=3oww-glycine-riboswitch;rank=1;top=mode:1;decoys=0;margin=n/a;topRMSD=0.000;bestDecoyRMSD=n/a;contactSpec=n/a;clashPen=n/a;enrichSets=0;enrichActive=0;enrichDecoy=0;enrichAUC=n/a;enrichMargin=n/a
-0.120000,-1.000000,-0.250000,-0.220000,2.565828,0.725,-0.473,8,41,1423,1.000000,3.906171,0.562,0.000,0.000,8.224,26.615437,0.000000,0.000000,2.157895,1.000000,case=t6-thrombin-vina;rank=1;top=mode:1;decoys=0;margin=n/a;topRMSD=0.000;bestDecoyRMSD=n/a;contactSpec=n/a;clashPen=n/a;enrichSets=0;enrichActive=0;enrichDecoy=0;enrichAUC=n/a;enrichMargin=n/a | case=4q9r-spinach-2zy;rank=1;top=mode:1;decoys=10;margin=26.615;topRMSD=0.000;bestDecoyRMSD=8.224;contactSpec=0.000;clashPen=0.000;enrichSets=0;enrichActive=0;enrichDecoy=0;enrichAUC=n/a;enrichMargin=n/a | case=1fmn-fmn-riboswitch;rank=1;top=mode:1;decoys=0;margin=n/a;topRMSD=0.000;bestDecoyRMSD=n/a;contactSpec=n/a;clashPen=n/a;enrichSets=1;enrichActive=1;enrichDecoy=60;enrichAUC=1.000;enrichMargin=10.282 | case=1fmn-fmn-riboswitch-mg;rank=1;top=mode:1;decoys=0;margin=n/a;topRMSD=0.000;bestDecoyRMSD=n/a;contactSpec=n/a;clashPen=n/a;enrichSets=0;enrichActive=0;enrichDecoy=0;enrichAUC=n/a;enrichMargin=n/a | case=2g9c-purine-riboswitch;rank=1;top=mode:1;decoys=0;margin=n/a;topRMSD=0.000;bestDecoyRMSD=n/a;contactSpec=n/a;clashPen=n/a;enrichSets=1;enrichActive=7;enrichDecoy=88;enrichAUC=0.657;enrichMargin=-0.906 | case=4rzd-preq1-riboswitch;rank=1;top=mode:1;decoys=0;margin=n/a;topRMSD=0.000;bestDecoyRMSD=n/a;contactSpec=n/a;clashPen=n/a;enrichSets=1;enrichActive=5;enrichDecoy=74;enrichAUC=0.500;enrichMargin=0.000 | case=2gdi-tpp-riboswitch;rank=1;top=mode:1;decoys=0;margin=n/a;topRMSD=0.000;bestDecoyRMSD=n/a;contactSpec=n/a;clashPen=n/a;enrichSets=1;enrichActive=7;enrichDecoy=266;enrichAUC=0.633;enrichMargin=-14.656 | case=2ygh-sam-riboswitch;rank=1;top=mode:1;decoys=0;margin=n/a;topRMSD=0.000;bestDecoyRMSD=n/a;contactSpec=n/a;clashPen=n/a;enrichSets=1;enrichActive=3;enrichDecoy=238;enrichAUC=0.821;enrichMargin=-1.032 | case=3b4b-glms-riboswitch;rank=1;top=mode:1;decoys=0;margin=n/a;topRMSD=0.000;bestDecoyRMSD=n/a;contactSpec=n/a;clashPen=n/a;enrichSets=1;enrichActive=4;enrichDecoy=165;enrichAUC=0.750;enrichMargin=1.000 | case=2hoj-tpp-riboswitch;rank=1;top=mode:1;decoys=0;margin=n/a;topRMSD=0.000;bestDecoyRMSD=n/a;contactSpec=n/a;clashPen=n/a;enrichSets=2;enrichActive=14;enrichDecoy=532;enrichAUC=0.714;enrichMargin=2.000 | case=3sd3-thf-riboswitch;rank=1;top=mode:1;decoys=0;margin=n/a;topRMSD=0.000;bestDecoyRMSD=n/a;contactSpec=n/a;clashPen=n/a;enrichSets=0;enrichActive=0;enrichDecoy=0;enrichAUC=n/a;enrichMargin=n/a | case=5dhb-gmp-primer-template;rank=1;top=mode:1;decoys=0;margin=n/a;topRMSD=0.000;bestDecoyRMSD=n/a;contactSpec=n/a;clashPen=n/a;enrichSets=0;enrichActive=0;enrichDecoy=0;enrichAUC=n/a;enrichMargin=n/a | case=6c64-mango-ii-ekm;rank=1;top=mode:1;decoys=0;margin=n/a;topRMSD=0.000;bestDecoyRMSD=n/a;contactSpec=n/a;clashPen=n/a;enrichSets=0;enrichActive=0;enrichDecoy=0;enrichAUC=n/a;enrichMargin=n/a | case=5bjp-corn-dfho;rank=1;top=mode:1;decoys=0;margin=n/a;topRMSD=0.000;bestDecoyRMSD=n/a;contactSpec=n/a;clashPen=n/a;enrichSets=0;enrichActive=0;enrichDecoy=0;enrichAUC=n/a;enrichMargin=n/a | case=6wzs-ztp-riboswitch;rank=1;top=mode:1;decoys=0;margin=n/a;topRMSD=0.000;bestDecoyRMSD=n/a;contactSpec=n/a;clashPen=n/a;enrichSets=0;enrichActive=0;enrichDecoy=0;enrichAUC=n/a;enrichMargin=n/a | case=3irw-c-di-gmp-riboswitch;rank=1;top=mode:1;decoys=0;margin=n/a;topRMSD=0.000;bestDecoyRMSD=n/a;contactSpec=n/a;clashPen=n/a;enrichSets=0;enrichActive=0;enrichDecoy=0;enrichAUC=n/a;enrichMargin=n/a | case=4qlm-c-di-amp-riboswitch;rank=1;top=mode:1;decoys=0;margin=n/a;topRMSD=0.000;bestDecoyRMSD=n/a;contactSpec=n/a;clashPen=n/a;enrichSets=0;enrichActive=0;enrichDecoy=0;enrichAUC=n/a;enrichMargin=n/a | case=3d0u-lysine-riboswitch;rank=1;top=mode:1;decoys=0;margin=n/a;topRMSD=0.000;bestDecoyRMSD=n/a;contactSpec=n/a;clashPen=n/a;enrichSets=0;enrichActive=0;enrichDecoy=0;enrichAUC=n/a;enrichMargin=n/a | case=3oww-glycine-riboswitch;rank=1;top=mode:1;decoys=0;margin=n/a;topRMSD=0.000;bestDecoyRMSD=n/a;contactSpec=n/a;clashPen=n/a;enrichSets=0;enrichActive=0;enrichDecoy=0;enrichAUC=n/a;enrichMargin=n/a
-0.120000,-1.000000,-0.250000,-0.350000,2.565828,0.725,-0.473,8,41,1423,1.000000,3.906171,0.562,0.000,0.000,8.224,26.615437,0.000000,0.000000,2.157895,1.000000,case=t6-thrombin-vina;rank=1;top=mode:1;decoys=0;margin=n/a;topRMSD=0.000;bestDecoyRMSD=n/a;contactSpec=n/a;clashPen=n/a;enrichSets=0;enrichActive=0;enrichDecoy=0;enrichAUC=n/a;enrichMargin=n/a | case=4q9r-spinach-2zy;rank=1;top=mode:1;decoys=10;margin=26.615;topRMSD=0.000;bestDecoyRMSD=8.224;contactSpec=0.000;clashPen=0.000;enrichSets=0;enrichActive=0;enrichDecoy=0;enrichAUC=n/a;enrichMargin=n/a | case=1fmn-fmn-riboswitch;rank=1;top=mode:1;decoys=0;margin=n/a;topRMSD=0.000;bestDecoyRMSD=n/a;contactSpec=n/a;clashPen=n/a;enrichSets=1;enrichActive=1;enrichDecoy=60;enrichAUC=1.000;enrichMargin=10.282 | case=1fmn-fmn-riboswitch-mg;rank=1;top=mode:1;decoys=0;margin=n/a;topRMSD=0.000;bestDecoyRMSD=n/a;contactSpec=n/a;clashPen=n/a;enrichSets=0;enrichActive=0;enrichDecoy=0;enrichAUC=n/a;enrichMargin=n/a | case=2g9c-purine-riboswitch;rank=1;top=mode:1;decoys=0;margin=n/a;topRMSD=0.000;bestDecoyRMSD=n/a;contactSpec=n/a;clashPen=n/a;enrichSets=1;enrichActive=7;enrichDecoy=88;enrichAUC=0.657;enrichMargin=-0.906 | case=4rzd-preq1-riboswitch;rank=1;top=mode:1;decoys=0;margin=n/a;topRMSD=0.000;bestDecoyRMSD=n/a;contactSpec=n/a;clashPen=n/a;enrichSets=1;enrichActive=5;enrichDecoy=74;enrichAUC=0.500;enrichMargin=0.000 | case=2gdi-tpp-riboswitch;rank=1;top=mode:1;decoys=0;margin=n/a;topRMSD=0.000;bestDecoyRMSD=n/a;contactSpec=n/a;clashPen=n/a;enrichSets=1;enrichActive=7;enrichDecoy=266;enrichAUC=0.633;enrichMargin=-14.656 | case=2ygh-sam-riboswitch;rank=1;top=mode:1;decoys=0;margin=n/a;topRMSD=0.000;bestDecoyRMSD=n/a;contactSpec=n/a;clashPen=n/a;enrichSets=1;enrichActive=3;enrichDecoy=238;enrichAUC=0.821;enrichMargin=-1.032 | case=3b4b-glms-riboswitch;rank=1;top=mode:1;decoys=0;margin=n/a;topRMSD=0.000;bestDecoyRMSD=n/a;contactSpec=n/a;clashPen=n/a;enrichSets=1;enrichActive=4;enrichDecoy=165;enrichAUC=0.750;enrichMargin=1.000 | case=2hoj-tpp-riboswitch;rank=1;top=mode:1;decoys=0;margin=n/a;topRMSD=0.000;bestDecoyRMSD=n/a;contactSpec=n/a;clashPen=n/a;enrichSets=2;enrichActive=14;enrichDecoy=532;enrichAUC=0.714;enrichMargin=2.000 | case=3sd3-thf-riboswitch;rank=1;top=mode:1;decoys=0;margin=n/a;topRMSD=0.000;bestDecoyRMSD=n/a;contactSpec=n/a;clashPen=n/a;enrichSets=0;enrichActive=0;enrichDecoy=0;enrichAUC=n/a;enrichMargin=n/a | case=5dhb-gmp-primer-template;rank=1;top=mode:1;decoys=0;margin=n/a;topRMSD=0.000;bestDecoyRMSD=n/a;contactSpec=n/a;clashPen=n/a;enrichSets=0;enrichActive=0;enrichDecoy=0;enrichAUC=n/a;enrichMargin=n/a | case=6c64-mango-ii-ekm;rank=1;top=mode:1;decoys=0;margin=n/a;topRMSD=0.000;bestDecoyRMSD=n/a;contactSpec=n/a;clashPen=n/a;enrichSets=0;enrichActive=0;enrichDecoy=0;enrichAUC=n/a;enrichMargin=n/a | case=5bjp-corn-dfho;rank=1;top=mode:1;decoys=0;margin=n/a;topRMSD=0.000;bestDecoyRMSD=n/a;contactSpec=n/a;clashPen=n/a;enrichSets=0;enrichActive=0;enrichDecoy=0;enrichAUC=n/a;enrichMargin=n/a | case=6wzs-ztp-riboswitch;rank=1;top=mode:1;decoys=0;margin=n/a;topRMSD=0.000;bestDecoyRMSD=n/a;contactSpec=n/a;clashPen=n/a;enrichSets=0;enrichActive=0;enrichDecoy=0;enrichAUC=n/a;enrichMargin=n/a | case=3irw-c-di-gmp-riboswitch;rank=1;top=mode:1;decoys=0;margin=n/a;topRMSD=0.000;bestDecoyRMSD=n/a;contactSpec=n/a;clashPen=n/a;enrichSets=0;enrichActive=0;enrichDecoy=0;enrichAUC=n/a;enrichMargin=n/a | case=4qlm-c-di-amp-riboswitch;rank=1;top=mode:1;decoys=0;margin=n/a;topRMSD=0.000;bestDecoyRMSD=n/a;contactSpec=n/a;clashPen=n/a;enrichSets=0;enrichActive=0;enrichDecoy=0;enrichAUC=n/a;enrichMargin=n/a | case=3d0u-lysine-riboswitch;rank=1;top=mode:1;decoys=0;margin=n/a;topRMSD=0.000;bestDecoyRMSD=n/a;contactSpec=n/a;clashPen=n/a;enrichSets=0;enrichActive=0;enrichDecoy=0;enrichAUC=n/a;enrichMargin=n/a | case=3oww-glycine-riboswitch;rank=1;top=mode:1;decoys=0;margin=n/a;topRMSD=0.000;bestDecoyRMSD=n/a;contactSpec=n/a;clashPen=n/a;enrichSets=0;enrichActive=0;enrichDecoy=0;enrichAUC=n/a;enrichMargin=n/a
-0.240000,-1.000000,-0.150000,-0.100000,2.568268,0.726,-0.475,8,41,1423,1.000000,3.911835,0.562,0.000,0.000,8.224,26.625475,0.000000,0.000000,2.157895,1.000000,case=t6-thrombin-vina;rank=1;top=mode:1;decoys=0;margin=n/a;topRMSD=0.000;bestDecoyRMSD=n/a;contactSpec=n/a;clashPen=n/a;enrichSets=0;enrichActive=0;enrichDecoy=0;enrichAUC=n/a;enrichMargin=n/a | case=4q9r-spinach-2zy;rank=1;top=mode:1;decoys=10;margin=26.625;topRMSD=0.000;bestDecoyRMSD=8.224;contactSpec=0.000;clashPen=0.000;enrichSets=0;enrichActive=0;enrichDecoy=0;enrichAUC=n/a;enrichMargin=n/a | case=1fmn-fmn-riboswitch;rank=1;top=mode:1;decoys=0;margin=n/a;topRMSD=0.000;bestDecoyRMSD=n/a;contactSpec=n/a;clashPen=n/a;enrichSets=1;enrichActive=1;enrichDecoy=60;enrichAUC=1.000;enrichMargin=10.349 | case=1fmn-fmn-riboswitch-mg;rank=1;top=mode:1;decoys=0;margin=n/a;topRMSD=0.000;bestDecoyRMSD=n/a;contactSpec=n/a;clashPen=n/a;enrichSets=0;enrichActive=0;enrichDecoy=0;enrichAUC=n/a;enrichMargin=n/a | case=2g9c-purine-riboswitch;rank=1;top=mode:1;decoys=0;margin=n/a;topRMSD=0.000;bestDecoyRMSD=n/a;contactSpec=n/a;clashPen=n/a;enrichSets=1;enrichActive=7;enrichDecoy=88;enrichAUC=0.659;enrichMargin=-0.905 | case=4rzd-preq1-riboswitch;rank=1;top=mode:1;decoys=0;margin=n/a;topRMSD=0.000;bestDecoyRMSD=n/a;contactSpec=n/a;clashPen=n/a;enrichSets=1;enrichActive=5;enrichDecoy=74;enrichAUC=0.500;enrichMargin=0.000 | case=2gdi-tpp-riboswitch;rank=1;top=mode:1;decoys=0;margin=n/a;topRMSD=0.000;bestDecoyRMSD=n/a;contactSpec=n/a;clashPen=n/a;enrichSets=1;enrichActive=7;enrichDecoy=266;enrichAUC=0.636;enrichMargin=-14.673 | case=2ygh-sam-riboswitch;rank=1;top=mode:1;decoys=0;margin=n/a;topRMSD=0.000;bestDecoyRMSD=n/a;contactSpec=n/a;clashPen=n/a;enrichSets=1;enrichActive=3;enrichDecoy=238;enrichAUC=0.819;enrichMargin=-1.098 | case=3b4b-glms-riboswitch;rank=1;top=mode:1;decoys=0;margin=n/a;topRMSD=0.000;bestDecoyRMSD=n/a;contactSpec=n/a;clashPen=n/a;enrichSets=1;enrichActive=4;enrichDecoy=165;enrichAUC=0.750;enrichMargin=1.000 | case=2hoj-tpp-riboswitch;rank=1;top=mode:1;decoys=0;margin=n/a;topRMSD=0.000;bestDecoyRMSD=n/a;contactSpec=n/a;clashPen=n/a;enrichSets=2;enrichActive=14;enrichDecoy=532;enrichAUC=0.714;enrichMargin=2.000 | case=3sd3-thf-riboswitch;rank=1;top=mode:1;decoys=0;margin=n/a;topRMSD=0.000;bestDecoyRMSD=n/a;contactSpec=n/a;clashPen=n/a;enrichSets=0;enrichActive=0;enrichDecoy=0;enrichAUC=n/a;enrichMargin=n/a | case=5dhb-gmp-primer-template;rank=1;top=mode:1;decoys=0;margin=n/a;topRMSD=0.000;bestDecoyRMSD=n/a;contactSpec=n/a;clashPen=n/a;enrichSets=0;enrichActive=0;enrichDecoy=0;enrichAUC=n/a;enrichMargin=n/a | case=6c64-mango-ii-ekm;rank=1;top=mode:1;decoys=0;margin=n/a;topRMSD=0.000;bestDecoyRMSD=n/a;contactSpec=n/a;clashPen=n/a;enrichSets=0;enrichActive=0;enrichDecoy=0;enrichAUC=n/a;enrichMargin=n/a | case=5bjp-corn-dfho;rank=1;top=mode:1;decoys=0;margin=n/a;topRMSD=0.000;bestDecoyRMSD=n/a;contactSpec=n/a;clashPen=n/a;enrichSets=0;enrichActive=0;enrichDecoy=0;enrichAUC=n/a;enrichMargin=n/a | case=6wzs-ztp-riboswitch;rank=1;top=mode:1;decoys=0;margin=n/a;topRMSD=0.000;bestDecoyRMSD=n/a;contactSpec=n/a;clashPen=n/a;enrichSets=0;enrichActive=0;enrichDecoy=0;enrichAUC=n/a;enrichMargin=n/a | case=3irw-c-di-gmp-riboswitch;rank=1;top=mode:1;decoys=0;margin=n/a;topRMSD=0.000;bestDecoyRMSD=n/a;contactSpec=n/a;clashPen=n/a;enrichSets=0;enrichActive=0;enrichDecoy=0;enrichAUC=n/a;enrichMargin=n/a | case=4qlm-c-di-amp-riboswitch;rank=1;top=mode:1;decoys=0;margin=n/a;topRMSD=0.000;bestDecoyRMSD=n/a;contactSpec=n/a;clashPen=n/a;enrichSets=0;enrichActive=0;enrichDecoy=0;enrichAUC=n/a;enrichMargin=n/a | case=3d0u-lysine-riboswitch;rank=1;top=mode:1;decoys=0;margin=n/a;topRMSD=0.000;bestDecoyRMSD=n/a;contactSpec=n/a;clashPen=n/a;enrichSets=0;enrichActive=0;enrichDecoy=0;enrichAUC=n/a;enrichMargin=n/a | case=3oww-glycine-riboswitch;rank=1;top=mode:1;decoys=0;margin=n/a;topRMSD=0.000;bestDecoyRMSD=n/a;contactSpec=n/a;clashPen=n/a;enrichSets=0;enrichActive=0;enrichDecoy=0;enrichAUC=n/a;enrichMargin=n/a
-0.240000,-1.000000,-0.150000,-0.220000,2.568268,0.726,-0.475,8,41,1423,1.000000,3.911835,0.562,0.000,0.000,8.224,26.625475,0.000000,0.000000,2.157895,1.000000,case=t6-thrombin-vina;rank=1;top=mode:1;decoys=0;margin=n/a;topRMSD=0.000;bestDecoyRMSD=n/a;contactSpec=n/a;clashPen=n/a;enrichSets=0;enrichActive=0;enrichDecoy=0;enrichAUC=n/a;enrichMargin=n/a | case=4q9r-spinach-2zy;rank=1;top=mode:1;decoys=10;margin=26.625;topRMSD=0.000;bestDecoyRMSD=8.224;contactSpec=0.000;clashPen=0.000;enrichSets=0;enrichActive=0;enrichDecoy=0;enrichAUC=n/a;enrichMargin=n/a | case=1fmn-fmn-riboswitch;rank=1;top=mode:1;decoys=0;margin=n/a;topRMSD=0.000;bestDecoyRMSD=n/a;contactSpec=n/a;clashPen=n/a;enrichSets=1;enrichActive=1;enrichDecoy=60;enrichAUC=1.000;enrichMargin=10.349 | case=1fmn-fmn-riboswitch-mg;rank=1;top=mode:1;decoys=0;margin=n/a;topRMSD=0.000;bestDecoyRMSD=n/a;contactSpec=n/a;clashPen=n/a;enrichSets=0;enrichActive=0;enrichDecoy=0;enrichAUC=n/a;enrichMargin=n/a | case=2g9c-purine-riboswitch;rank=1;top=mode:1;decoys=0;margin=n/a;topRMSD=0.000;bestDecoyRMSD=n/a;contactSpec=n/a;clashPen=n/a;enrichSets=1;enrichActive=7;enrichDecoy=88;enrichAUC=0.659;enrichMargin=-0.905 | case=4rzd-preq1-riboswitch;rank=1;top=mode:1;decoys=0;margin=n/a;topRMSD=0.000;bestDecoyRMSD=n/a;contactSpec=n/a;clashPen=n/a;enrichSets=1;enrichActive=5;enrichDecoy=74;enrichAUC=0.500;enrichMargin=0.000 | case=2gdi-tpp-riboswitch;rank=1;top=mode:1;decoys=0;margin=n/a;topRMSD=0.000;bestDecoyRMSD=n/a;contactSpec=n/a;clashPen=n/a;enrichSets=1;enrichActive=7;enrichDecoy=266;enrichAUC=0.636;enrichMargin=-14.673 | case=2ygh-sam-riboswitch;rank=1;top=mode:1;decoys=0;margin=n/a;topRMSD=0.000;bestDecoyRMSD=n/a;contactSpec=n/a;clashPen=n/a;enrichSets=1;enrichActive=3;enrichDecoy=238;enrichAUC=0.819;enrichMargin=-1.098 | case=3b4b-glms-riboswitch;rank=1;top=mode:1;decoys=0;margin=n/a;topRMSD=0.000;bestDecoyRMSD=n/a;contactSpec=n/a;clashPen=n/a;enrichSets=1;enrichActive=4;enrichDecoy=165;enrichAUC=0.750;enrichMargin=1.000 | case=2hoj-tpp-riboswitch;rank=1;top=mode:1;decoys=0;margin=n/a;topRMSD=0.000;bestDecoyRMSD=n/a;contactSpec=n/a;clashPen=n/a;enrichSets=2;enrichActive=14;enrichDecoy=532;enrichAUC=0.714;enrichMargin=2.000 | case=3sd3-thf-riboswitch;rank=1;top=mode:1;decoys=0;margin=n/a;topRMSD=0.000;bestDecoyRMSD=n/a;contactSpec=n/a;clashPen=n/a;enrichSets=0;enrichActive=0;enrichDecoy=0;enrichAUC=n/a;enrichMargin=n/a | case=5dhb-gmp-primer-template;rank=1;top=mode:1;decoys=0;margin=n/a;topRMSD=0.000;bestDecoyRMSD=n/a;contactSpec=n/a;clashPen=n/a;enrichSets=0;enrichActive=0;enrichDecoy=0;enrichAUC=n/a;enrichMargin=n/a | case=6c64-mango-ii-ekm;rank=1;top=mode:1;decoys=0;margin=n/a;topRMSD=0.000;bestDecoyRMSD=n/a;contactSpec=n/a;clashPen=n/a;enrichSets=0;enrichActive=0;enrichDecoy=0;enrichAUC=n/a;enrichMargin=n/a | case=5bjp-corn-dfho;rank=1;top=mode:1;decoys=0;margin=n/a;topRMSD=0.000;bestDecoyRMSD=n/a;contactSpec=n/a;clashPen=n/a;enrichSets=0;enrichActive=0;enrichDecoy=0;enrichAUC=n/a;enrichMargin=n/a | case=6wzs-ztp-riboswitch;rank=1;top=mode:1;decoys=0;margin=n/a;topRMSD=0.000;bestDecoyRMSD=n/a;contactSpec=n/a;clashPen=n/a;enrichSets=0;enrichActive=0;enrichDecoy=0;enrichAUC=n/a;enrichMargin=n/a | case=3irw-c-di-gmp-riboswitch;rank=1;top=mode:1;decoys=0;margin=n/a;topRMSD=0.000;bestDecoyRMSD=n/a;contactSpec=n/a;clashPen=n/a;enrichSets=0;enrichActive=0;enrichDecoy=0;enrichAUC=n/a;enrichMargin=n/a | case=4qlm-c-di-amp-riboswitch;rank=1;top=mode:1;decoys=0;margin=n/a;topRMSD=0.000;bestDecoyRMSD=n/a;contactSpec=n/a;clashPen=n/a;enrichSets=0;enrichActive=0;enrichDecoy=0;enrichAUC=n/a;enrichMargin=n/a | case=3d0u-lysine-riboswitch;rank=1;top=mode:1;decoys=0;margin=n/a;topRMSD=0.000;bestDecoyRMSD=n/a;contactSpec=n/a;clashPen=n/a;enrichSets=0;enrichActive=0;enrichDecoy=0;enrichAUC=n/a;enrichMargin=n/a | case=3oww-glycine-riboswitch;rank=1;top=mode:1;decoys=0;margin=n/a;topRMSD=0.000;bestDecoyRMSD=n/a;contactSpec=n/a;clashPen=n/a;enrichSets=0;enrichActive=0;enrichDecoy=0;enrichAUC=n/a;enrichMargin=n/a
-0.240000,-1.000000,-0.150000,-0.350000,2.568268,0.726,-0.475,8,41,1423,1.000000,3.911835,0.562,0.000,0.000,8.224,26.625475,0.000000,0.000000,2.157895,1.000000,case=t6-thrombin-vina;rank=1;top=mode:1;decoys=0;margin=n/a;topRMSD=0.000;bestDecoyRMSD=n/a;contactSpec=n/a;clashPen=n/a;enrichSets=0;enrichActive=0;enrichDecoy=0;enrichAUC=n/a;enrichMargin=n/a | case=4q9r-spinach-2zy;rank=1;top=mode:1;decoys=10;margin=26.625;topRMSD=0.000;bestDecoyRMSD=8.224;contactSpec=0.000;clashPen=0.000;enrichSets=0;enrichActive=0;enrichDecoy=0;enrichAUC=n/a;enrichMargin=n/a | case=1fmn-fmn-riboswitch;rank=1;top=mode:1;decoys=0;margin=n/a;topRMSD=0.000;bestDecoyRMSD=n/a;contactSpec=n/a;clashPen=n/a;enrichSets=1;enrichActive=1;enrichDecoy=60;enrichAUC=1.000;enrichMargin=10.349 | case=1fmn-fmn-riboswitch-mg;rank=1;top=mode:1;decoys=0;margin=n/a;topRMSD=0.000;bestDecoyRMSD=n/a;contactSpec=n/a;clashPen=n/a;enrichSets=0;enrichActive=0;enrichDecoy=0;enrichAUC=n/a;enrichMargin=n/a | case=2g9c-purine-riboswitch;rank=1;top=mode:1;decoys=0;margin=n/a;topRMSD=0.000;bestDecoyRMSD=n/a;contactSpec=n/a;clashPen=n/a;enrichSets=1;enrichActive=7;enrichDecoy=88;enrichAUC=0.659;enrichMargin=-0.905 | case=4rzd-preq1-riboswitch;rank=1;top=mode:1;decoys=0;margin=n/a;topRMSD=0.000;bestDecoyRMSD=n/a;contactSpec=n/a;clashPen=n/a;enrichSets=1;enrichActive=5;enrichDecoy=74;enrichAUC=0.500;enrichMargin=0.000 | case=2gdi-tpp-riboswitch;rank=1;top=mode:1;decoys=0;margin=n/a;topRMSD=0.000;bestDecoyRMSD=n/a;contactSpec=n/a;clashPen=n/a;enrichSets=1;enrichActive=7;enrichDecoy=266;enrichAUC=0.636;enrichMargin=-14.673 | case=2ygh-sam-riboswitch;rank=1;top=mode:1;decoys=0;margin=n/a;topRMSD=0.000;bestDecoyRMSD=n/a;contactSpec=n/a;clashPen=n/a;enrichSets=1;enrichActive=3;enrichDecoy=238;enrichAUC=0.819;enrichMargin=-1.098 | case=3b4b-glms-riboswitch;rank=1;top=mode:1;decoys=0;margin=n/a;topRMSD=0.000;bestDecoyRMSD=n/a;contactSpec=n/a;clashPen=n/a;enrichSets=1;enrichActive=4;enrichDecoy=165;enrichAUC=0.750;enrichMargin=1.000 | case=2hoj-tpp-riboswitch;rank=1;top=mode:1;decoys=0;margin=n/a;topRMSD=0.000;bestDecoyRMSD=n/a;contactSpec=n/a;clashPen=n/a;enrichSets=2;enrichActive=14;enrichDecoy=532;enrichAUC=0.714;enrichMargin=2.000 | case=3sd3-thf-riboswitch;rank=1;top=mode:1;decoys=0;margin=n/a;topRMSD=0.000;bestDecoyRMSD=n/a;contactSpec=n/a;clashPen=n/a;enrichSets=0;enrichActive=0;enrichDecoy=0;enrichAUC=n/a;enrichMargin=n/a | case=5dhb-gmp-primer-template;rank=1;top=mode:1;decoys=0;margin=n/a;topRMSD=0.000;bestDecoyRMSD=n/a;contactSpec=n/a;clashPen=n/a;enrichSets=0;enrichActive=0;enrichDecoy=0;enrichAUC=n/a;enrichMargin=n/a | case=6c64-mango-ii-ekm;rank=1;top=mode:1;decoys=0;margin=n/a;topRMSD=0.000;bestDecoyRMSD=n/a;contactSpec=n/a;clashPen=n/a;enrichSets=0;enrichActive=0;enrichDecoy=0;enrichAUC=n/a;enrichMargin=n/a | case=5bjp-corn-dfho;rank=1;top=mode:1;decoys=0;margin=n/a;topRMSD=0.000;bestDecoyRMSD=n/a;contactSpec=n/a;clashPen=n/a;enrichSets=0;enrichActive=0;enrichDecoy=0;enrichAUC=n/a;enrichMargin=n/a | case=6wzs-ztp-riboswitch;rank=1;top=mode:1;decoys=0;margin=n/a;topRMSD=0.000;bestDecoyRMSD=n/a;contactSpec=n/a;clashPen=n/a;enrichSets=0;enrichActive=0;enrichDecoy=0;enrichAUC=n/a;enrichMargin=n/a | case=3irw-c-di-gmp-riboswitch;rank=1;top=mode:1;decoys=0;margin=n/a;topRMSD=0.000;bestDecoyRMSD=n/a;contactSpec=n/a;clashPen=n/a;enrichSets=0;enrichActive=0;enrichDecoy=0;enrichAUC=n/a;enrichMargin=n/a | case=4qlm-c-di-amp-riboswitch;rank=1;top=mode:1;decoys=0;margin=n/a;topRMSD=0.000;bestDecoyRMSD=n/a;contactSpec=n/a;clashPen=n/a;enrichSets=0;enrichActive=0;enrichDecoy=0;enrichAUC=n/a;enrichMargin=n/a | case=3d0u-lysine-riboswitch;rank=1;top=mode:1;decoys=0;margin=n/a;topRMSD=0.000;bestDecoyRMSD=n/a;contactSpec=n/a;clashPen=n/a;enrichSets=0;enrichActive=0;enrichDecoy=0;enrichAUC=n/a;enrichMargin=n/a | case=3oww-glycine-riboswitch;rank=1;top=mode:1;decoys=0;margin=n/a;topRMSD=0.000;bestDecoyRMSD=n/a;contactSpec=n/a;clashPen=n/a;enrichSets=0;enrichActive=0;enrichDecoy=0;enrichAUC=n/a;enrichMargin=n/a
-0.080000,-1.000000,-0.250000,-0.100000,2.571731,0.724,-0.479,8,41,1423,1.000000,3.908548,0.562,0.000,0.000,8.224,26.615447,0.000000,0.000000,2.157895,1.000000,case=t6-thrombin-vina;rank=1;top=mode:1;decoys=0;margin=n/a;topRMSD=0.000;bestDecoyRMSD=n/a;contactSpec=n/a;clashPen=n/a;enrichSets=0;enrichActive=0;enrichDecoy=0;enrichAUC=n/a;enrichMargin=n/a | case=4q9r-spinach-2zy;rank=1;top=mode:1;decoys=10;margin=26.615;topRMSD=0.000;bestDecoyRMSD=8.224;contactSpec=0.000;clashPen=0.000;enrichSets=0;enrichActive=0;enrichDecoy=0;enrichAUC=n/a;enrichMargin=n/a | case=1fmn-fmn-riboswitch;rank=1;top=mode:1;decoys=0;margin=n/a;topRMSD=0.000;bestDecoyRMSD=n/a;contactSpec=n/a;clashPen=n/a;enrichSets=1;enrichActive=1;enrichDecoy=60;enrichAUC=1.000;enrichMargin=10.212 | case=1fmn-fmn-riboswitch-mg;rank=1;top=mode:1;decoys=0;margin=n/a;topRMSD=0.000;bestDecoyRMSD=n/a;contactSpec=n/a;clashPen=n/a;enrichSets=0;enrichActive=0;enrichDecoy=0;enrichAUC=n/a;enrichMargin=n/a | case=2g9c-purine-riboswitch;rank=1;top=mode:1;decoys=0;margin=n/a;topRMSD=0.000;bestDecoyRMSD=n/a;contactSpec=n/a;clashPen=n/a;enrichSets=1;enrichActive=7;enrichDecoy=88;enrichAUC=0.656;enrichMargin=-0.906 | case=4rzd-preq1-riboswitch;rank=1;top=mode:1;decoys=0;margin=n/a;topRMSD=0.000;bestDecoyRMSD=n/a;contactSpec=n/a;clashPen=n/a;enrichSets=1;enrichActive=5;enrichDecoy=74;enrichAUC=0.500;enrichMargin=0.000 | case=2gdi-tpp-riboswitch;rank=1;top=mode:1;decoys=0;margin=n/a;topRMSD=0.000;bestDecoyRMSD=n/a;contactSpec=n/a;clashPen=n/a;enrichSets=1;enrichActive=7;enrichDecoy=266;enrichAUC=0.631;enrichMargin=-14.651 | case=2ygh-sam-riboswitch;rank=1;top=mode:1;decoys=0;margin=n/a;topRMSD=0.000;bestDecoyRMSD=n/a;contactSpec=n/a;clashPen=n/a;enrichSets=1;enrichActive=3;enrichDecoy=238;enrichAUC=0.821;enrichMargin=-1.010 | case=3b4b-glms-riboswitch;rank=1;top=mode:1;decoys=0;margin=n/a;topRMSD=0.000;bestDecoyRMSD=n/a;contactSpec=n/a;clashPen=n/a;enrichSets=1;enrichActive=4;enrichDecoy=165;enrichAUC=0.750;enrichMargin=1.000 | case=2hoj-tpp-riboswitch;rank=1;top=mode:1;decoys=0;margin=n/a;topRMSD=0.000;bestDecoyRMSD=n/a;contactSpec=n/a;clashPen=n/a;enrichSets=2;enrichActive=14;enrichDecoy=532;enrichAUC=0.714;enrichMargin=2.000 | case=3sd3-thf-riboswitch;rank=1;top=mode:1;decoys=0;margin=n/a;topRMSD=0.000;bestDecoyRMSD=n/a;contactSpec=n/a;clashPen=n/a;enrichSets=0;enrichActive=0;enrichDecoy=0;enrichAUC=n/a;enrichMargin=n/a | case=5dhb-gmp-primer-template;rank=1;top=mode:1;decoys=0;margin=n/a;topRMSD=0.000;bestDecoyRMSD=n/a;contactSpec=n/a;clashPen=n/a;enrichSets=0;enrichActive=0;enrichDecoy=0;enrichAUC=n/a;enrichMargin=n/a | case=6c64-mango-ii-ekm;rank=1;top=mode:1;decoys=0;margin=n/a;topRMSD=0.000;bestDecoyRMSD=n/a;contactSpec=n/a;clashPen=n/a;enrichSets=0;enrichActive=0;enrichDecoy=0;enrichAUC=n/a;enrichMargin=n/a | case=5bjp-corn-dfho;rank=1;top=mode:1;decoys=0;margin=n/a;topRMSD=0.000;bestDecoyRMSD=n/a;contactSpec=n/a;clashPen=n/a;enrichSets=0;enrichActive=0;enrichDecoy=0;enrichAUC=n/a;enrichMargin=n/a | case=6wzs-ztp-riboswitch;rank=1;top=mode:1;decoys=0;margin=n/a;topRMSD=0.000;bestDecoyRMSD=n/a;contactSpec=n/a;clashPen=n/a;enrichSets=0;enrichActive=0;enrichDecoy=0;enrichAUC=n/a;enrichMargin=n/a | case=3irw-c-di-gmp-riboswitch;rank=1;top=mode:1;decoys=0;margin=n/a;topRMSD=0.000;bestDecoyRMSD=n/a;contactSpec=n/a;clashPen=n/a;enrichSets=0;enrichActive=0;enrichDecoy=0;enrichAUC=n/a;enrichMargin=n/a | case=4qlm-c-di-amp-riboswitch;rank=1;top=mode:1;decoys=0;margin=n/a;topRMSD=0.000;bestDecoyRMSD=n/a;contactSpec=n/a;clashPen=n/a;enrichSets=0;enrichActive=0;enrichDecoy=0;enrichAUC=n/a;enrichMargin=n/a | case=3d0u-lysine-riboswitch;rank=1;top=mode:1;decoys=0;margin=n/a;topRMSD=0.000;bestDecoyRMSD=n/a;contactSpec=n/a;clashPen=n/a;enrichSets=0;enrichActive=0;enrichDecoy=0;enrichAUC=n/a;enrichMargin=n/a | case=3oww-glycine-riboswitch;rank=1;top=mode:1;decoys=0;margin=n/a;topRMSD=0.000;bestDecoyRMSD=n/a;contactSpec=n/a;clashPen=n/a;enrichSets=0;enrichActive=0;enrichDecoy=0;enrichAUC=n/a;enrichMargin=n/a
-0.080000,-1.000000,-0.250000,-0.220000,2.571731,0.724,-0.479,8,41,1423,1.000000,3.908548,0.562,0.000,0.000,8.224,26.615447,0.000000,0.000000,2.157895,1.000000,case=t6-thrombin-vina;rank=1;top=mode:1;decoys=0;margin=n/a;topRMSD=0.000;bestDecoyRMSD=n/a;contactSpec=n/a;clashPen=n/a;enrichSets=0;enrichActive=0;enrichDecoy=0;enrichAUC=n/a;enrichMargin=n/a | case=4q9r-spinach-2zy;rank=1;top=mode:1;decoys=10;margin=26.615;topRMSD=0.000;bestDecoyRMSD=8.224;contactSpec=0.000;clashPen=0.000;enrichSets=0;enrichActive=0;enrichDecoy=0;enrichAUC=n/a;enrichMargin=n/a | case=1fmn-fmn-riboswitch;rank=1;top=mode:1;decoys=0;margin=n/a;topRMSD=0.000;bestDecoyRMSD=n/a;contactSpec=n/a;clashPen=n/a;enrichSets=1;enrichActive=1;enrichDecoy=60;enrichAUC=1.000;enrichMargin=10.212 | case=1fmn-fmn-riboswitch-mg;rank=1;top=mode:1;decoys=0;margin=n/a;topRMSD=0.000;bestDecoyRMSD=n/a;contactSpec=n/a;clashPen=n/a;enrichSets=0;enrichActive=0;enrichDecoy=0;enrichAUC=n/a;enrichMargin=n/a | case=2g9c-purine-riboswitch;rank=1;top=mode:1;decoys=0;margin=n/a;topRMSD=0.000;bestDecoyRMSD=n/a;contactSpec=n/a;clashPen=n/a;enrichSets=1;enrichActive=7;enrichDecoy=88;enrichAUC=0.656;enrichMargin=-0.906 | case=4rzd-preq1-riboswitch;rank=1;top=mode:1;decoys=0;margin=n/a;topRMSD=0.000;bestDecoyRMSD=n/a;contactSpec=n/a;clashPen=n/a;enrichSets=1;enrichActive=5;enrichDecoy=74;enrichAUC=0.500;enrichMargin=0.000 | case=2gdi-tpp-riboswitch;rank=1;top=mode:1;decoys=0;margin=n/a;topRMSD=0.000;bestDecoyRMSD=n/a;contactSpec=n/a;clashPen=n/a;enrichSets=1;enrichActive=7;enrichDecoy=266;enrichAUC=0.631;enrichMargin=-14.651 | case=2ygh-sam-riboswitch;rank=1;top=mode:1;decoys=0;margin=n/a;topRMSD=0.000;bestDecoyRMSD=n/a;contactSpec=n/a;clashPen=n/a;enrichSets=1;enrichActive=3;enrichDecoy=238;enrichAUC=0.821;enrichMargin=-1.010 | case=3b4b-glms-riboswitch;rank=1;top=mode:1;decoys=0;margin=n/a;topRMSD=0.000;bestDecoyRMSD=n/a;contactSpec=n/a;clashPen=n/a;enrichSets=1;enrichActive=4;enrichDecoy=165;enrichAUC=0.750;enrichMargin=1.000 | case=2hoj-tpp-riboswitch;rank=1;top=mode:1;decoys=0;margin=n/a;topRMSD=0.000;bestDecoyRMSD=n/a;contactSpec=n/a;clashPen=n/a;enrichSets=2;enrichActive=14;enrichDecoy=532;enrichAUC=0.714;enrichMargin=2.000 | case=3sd3-thf-riboswitch;rank=1;top=mode:1;decoys=0;margin=n/a;topRMSD=0.000;bestDecoyRMSD=n/a;contactSpec=n/a;clashPen=n/a;enrichSets=0;enrichActive=0;enrichDecoy=0;enrichAUC=n/a;enrichMargin=n/a | case=5dhb-gmp-primer-template;rank=1;top=mode:1;decoys=0;margin=n/a;topRMSD=0.000;bestDecoyRMSD=n/a;contactSpec=n/a;clashPen=n/a;enrichSets=0;enrichActive=0;enrichDecoy=0;enrichAUC=n/a;enrichMargin=n/a | case=6c64-mango-ii-ekm;rank=1;top=mode:1;decoys=0;margin=n/a;topRMSD=0.000;bestDecoyRMSD=n/a;contactSpec=n/a;clashPen=n/a;enrichSets=0;enrichActive=0;enrichDecoy=0;enrichAUC=n/a;enrichMargin=n/a | case=5bjp-corn-dfho;rank=1;top=mode:1;decoys=0;margin=n/a;topRMSD=0.000;bestDecoyRMSD=n/a;contactSpec=n/a;clashPen=n/a;enrichSets=0;enrichActive=0;enrichDecoy=0;enrichAUC=n/a;enrichMargin=n/a | case=6wzs-ztp-riboswitch;rank=1;top=mode:1;decoys=0;margin=n/a;topRMSD=0.000;bestDecoyRMSD=n/a;contactSpec=n/a;clashPen=n/a;enrichSets=0;enrichActive=0;enrichDecoy=0;enrichAUC=n/a;enrichMargin=n/a | case=3irw-c-di-gmp-riboswitch;rank=1;top=mode:1;decoys=0;margin=n/a;topRMSD=0.000;bestDecoyRMSD=n/a;contactSpec=n/a;clashPen=n/a;enrichSets=0;enrichActive=0;enrichDecoy=0;enrichAUC=n/a;enrichMargin=n/a | case=4qlm-c-di-amp-riboswitch;rank=1;top=mode:1;decoys=0;margin=n/a;topRMSD=0.000;bestDecoyRMSD=n/a;contactSpec=n/a;clashPen=n/a;enrichSets=0;enrichActive=0;enrichDecoy=0;enrichAUC=n/a;enrichMargin=n/a | case=3d0u-lysine-riboswitch;rank=1;top=mode:1;decoys=0;margin=n/a;topRMSD=0.000;bestDecoyRMSD=n/a;contactSpec=n/a;clashPen=n/a;enrichSets=0;enrichActive=0;enrichDecoy=0;enrichAUC=n/a;enrichMargin=n/a | case=3oww-glycine-riboswitch;rank=1;top=mode:1;decoys=0;margin=n/a;topRMSD=0.000;bestDecoyRMSD=n/a;contactSpec=n/a;clashPen=n/a;enrichSets=0;enrichActive=0;enrichDecoy=0;enrichAUC=n/a;enrichMargin=n/a
-0.080000,-1.000000,-0.250000,-0.350000,2.571731,0.724,-0.479,8,41,1423,1.000000,3.908548,0.562,0.000,0.000,8.224,26.615447,0.000000,0.000000,2.157895,1.000000,case=t6-thrombin-vina;rank=1;top=mode:1;decoys=0;margin=n/a;topRMSD=0.000;bestDecoyRMSD=n/a;contactSpec=n/a;clashPen=n/a;enrichSets=0;enrichActive=0;enrichDecoy=0;enrichAUC=n/a;enrichMargin=n/a | case=4q9r-spinach-2zy;rank=1;top=mode:1;decoys=10;margin=26.615;topRMSD=0.000;bestDecoyRMSD=8.224;contactSpec=0.000;clashPen=0.000;enrichSets=0;enrichActive=0;enrichDecoy=0;enrichAUC=n/a;enrichMargin=n/a | case=1fmn-fmn-riboswitch;rank=1;top=mode:1;decoys=0;margin=n/a;topRMSD=0.000;bestDecoyRMSD=n/a;contactSpec=n/a;clashPen=n/a;enrichSets=1;enrichActive=1;enrichDecoy=60;enrichAUC=1.000;enrichMargin=10.212 | case=1fmn-fmn-riboswitch-mg;rank=1;top=mode:1;decoys=0;margin=n/a;topRMSD=0.000;bestDecoyRMSD=n/a;contactSpec=n/a;clashPen=n/a;enrichSets=0;enrichActive=0;enrichDecoy=0;enrichAUC=n/a;enrichMargin=n/a | case=2g9c-purine-riboswitch;rank=1;top=mode:1;decoys=0;margin=n/a;topRMSD=0.000;bestDecoyRMSD=n/a;contactSpec=n/a;clashPen=n/a;enrichSets=1;enrichActive=7;enrichDecoy=88;enrichAUC=0.656;enrichMargin=-0.906 | case=4rzd-preq1-riboswitch;rank=1;top=mode:1;decoys=0;margin=n/a;topRMSD=0.000;bestDecoyRMSD=n/a;contactSpec=n/a;clashPen=n/a;enrichSets=1;enrichActive=5;enrichDecoy=74;enrichAUC=0.500;enrichMargin=0.000 | case=2gdi-tpp-riboswitch;rank=1;top=mode:1;decoys=0;margin=n/a;topRMSD=0.000;bestDecoyRMSD=n/a;contactSpec=n/a;clashPen=n/a;enrichSets=1;enrichActive=7;enrichDecoy=266;enrichAUC=0.631;enrichMargin=-14.651 | case=2ygh-sam-riboswitch;rank=1;top=mode:1;decoys=0;margin=n/a;topRMSD=0.000;bestDecoyRMSD=n/a;contactSpec=n/a;clashPen=n/a;enrichSets=1;enrichActive=3;enrichDecoy=238;enrichAUC=0.821;enrichMargin=-1.010 | case=3b4b-glms-riboswitch;rank=1;top=mode:1;decoys=0;margin=n/a;topRMSD=0.000;bestDecoyRMSD=n/a;contactSpec=n/a;clashPen=n/a;enrichSets=1;enrichActive=4;enrichDecoy=165;enrichAUC=0.750;enrichMargin=1.000 | case=2hoj-tpp-riboswitch;rank=1;top=mode:1;decoys=0;margin=n/a;topRMSD=0.000;bestDecoyRMSD=n/a;contactSpec=n/a;clashPen=n/a;enrichSets=2;enrichActive=14;enrichDecoy=532;enrichAUC=0.714;enrichMargin=2.000 | case=3sd3-thf-riboswitch;rank=1;top=mode:1;decoys=0;margin=n/a;topRMSD=0.000;bestDecoyRMSD=n/a;contactSpec=n/a;clashPen=n/a;enrichSets=0;enrichActive=0;enrichDecoy=0;enrichAUC=n/a;enrichMargin=n/a | case=5dhb-gmp-primer-template;rank=1;top=mode:1;decoys=0;margin=n/a;topRMSD=0.000;bestDecoyRMSD=n/a;contactSpec=n/a;clashPen=n/a;enrichSets=0;enrichActive=0;enrichDecoy=0;enrichAUC=n/a;enrichMargin=n/a | case=6c64-mango-ii-ekm;rank=1;top=mode:1;decoys=0;margin=n/a;topRMSD=0.000;bestDecoyRMSD=n/a;contactSpec=n/a;clashPen=n/a;enrichSets=0;enrichActive=0;enrichDecoy=0;enrichAUC=n/a;enrichMargin=n/a | case=5bjp-corn-dfho;rank=1;top=mode:1;decoys=0;margin=n/a;topRMSD=0.000;bestDecoyRMSD=n/a;contactSpec=n/a;clashPen=n/a;enrichSets=0;enrichActive=0;enrichDecoy=0;enrichAUC=n/a;enrichMargin=n/a | case=6wzs-ztp-riboswitch;rank=1;top=mode:1;decoys=0;margin=n/a;topRMSD=0.000;bestDecoyRMSD=n/a;contactSpec=n/a;clashPen=n/a;enrichSets=0;enrichActive=0;enrichDecoy=0;enrichAUC=n/a;enrichMargin=n/a | case=3irw-c-di-gmp-riboswitch;rank=1;top=mode:1;decoys=0;margin=n/a;topRMSD=0.000;bestDecoyRMSD=n/a;contactSpec=n/a;clashPen=n/a;enrichSets=0;enrichActive=0;enrichDecoy=0;enrichAUC=n/a;enrichMargin=n/a | case=4qlm-c-di-amp-riboswitch;rank=1;top=mode:1;decoys=0;margin=n/a;topRMSD=0.000;bestDecoyRMSD=n/a;contactSpec=n/a;clashPen=n/a;enrichSets=0;enrichActive=0;enrichDecoy=0;enrichAUC=n/a;enrichMargin=n/a | case=3d0u-lysine-riboswitch;rank=1;top=mode:1;decoys=0;margin=n/a;topRMSD=0.000;bestDecoyRMSD=n/a;contactSpec=n/a;clashPen=n/a;enrichSets=0;enrichActive=0;enrichDecoy=0;enrichAUC=n/a;enrichMargin=n/a | case=3oww-glycine-riboswitch;rank=1;top=mode:1;decoys=0;margin=n/a;topRMSD=0.000;bestDecoyRMSD=n/a;contactSpec=n/a;clashPen=n/a;enrichSets=0;enrichActive=0;enrichDecoy=0;enrichAUC=n/a;enrichMargin=n/a
-0.180000,-1.000000,-0.150000,-0.100000,2.576835,0.725,-0.484,8,41,1423,1.000000,3.915401,0.562,0.000,0.000,8.224,26.625490,0.000000,0.000000,2.157895,1.000000,case=t6-thrombin-vina;rank=1;top=mode:1;decoys=0;margin=n/a;topRMSD=0.000;bestDecoyRMSD=n/a;contactSpec=n/a;clashPen=n/a;enrichSets=0;enrichActive=0;enrichDecoy=0;enrichAUC=n/a;enrichMargin=n/a | case=4q9r-spinach-2zy;rank=1;top=mode:1;decoys=10;margin=26.625;topRMSD=0.000;bestDecoyRMSD=8.224;contactSpec=0.000;clashPen=0.000;enrichSets=0;enrichActive=0;enrichDecoy=0;enrichAUC=n/a;enrichMargin=n/a | case=1fmn-fmn-riboswitch;rank=1;top=mode:1;decoys=0;margin=n/a;topRMSD=0.000;bestDecoyRMSD=n/a;contactSpec=n/a;clashPen=n/a;enrichSets=1;enrichActive=1;enrichDecoy=60;enrichAUC=1.000;enrichMargin=10.244 | case=1fmn-fmn-riboswitch-mg;rank=1;top=mode:1;decoys=0;margin=n/a;topRMSD=0.000;bestDecoyRMSD=n/a;contactSpec=n/a;clashPen=n/a;enrichSets=0;enrichActive=0;enrichDecoy=0;enrichAUC=n/a;enrichMargin=n/a | case=2g9c-purine-riboswitch;rank=1;top=mode:1;decoys=0;margin=n/a;topRMSD=0.000;bestDecoyRMSD=n/a;contactSpec=n/a;clashPen=n/a;enrichSets=1;enrichActive=7;enrichDecoy=88;enrichAUC=0.657;enrichMargin=-0.906 | case=4rzd-preq1-riboswitch;rank=1;top=mode:1;decoys=0;margin=n/a;topRMSD=0.000;bestDecoyRMSD=n/a;contactSpec=n/a;clashPen=n/a;enrichSets=1;enrichActive=5;enrichDecoy=74;enrichAUC=0.500;enrichMargin=0.000 | case=2gdi-tpp-riboswitch;rank=1;top=mode:1;decoys=0;margin=n/a;topRMSD=0.000;bestDecoyRMSD=n/a;contactSpec=n/a;clashPen=n/a;enrichSets=1;enrichActive=7;enrichDecoy=266;enrichAUC=0.633;enrichMargin=-14.664 | case=2ygh-sam-riboswitch;rank=1;top=mode:1;decoys=0;margin=n/a;topRMSD=0.000;bestDecoyRMSD=n/a;contactSpec=n/a;clashPen=n/a;enrichSets=1;enrichActive=3;enrichDecoy=238;enrichAUC=0.819;enrichMargin=-1.065 | case=3b4b-glms-riboswitch;rank=1;top=mode:1;decoys=0;margin=n/a;topRMSD=0.000;bestDecoyRMSD=n/a;contactSpec=n/a;clashPen=n/a;enrichSets=1;enrichActive=4;enrichDecoy=165;enrichAUC=0.750;enrichMargin=1.000 | case=2hoj-tpp-riboswitch;rank=1;top=mode:1;decoys=0;margin=n/a;topRMSD=0.000;bestDecoyRMSD=n/a;contactSpec=n/a;clashPen=n/a;enrichSets=2;enrichActive=14;enrichDecoy=532;enrichAUC=0.714;enrichMargin=2.000 | case=3sd3-thf-riboswitch;rank=1;top=mode:1;decoys=0;margin=n/a;topRMSD=0.000;bestDecoyRMSD=n/a;contactSpec=n/a;clashPen=n/a;enrichSets=0;enrichActive=0;enrichDecoy=0;enrichAUC=n/a;enrichMargin=n/a | case=5dhb-gmp-primer-template;rank=1;top=mode:1;decoys=0;margin=n/a;topRMSD=0.000;bestDecoyRMSD=n/a;contactSpec=n/a;clashPen=n/a;enrichSets=0;enrichActive=0;enrichDecoy=0;enrichAUC=n/a;enrichMargin=n/a | case=6c64-mango-ii-ekm;rank=1;top=mode:1;decoys=0;margin=n/a;topRMSD=0.000;bestDecoyRMSD=n/a;contactSpec=n/a;clashPen=n/a;enrichSets=0;enrichActive=0;enrichDecoy=0;enrichAUC=n/a;enrichMargin=n/a | case=5bjp-corn-dfho;rank=1;top=mode:1;decoys=0;margin=n/a;topRMSD=0.000;bestDecoyRMSD=n/a;contactSpec=n/a;clashPen=n/a;enrichSets=0;enrichActive=0;enrichDecoy=0;enrichAUC=n/a;enrichMargin=n/a | case=6wzs-ztp-riboswitch;rank=1;top=mode:1;decoys=0;margin=n/a;topRMSD=0.000;bestDecoyRMSD=n/a;contactSpec=n/a;clashPen=n/a;enrichSets=0;enrichActive=0;enrichDecoy=0;enrichAUC=n/a;enrichMargin=n/a | case=3irw-c-di-gmp-riboswitch;rank=1;top=mode:1;decoys=0;margin=n/a;topRMSD=0.000;bestDecoyRMSD=n/a;contactSpec=n/a;clashPen=n/a;enrichSets=0;enrichActive=0;enrichDecoy=0;enrichAUC=n/a;enrichMargin=n/a | case=4qlm-c-di-amp-riboswitch;rank=1;top=mode:1;decoys=0;margin=n/a;topRMSD=0.000;bestDecoyRMSD=n/a;contactSpec=n/a;clashPen=n/a;enrichSets=0;enrichActive=0;enrichDecoy=0;enrichAUC=n/a;enrichMargin=n/a | case=3d0u-lysine-riboswitch;rank=1;top=mode:1;decoys=0;margin=n/a;topRMSD=0.000;bestDecoyRMSD=n/a;contactSpec=n/a;clashPen=n/a;enrichSets=0;enrichActive=0;enrichDecoy=0;enrichAUC=n/a;enrichMargin=n/a | case=3oww-glycine-riboswitch;rank=1;top=mode:1;decoys=0;margin=n/a;topRMSD=0.000;bestDecoyRMSD=n/a;contactSpec=n/a;clashPen=n/a;enrichSets=0;enrichActive=0;enrichDecoy=0;enrichAUC=n/a;enrichMargin=n/a
-0.180000,-1.000000,-0.150000,-0.220000,2.576835,0.725,-0.484,8,41,1423,1.000000,3.915401,0.562,0.000,0.000,8.224,26.625490,0.000000,0.000000,2.157895,1.000000,case=t6-thrombin-vina;rank=1;top=mode:1;decoys=0;margin=n/a;topRMSD=0.000;bestDecoyRMSD=n/a;contactSpec=n/a;clashPen=n/a;enrichSets=0;enrichActive=0;enrichDecoy=0;enrichAUC=n/a;enrichMargin=n/a | case=4q9r-spinach-2zy;rank=1;top=mode:1;decoys=10;margin=26.625;topRMSD=0.000;bestDecoyRMSD=8.224;contactSpec=0.000;clashPen=0.000;enrichSets=0;enrichActive=0;enrichDecoy=0;enrichAUC=n/a;enrichMargin=n/a | case=1fmn-fmn-riboswitch;rank=1;top=mode:1;decoys=0;margin=n/a;topRMSD=0.000;bestDecoyRMSD=n/a;contactSpec=n/a;clashPen=n/a;enrichSets=1;enrichActive=1;enrichDecoy=60;enrichAUC=1.000;enrichMargin=10.244 | case=1fmn-fmn-riboswitch-mg;rank=1;top=mode:1;decoys=0;margin=n/a;topRMSD=0.000;bestDecoyRMSD=n/a;contactSpec=n/a;clashPen=n/a;enrichSets=0;enrichActive=0;enrichDecoy=0;enrichAUC=n/a;enrichMargin=n/a | case=2g9c-purine-riboswitch;rank=1;top=mode:1;decoys=0;margin=n/a;topRMSD=0.000;bestDecoyRMSD=n/a;contactSpec=n/a;clashPen=n/a;enrichSets=1;enrichActive=7;enrichDecoy=88;enrichAUC=0.657;enrichMargin=-0.906 | case=4rzd-preq1-riboswitch;rank=1;top=mode:1;decoys=0;margin=n/a;topRMSD=0.000;bestDecoyRMSD=n/a;contactSpec=n/a;clashPen=n/a;enrichSets=1;enrichActive=5;enrichDecoy=74;enrichAUC=0.500;enrichMargin=0.000 | case=2gdi-tpp-riboswitch;rank=1;top=mode:1;decoys=0;margin=n/a;topRMSD=0.000;bestDecoyRMSD=n/a;contactSpec=n/a;clashPen=n/a;enrichSets=1;enrichActive=7;enrichDecoy=266;enrichAUC=0.633;enrichMargin=-14.664 | case=2ygh-sam-riboswitch;rank=1;top=mode:1;decoys=0;margin=n/a;topRMSD=0.000;bestDecoyRMSD=n/a;contactSpec=n/a;clashPen=n/a;enrichSets=1;enrichActive=3;enrichDecoy=238;enrichAUC=0.819;enrichMargin=-1.065 | case=3b4b-glms-riboswitch;rank=1;top=mode:1;decoys=0;margin=n/a;topRMSD=0.000;bestDecoyRMSD=n/a;contactSpec=n/a;clashPen=n/a;enrichSets=1;enrichActive=4;enrichDecoy=165;enrichAUC=0.750;enrichMargin=1.000 | case=2hoj-tpp-riboswitch;rank=1;top=mode:1;decoys=0;margin=n/a;topRMSD=0.000;bestDecoyRMSD=n/a;contactSpec=n/a;clashPen=n/a;enrichSets=2;enrichActive=14;enrichDecoy=532;enrichAUC=0.714;enrichMargin=2.000 | case=3sd3-thf-riboswitch;rank=1;top=mode:1;decoys=0;margin=n/a;topRMSD=0.000;bestDecoyRMSD=n/a;contactSpec=n/a;clashPen=n/a;enrichSets=0;enrichActive=0;enrichDecoy=0;enrichAUC=n/a;enrichMargin=n/a | case=5dhb-gmp-primer-template;rank=1;top=mode:1;decoys=0;margin=n/a;topRMSD=0.000;bestDecoyRMSD=n/a;contactSpec=n/a;clashPen=n/a;enrichSets=0;enrichActive=0;enrichDecoy=0;enrichAUC=n/a;enrichMargin=n/a | case=6c64-mango-ii-ekm;rank=1;top=mode:1;decoys=0;margin=n/a;topRMSD=0.000;bestDecoyRMSD=n/a;contactSpec=n/a;clashPen=n/a;enrichSets=0;enrichActive=0;enrichDecoy=0;enrichAUC=n/a;enrichMargin=n/a | case=5bjp-corn-dfho;rank=1;top=mode:1;decoys=0;margin=n/a;topRMSD=0.000;bestDecoyRMSD=n/a;contactSpec=n/a;clashPen=n/a;enrichSets=0;enrichActive=0;enrichDecoy=0;enrichAUC=n/a;enrichMargin=n/a | case=6wzs-ztp-riboswitch;rank=1;top=mode:1;decoys=0;margin=n/a;topRMSD=0.000;bestDecoyRMSD=n/a;contactSpec=n/a;clashPen=n/a;enrichSets=0;enrichActive=0;enrichDecoy=0;enrichAUC=n/a;enrichMargin=n/a | case=3irw-c-di-gmp-riboswitch;rank=1;top=mode:1;decoys=0;margin=n/a;topRMSD=0.000;bestDecoyRMSD=n/a;contactSpec=n/a;clashPen=n/a;enrichSets=0;enrichActive=0;enrichDecoy=0;enrichAUC=n/a;enrichMargin=n/a | case=4qlm-c-di-amp-riboswitch;rank=1;top=mode:1;decoys=0;margin=n/a;topRMSD=0.000;bestDecoyRMSD=n/a;contactSpec=n/a;clashPen=n/a;enrichSets=0;enrichActive=0;enrichDecoy=0;enrichAUC=n/a;enrichMargin=n/a | case=3d0u-lysine-riboswitch;rank=1;top=mode:1;decoys=0;margin=n/a;topRMSD=0.000;bestDecoyRMSD=n/a;contactSpec=n/a;clashPen=n/a;enrichSets=0;enrichActive=0;enrichDecoy=0;enrichAUC=n/a;enrichMargin=n/a | case=3oww-glycine-riboswitch;rank=1;top=mode:1;decoys=0;margin=n/a;topRMSD=0.000;bestDecoyRMSD=n/a;contactSpec=n/a;clashPen=n/a;enrichSets=0;enrichActive=0;enrichDecoy=0;enrichAUC=n/a;enrichMargin=n/a
-0.180000,-1.000000,-0.150000,-0.350000,2.576835,0.725,-0.484,8,41,1423,1.000000,3.915401,0.562,0.000,0.000,8.224,26.625490,0.000000,0.000000,2.157895,1.000000,case=t6-thrombin-vina;rank=1;top=mode:1;decoys=0;margin=n/a;topRMSD=0.000;bestDecoyRMSD=n/a;contactSpec=n/a;clashPen=n/a;enrichSets=0;enrichActive=0;enrichDecoy=0;enrichAUC=n/a;enrichMargin=n/a | case=4q9r-spinach-2zy;rank=1;top=mode:1;decoys=10;margin=26.625;topRMSD=0.000;bestDecoyRMSD=8.224;contactSpec=0.000;clashPen=0.000;enrichSets=0;enrichActive=0;enrichDecoy=0;enrichAUC=n/a;enrichMargin=n/a | case=1fmn-fmn-riboswitch;rank=1;top=mode:1;decoys=0;margin=n/a;topRMSD=0.000;bestDecoyRMSD=n/a;contactSpec=n/a;clashPen=n/a;enrichSets=1;enrichActive=1;enrichDecoy=60;enrichAUC=1.000;enrichMargin=10.244 | case=1fmn-fmn-riboswitch-mg;rank=1;top=mode:1;decoys=0;margin=n/a;topRMSD=0.000;bestDecoyRMSD=n/a;contactSpec=n/a;clashPen=n/a;enrichSets=0;enrichActive=0;enrichDecoy=0;enrichAUC=n/a;enrichMargin=n/a | case=2g9c-purine-riboswitch;rank=1;top=mode:1;decoys=0;margin=n/a;topRMSD=0.000;bestDecoyRMSD=n/a;contactSpec=n/a;clashPen=n/a;enrichSets=1;enrichActive=7;enrichDecoy=88;enrichAUC=0.657;enrichMargin=-0.906 | case=4rzd-preq1-riboswitch;rank=1;top=mode:1;decoys=0;margin=n/a;topRMSD=0.000;bestDecoyRMSD=n/a;contactSpec=n/a;clashPen=n/a;enrichSets=1;enrichActive=5;enrichDecoy=74;enrichAUC=0.500;enrichMargin=0.000 | case=2gdi-tpp-riboswitch;rank=1;top=mode:1;decoys=0;margin=n/a;topRMSD=0.000;bestDecoyRMSD=n/a;contactSpec=n/a;clashPen=n/a;enrichSets=1;enrichActive=7;enrichDecoy=266;enrichAUC=0.633;enrichMargin=-14.664 | case=2ygh-sam-riboswitch;rank=1;top=mode:1;decoys=0;margin=n/a;topRMSD=0.000;bestDecoyRMSD=n/a;contactSpec=n/a;clashPen=n/a;enrichSets=1;enrichActive=3;enrichDecoy=238;enrichAUC=0.819;enrichMargin=-1.065 | case=3b4b-glms-riboswitch;rank=1;top=mode:1;decoys=0;margin=n/a;topRMSD=0.000;bestDecoyRMSD=n/a;contactSpec=n/a;clashPen=n/a;enrichSets=1;enrichActive=4;enrichDecoy=165;enrichAUC=0.750;enrichMargin=1.000 | case=2hoj-tpp-riboswitch;rank=1;top=mode:1;decoys=0;margin=n/a;topRMSD=0.000;bestDecoyRMSD=n/a;contactSpec=n/a;clashPen=n/a;enrichSets=2;enrichActive=14;enrichDecoy=532;enrichAUC=0.714;enrichMargin=2.000 | case=3sd3-thf-riboswitch;rank=1;top=mode:1;decoys=0;margin=n/a;topRMSD=0.000;bestDecoyRMSD=n/a;contactSpec=n/a;clashPen=n/a;enrichSets=0;enrichActive=0;enrichDecoy=0;enrichAUC=n/a;enrichMargin=n/a | case=5dhb-gmp-primer-template;rank=1;top=mode:1;decoys=0;margin=n/a;topRMSD=0.000;bestDecoyRMSD=n/a;contactSpec=n/a;clashPen=n/a;enrichSets=0;enrichActive=0;enrichDecoy=0;enrichAUC=n/a;enrichMargin=n/a | case=6c64-mango-ii-ekm;rank=1;top=mode:1;decoys=0;margin=n/a;topRMSD=0.000;bestDecoyRMSD=n/a;contactSpec=n/a;clashPen=n/a;enrichSets=0;enrichActive=0;enrichDecoy=0;enrichAUC=n/a;enrichMargin=n/a | case=5bjp-corn-dfho;rank=1;top=mode:1;decoys=0;margin=n/a;topRMSD=0.000;bestDecoyRMSD=n/a;contactSpec=n/a;clashPen=n/a;enrichSets=0;enrichActive=0;enrichDecoy=0;enrichAUC=n/a;enrichMargin=n/a | case=6wzs-ztp-riboswitch;rank=1;top=mode:1;decoys=0;margin=n/a;topRMSD=0.000;bestDecoyRMSD=n/a;contactSpec=n/a;clashPen=n/a;enrichSets=0;enrichActive=0;enrichDecoy=0;enrichAUC=n/a;enrichMargin=n/a | case=3irw-c-di-gmp-riboswitch;rank=1;top=mode:1;decoys=0;margin=n/a;topRMSD=0.000;bestDecoyRMSD=n/a;contactSpec=n/a;clashPen=n/a;enrichSets=0;enrichActive=0;enrichDecoy=0;enrichAUC=n/a;enrichMargin=n/a | case=4qlm-c-di-amp-riboswitch;rank=1;top=mode:1;decoys=0;margin=n/a;topRMSD=0.000;bestDecoyRMSD=n/a;contactSpec=n/a;clashPen=n/a;enrichSets=0;enrichActive=0;enrichDecoy=0;enrichAUC=n/a;enrichMargin=n/a | case=3d0u-lysine-riboswitch;rank=1;top=mode:1;decoys=0;margin=n/a;topRMSD=0.000;bestDecoyRMSD=n/a;contactSpec=n/a;clashPen=n/a;enrichSets=0;enrichActive=0;enrichDecoy=0;enrichAUC=n/a;enrichMargin=n/a | case=3oww-glycine-riboswitch;rank=1;top=mode:1;decoys=0;margin=n/a;topRMSD=0.000;bestDecoyRMSD=n/a;contactSpec=n/a;clashPen=n/a;enrichSets=0;enrichActive=0;enrichDecoy=0;enrichAUC=n/a;enrichMargin=n/a
-0.120000,-1.000000,-0.150000,-0.100000,2.584286,0.725,-0.493,8,41,1423,1.000000,3.918966,0.562,0.000,0.000,8.224,26.625505,0.000000,0.000000,2.157895,1.000000,case=t6-thrombin-vina;rank=1;top=mode:1;decoys=0;margin=n/a;topRMSD=0.000;bestDecoyRMSD=n/a;contactSpec=n/a;clashPen=n/a;enrichSets=0;enrichActive=0;enrichDecoy=0;enrichAUC=n/a;enrichMargin=n/a | case=4q9r-spinach-2zy;rank=1;top=mode:1;decoys=10;margin=26.626;topRMSD=0.000;bestDecoyRMSD=8.224;contactSpec=0.000;clashPen=0.000;enrichSets=0;enrichActive=0;enrichDecoy=0;enrichAUC=n/a;enrichMargin=n/a | case=1fmn-fmn-riboswitch;rank=1;top=mode:1;decoys=0;margin=n/a;topRMSD=0.000;bestDecoyRMSD=n/a;contactSpec=n/a;clashPen=n/a;enrichSets=1;enrichActive=1;enrichDecoy=60;enrichAUC=1.000;enrichMargin=10.139 | case=1fmn-fmn-riboswitch-mg;rank=1;top=mode:1;decoys=0;margin=n/a;topRMSD=0.000;bestDecoyRMSD=n/a;contactSpec=n/a;clashPen=n/a;enrichSets=0;enrichActive=0;enrichDecoy=0;enrichAUC=n/a;enrichMargin=n/a | case=2g9c-purine-riboswitch;rank=1;top=mode:1;decoys=0;margin=n/a;topRMSD=0.000;bestDecoyRMSD=n/a;contactSpec=n/a;clashPen=n/a;enrichSets=1;enrichActive=7;enrichDecoy=88;enrichAUC=0.657;enrichMargin=-0.906 | case=4rzd-preq1-riboswitch;rank=1;top=mode:1;decoys=0;margin=n/a;topRMSD=0.000;bestDecoyRMSD=n/a;contactSpec=n/a;clashPen=n/a;enrichSets=1;enrichActive=5;enrichDecoy=74;enrichAUC=0.500;enrichMargin=0.000 | case=2gdi-tpp-riboswitch;rank=1;top=mode:1;decoys=0;margin=n/a;topRMSD=0.000;bestDecoyRMSD=n/a;contactSpec=n/a;clashPen=n/a;enrichSets=1;enrichActive=7;enrichDecoy=266;enrichAUC=0.633;enrichMargin=-14.656 | case=2ygh-sam-riboswitch;rank=1;top=mode:1;decoys=0;margin=n/a;topRMSD=0.000;bestDecoyRMSD=n/a;contactSpec=n/a;clashPen=n/a;enrichSets=1;enrichActive=3;enrichDecoy=238;enrichAUC=0.821;enrichMargin=-1.032 | case=3b4b-glms-riboswitch;rank=1;top=mode:1;decoys=0;margin=n/a;topRMSD=0.000;bestDecoyRMSD=n/a;contactSpec=n/a;clashPen=n/a;enrichSets=1;enrichActive=4;enrichDecoy=165;enrichAUC=0.750;enrichMargin=1.000 | case=2hoj-tpp-riboswitch;rank=1;top=mode:1;decoys=0;margin=n/a;topRMSD=0.000;bestDecoyRMSD=n/a;contactSpec=n/a;clashPen=n/a;enrichSets=2;enrichActive=14;enrichDecoy=532;enrichAUC=0.714;enrichMargin=2.000 | case=3sd3-thf-riboswitch;rank=1;top=mode:1;decoys=0;margin=n/a;topRMSD=0.000;bestDecoyRMSD=n/a;contactSpec=n/a;clashPen=n/a;enrichSets=0;enrichActive=0;enrichDecoy=0;enrichAUC=n/a;enrichMargin=n/a | case=5dhb-gmp-primer-template;rank=1;top=mode:1;decoys=0;margin=n/a;topRMSD=0.000;bestDecoyRMSD=n/a;contactSpec=n/a;clashPen=n/a;enrichSets=0;enrichActive=0;enrichDecoy=0;enrichAUC=n/a;enrichMargin=n/a | case=6c64-mango-ii-ekm;rank=1;top=mode:1;decoys=0;margin=n/a;topRMSD=0.000;bestDecoyRMSD=n/a;contactSpec=n/a;clashPen=n/a;enrichSets=0;enrichActive=0;enrichDecoy=0;enrichAUC=n/a;enrichMargin=n/a | case=5bjp-corn-dfho;rank=1;top=mode:1;decoys=0;margin=n/a;topRMSD=0.000;bestDecoyRMSD=n/a;contactSpec=n/a;clashPen=n/a;enrichSets=0;enrichActive=0;enrichDecoy=0;enrichAUC=n/a;enrichMargin=n/a | case=6wzs-ztp-riboswitch;rank=1;top=mode:1;decoys=0;margin=n/a;topRMSD=0.000;bestDecoyRMSD=n/a;contactSpec=n/a;clashPen=n/a;enrichSets=0;enrichActive=0;enrichDecoy=0;enrichAUC=n/a;enrichMargin=n/a | case=3irw-c-di-gmp-riboswitch;rank=1;top=mode:1;decoys=0;margin=n/a;topRMSD=0.000;bestDecoyRMSD=n/a;contactSpec=n/a;clashPen=n/a;enrichSets=0;enrichActive=0;enrichDecoy=0;enrichAUC=n/a;enrichMargin=n/a | case=4qlm-c-di-amp-riboswitch;rank=1;top=mode:1;decoys=0;margin=n/a;topRMSD=0.000;bestDecoyRMSD=n/a;contactSpec=n/a;clashPen=n/a;enrichSets=0;enrichActive=0;enrichDecoy=0;enrichAUC=n/a;enrichMargin=n/a | case=3d0u-lysine-riboswitch;rank=1;top=mode:1;decoys=0;margin=n/a;topRMSD=0.000;bestDecoyRMSD=n/a;contactSpec=n/a;clashPen=n/a;enrichSets=0;enrichActive=0;enrichDecoy=0;enrichAUC=n/a;enrichMargin=n/a | case=3oww-glycine-riboswitch;rank=1;top=mode:1;decoys=0;margin=n/a;topRMSD=0.000;bestDecoyRMSD=n/a;contactSpec=n/a;clashPen=n/a;enrichSets=0;enrichActive=0;enrichDecoy=0;enrichAUC=n/a;enrichMargin=n/a
-0.120000,-1.000000,-0.150000,-0.220000,2.584286,0.725,-0.493,8,41,1423,1.000000,3.918966,0.562,0.000,0.000,8.224,26.625505,0.000000,0.000000,2.157895,1.000000,case=t6-thrombin-vina;rank=1;top=mode:1;decoys=0;margin=n/a;topRMSD=0.000;bestDecoyRMSD=n/a;contactSpec=n/a;clashPen=n/a;enrichSets=0;enrichActive=0;enrichDecoy=0;enrichAUC=n/a;enrichMargin=n/a | case=4q9r-spinach-2zy;rank=1;top=mode:1;decoys=10;margin=26.626;topRMSD=0.000;bestDecoyRMSD=8.224;contactSpec=0.000;clashPen=0.000;enrichSets=0;enrichActive=0;enrichDecoy=0;enrichAUC=n/a;enrichMargin=n/a | case=1fmn-fmn-riboswitch;rank=1;top=mode:1;decoys=0;margin=n/a;topRMSD=0.000;bestDecoyRMSD=n/a;contactSpec=n/a;clashPen=n/a;enrichSets=1;enrichActive=1;enrichDecoy=60;enrichAUC=1.000;enrichMargin=10.139 | case=1fmn-fmn-riboswitch-mg;rank=1;top=mode:1;decoys=0;margin=n/a;topRMSD=0.000;bestDecoyRMSD=n/a;contactSpec=n/a;clashPen=n/a;enrichSets=0;enrichActive=0;enrichDecoy=0;enrichAUC=n/a;enrichMargin=n/a | case=2g9c-purine-riboswitch;rank=1;top=mode:1;decoys=0;margin=n/a;topRMSD=0.000;bestDecoyRMSD=n/a;contactSpec=n/a;clashPen=n/a;enrichSets=1;enrichActive=7;enrichDecoy=88;enrichAUC=0.657;enrichMargin=-0.906 | case=4rzd-preq1-riboswitch;rank=1;top=mode:1;decoys=0;margin=n/a;topRMSD=0.000;bestDecoyRMSD=n/a;contactSpec=n/a;clashPen=n/a;enrichSets=1;enrichActive=5;enrichDecoy=74;enrichAUC=0.500;enrichMargin=0.000 | case=2gdi-tpp-riboswitch;rank=1;top=mode:1;decoys=0;margin=n/a;topRMSD=0.000;bestDecoyRMSD=n/a;contactSpec=n/a;clashPen=n/a;enrichSets=1;enrichActive=7;enrichDecoy=266;enrichAUC=0.633;enrichMargin=-14.656 | case=2ygh-sam-riboswitch;rank=1;top=mode:1;decoys=0;margin=n/a;topRMSD=0.000;bestDecoyRMSD=n/a;contactSpec=n/a;clashPen=n/a;enrichSets=1;enrichActive=3;enrichDecoy=238;enrichAUC=0.821;enrichMargin=-1.032 | case=3b4b-glms-riboswitch;rank=1;top=mode:1;decoys=0;margin=n/a;topRMSD=0.000;bestDecoyRMSD=n/a;contactSpec=n/a;clashPen=n/a;enrichSets=1;enrichActive=4;enrichDecoy=165;enrichAUC=0.750;enrichMargin=1.000 | case=2hoj-tpp-riboswitch;rank=1;top=mode:1;decoys=0;margin=n/a;topRMSD=0.000;bestDecoyRMSD=n/a;contactSpec=n/a;clashPen=n/a;enrichSets=2;enrichActive=14;enrichDecoy=532;enrichAUC=0.714;enrichMargin=2.000 | case=3sd3-thf-riboswitch;rank=1;top=mode:1;decoys=0;margin=n/a;topRMSD=0.000;bestDecoyRMSD=n/a;contactSpec=n/a;clashPen=n/a;enrichSets=0;enrichActive=0;enrichDecoy=0;enrichAUC=n/a;enrichMargin=n/a | case=5dhb-gmp-primer-template;rank=1;top=mode:1;decoys=0;margin=n/a;topRMSD=0.000;bestDecoyRMSD=n/a;contactSpec=n/a;clashPen=n/a;enrichSets=0;enrichActive=0;enrichDecoy=0;enrichAUC=n/a;enrichMargin=n/a | case=6c64-mango-ii-ekm;rank=1;top=mode:1;decoys=0;margin=n/a;topRMSD=0.000;bestDecoyRMSD=n/a;contactSpec=n/a;clashPen=n/a;enrichSets=0;enrichActive=0;enrichDecoy=0;enrichAUC=n/a;enrichMargin=n/a | case=5bjp-corn-dfho;rank=1;top=mode:1;decoys=0;margin=n/a;topRMSD=0.000;bestDecoyRMSD=n/a;contactSpec=n/a;clashPen=n/a;enrichSets=0;enrichActive=0;enrichDecoy=0;enrichAUC=n/a;enrichMargin=n/a | case=6wzs-ztp-riboswitch;rank=1;top=mode:1;decoys=0;margin=n/a;topRMSD=0.000;bestDecoyRMSD=n/a;contactSpec=n/a;clashPen=n/a;enrichSets=0;enrichActive=0;enrichDecoy=0;enrichAUC=n/a;enrichMargin=n/a | case=3irw-c-di-gmp-riboswitch;rank=1;top=mode:1;decoys=0;margin=n/a;topRMSD=0.000;bestDecoyRMSD=n/a;contactSpec=n/a;clashPen=n/a;enrichSets=0;enrichActive=0;enrichDecoy=0;enrichAUC=n/a;enrichMargin=n/a | case=4qlm-c-di-amp-riboswitch;rank=1;top=mode:1;decoys=0;margin=n/a;topRMSD=0.000;bestDecoyRMSD=n/a;contactSpec=n/a;clashPen=n/a;enrichSets=0;enrichActive=0;enrichDecoy=0;enrichAUC=n/a;enrichMargin=n/a | case=3d0u-lysine-riboswitch;rank=1;top=mode:1;decoys=0;margin=n/a;topRMSD=0.000;bestDecoyRMSD=n/a;contactSpec=n/a;clashPen=n/a;enrichSets=0;enrichActive=0;enrichDecoy=0;enrichAUC=n/a;enrichMargin=n/a | case=3oww-glycine-riboswitch;rank=1;top=mode:1;decoys=0;margin=n/a;topRMSD=0.000;bestDecoyRMSD=n/a;contactSpec=n/a;clashPen=n/a;enrichSets=0;enrichActive=0;enrichDecoy=0;enrichAUC=n/a;enrichMargin=n/a
-0.120000,-1.000000,-0.150000,-0.350000,2.584286,0.725,-0.493,8,41,1423,1.000000,3.918966,0.562,0.000,0.000,8.224,26.625505,0.000000,0.000000,2.157895,1.000000,case=t6-thrombin-vina;rank=1;top=mode:1;decoys=0;margin=n/a;topRMSD=0.000;bestDecoyRMSD=n/a;contactSpec=n/a;clashPen=n/a;enrichSets=0;enrichActive=0;enrichDecoy=0;enrichAUC=n/a;enrichMargin=n/a | case=4q9r-spinach-2zy;rank=1;top=mode:1;decoys=10;margin=26.626;topRMSD=0.000;bestDecoyRMSD=8.224;contactSpec=0.000;clashPen=0.000;enrichSets=0;enrichActive=0;enrichDecoy=0;enrichAUC=n/a;enrichMargin=n/a | case=1fmn-fmn-riboswitch;rank=1;top=mode:1;decoys=0;margin=n/a;topRMSD=0.000;bestDecoyRMSD=n/a;contactSpec=n/a;clashPen=n/a;enrichSets=1;enrichActive=1;enrichDecoy=60;enrichAUC=1.000;enrichMargin=10.139 | case=1fmn-fmn-riboswitch-mg;rank=1;top=mode:1;decoys=0;margin=n/a;topRMSD=0.000;bestDecoyRMSD=n/a;contactSpec=n/a;clashPen=n/a;enrichSets=0;enrichActive=0;enrichDecoy=0;enrichAUC=n/a;enrichMargin=n/a | case=2g9c-purine-riboswitch;rank=1;top=mode:1;decoys=0;margin=n/a;topRMSD=0.000;bestDecoyRMSD=n/a;contactSpec=n/a;clashPen=n/a;enrichSets=1;enrichActive=7;enrichDecoy=88;enrichAUC=0.657;enrichMargin=-0.906 | case=4rzd-preq1-riboswitch;rank=1;top=mode:1;decoys=0;margin=n/a;topRMSD=0.000;bestDecoyRMSD=n/a;contactSpec=n/a;clashPen=n/a;enrichSets=1;enrichActive=5;enrichDecoy=74;enrichAUC=0.500;enrichMargin=0.000 | case=2gdi-tpp-riboswitch;rank=1;top=mode:1;decoys=0;margin=n/a;topRMSD=0.000;bestDecoyRMSD=n/a;contactSpec=n/a;clashPen=n/a;enrichSets=1;enrichActive=7;enrichDecoy=266;enrichAUC=0.633;enrichMargin=-14.656 | case=2ygh-sam-riboswitch;rank=1;top=mode:1;decoys=0;margin=n/a;topRMSD=0.000;bestDecoyRMSD=n/a;contactSpec=n/a;clashPen=n/a;enrichSets=1;enrichActive=3;enrichDecoy=238;enrichAUC=0.821;enrichMargin=-1.032 | case=3b4b-glms-riboswitch;rank=1;top=mode:1;decoys=0;margin=n/a;topRMSD=0.000;bestDecoyRMSD=n/a;contactSpec=n/a;clashPen=n/a;enrichSets=1;enrichActive=4;enrichDecoy=165;enrichAUC=0.750;enrichMargin=1.000 | case=2hoj-tpp-riboswitch;rank=1;top=mode:1;decoys=0;margin=n/a;topRMSD=0.000;bestDecoyRMSD=n/a;contactSpec=n/a;clashPen=n/a;enrichSets=2;enrichActive=14;enrichDecoy=532;enrichAUC=0.714;enrichMargin=2.000 | case=3sd3-thf-riboswitch;rank=1;top=mode:1;decoys=0;margin=n/a;topRMSD=0.000;bestDecoyRMSD=n/a;contactSpec=n/a;clashPen=n/a;enrichSets=0;enrichActive=0;enrichDecoy=0;enrichAUC=n/a;enrichMargin=n/a | case=5dhb-gmp-primer-template;rank=1;top=mode:1;decoys=0;margin=n/a;topRMSD=0.000;bestDecoyRMSD=n/a;contactSpec=n/a;clashPen=n/a;enrichSets=0;enrichActive=0;enrichDecoy=0;enrichAUC=n/a;enrichMargin=n/a | case=6c64-mango-ii-ekm;rank=1;top=mode:1;decoys=0;margin=n/a;topRMSD=0.000;bestDecoyRMSD=n/a;contactSpec=n/a;clashPen=n/a;enrichSets=0;enrichActive=0;enrichDecoy=0;enrichAUC=n/a;enrichMargin=n/a | case=5bjp-corn-dfho;rank=1;top=mode:1;decoys=0;margin=n/a;topRMSD=0.000;bestDecoyRMSD=n/a;contactSpec=n/a;clashPen=n/a;enrichSets=0;enrichActive=0;enrichDecoy=0;enrichAUC=n/a;enrichMargin=n/a | case=6wzs-ztp-riboswitch;rank=1;top=mode:1;decoys=0;margin=n/a;topRMSD=0.000;bestDecoyRMSD=n/a;contactSpec=n/a;clashPen=n/a;enrichSets=0;enrichActive=0;enrichDecoy=0;enrichAUC=n/a;enrichMargin=n/a | case=3irw-c-di-gmp-riboswitch;rank=1;top=mode:1;decoys=0;margin=n/a;topRMSD=0.000;bestDecoyRMSD=n/a;contactSpec=n/a;clashPen=n/a;enrichSets=0;enrichActive=0;enrichDecoy=0;enrichAUC=n/a;enrichMargin=n/a | case=4qlm-c-di-amp-riboswitch;rank=1;top=mode:1;decoys=0;margin=n/a;topRMSD=0.000;bestDecoyRMSD=n/a;contactSpec=n/a;clashPen=n/a;enrichSets=0;enrichActive=0;enrichDecoy=0;enrichAUC=n/a;enrichMargin=n/a | case=3d0u-lysine-riboswitch;rank=1;top=mode:1;decoys=0;margin=n/a;topRMSD=0.000;bestDecoyRMSD=n/a;contactSpec=n/a;clashPen=n/a;enrichSets=0;enrichActive=0;enrichDecoy=0;enrichAUC=n/a;enrichMargin=n/a | case=3oww-glycine-riboswitch;rank=1;top=mode:1;decoys=0;margin=n/a;topRMSD=0.000;bestDecoyRMSD=n/a;contactSpec=n/a;clashPen=n/a;enrichSets=0;enrichActive=0;enrichDecoy=0;enrichAUC=n/a;enrichMargin=n/a
-0.080000,-1.000000,-0.150000,-0.100000,2.590190,0.724,-0.500,8,41,1423,1.000000,3.921343,0.562,0.000,0.000,8.224,26.625515,0.000000,0.000000,2.157895,1.000000,case=t6-thrombin-vina;rank=1;top=mode:1;decoys=0;margin=n/a;topRMSD=0.000;bestDecoyRMSD=n/a;contactSpec=n/a;clashPen=n/a;enrichSets=0;enrichActive=0;enrichDecoy=0;enrichAUC=n/a;enrichMargin=n/a | case=4q9r-spinach-2zy;rank=1;top=mode:1;decoys=10;margin=26.626;topRMSD=0.000;bestDecoyRMSD=8.224;contactSpec=0.000;clashPen=0.000;enrichSets=0;enrichActive=0;enrichDecoy=0;enrichAUC=n/a;enrichMargin=n/a | case=1fmn-fmn-riboswitch;rank=1;top=mode:1;decoys=0;margin=n/a;topRMSD=0.000;bestDecoyRMSD=n/a;contactSpec=n/a;clashPen=n/a;enrichSets=1;enrichActive=1;enrichDecoy=60;enrichAUC=1.000;enrichMargin=10.069 | case=1fmn-fmn-riboswitch-mg;rank=1;top=mode:1;decoys=0;margin=n/a;topRMSD=0.000;bestDecoyRMSD=n/a;contactSpec=n/a;clashPen=n/a;enrichSets=0;enrichActive=0;enrichDecoy=0;enrichAUC=n/a;enrichMargin=n/a | case=2g9c-purine-riboswitch;rank=1;top=mode:1;decoys=0;margin=n/a;topRMSD=0.000;bestDecoyRMSD=n/a;contactSpec=n/a;clashPen=n/a;enrichSets=1;enrichActive=7;enrichDecoy=88;enrichAUC=0.656;enrichMargin=-0.906 | case=4rzd-preq1-riboswitch;rank=1;top=mode:1;decoys=0;margin=n/a;topRMSD=0.000;bestDecoyRMSD=n/a;contactSpec=n/a;clashPen=n/a;enrichSets=1;enrichActive=5;enrichDecoy=74;enrichAUC=0.500;enrichMargin=0.000 | case=2gdi-tpp-riboswitch;rank=1;top=mode:1;decoys=0;margin=n/a;topRMSD=0.000;bestDecoyRMSD=n/a;contactSpec=n/a;clashPen=n/a;enrichSets=1;enrichActive=7;enrichDecoy=266;enrichAUC=0.631;enrichMargin=-14.651 | case=2ygh-sam-riboswitch;rank=1;top=mode:1;decoys=0;margin=n/a;topRMSD=0.000;bestDecoyRMSD=n/a;contactSpec=n/a;clashPen=n/a;enrichSets=1;enrichActive=3;enrichDecoy=238;enrichAUC=0.821;enrichMargin=-1.010 | case=3b4b-glms-riboswitch;rank=1;top=mode:1;decoys=0;margin=n/a;topRMSD=0.000;bestDecoyRMSD=n/a;contactSpec=n/a;clashPen=n/a;enrichSets=1;enrichActive=4;enrichDecoy=165;enrichAUC=0.750;enrichMargin=1.000 | case=2hoj-tpp-riboswitch;rank=1;top=mode:1;decoys=0;margin=n/a;topRMSD=0.000;bestDecoyRMSD=n/a;contactSpec=n/a;clashPen=n/a;enrichSets=2;enrichActive=14;enrichDecoy=532;enrichAUC=0.714;enrichMargin=2.000 | case=3sd3-thf-riboswitch;rank=1;top=mode:1;decoys=0;margin=n/a;topRMSD=0.000;bestDecoyRMSD=n/a;contactSpec=n/a;clashPen=n/a;enrichSets=0;enrichActive=0;enrichDecoy=0;enrichAUC=n/a;enrichMargin=n/a | case=5dhb-gmp-primer-template;rank=1;top=mode:1;decoys=0;margin=n/a;topRMSD=0.000;bestDecoyRMSD=n/a;contactSpec=n/a;clashPen=n/a;enrichSets=0;enrichActive=0;enrichDecoy=0;enrichAUC=n/a;enrichMargin=n/a | case=6c64-mango-ii-ekm;rank=1;top=mode:1;decoys=0;margin=n/a;topRMSD=0.000;bestDecoyRMSD=n/a;contactSpec=n/a;clashPen=n/a;enrichSets=0;enrichActive=0;enrichDecoy=0;enrichAUC=n/a;enrichMargin=n/a | case=5bjp-corn-dfho;rank=1;top=mode:1;decoys=0;margin=n/a;topRMSD=0.000;bestDecoyRMSD=n/a;contactSpec=n/a;clashPen=n/a;enrichSets=0;enrichActive=0;enrichDecoy=0;enrichAUC=n/a;enrichMargin=n/a | case=6wzs-ztp-riboswitch;rank=1;top=mode:1;decoys=0;margin=n/a;topRMSD=0.000;bestDecoyRMSD=n/a;contactSpec=n/a;clashPen=n/a;enrichSets=0;enrichActive=0;enrichDecoy=0;enrichAUC=n/a;enrichMargin=n/a | case=3irw-c-di-gmp-riboswitch;rank=1;top=mode:1;decoys=0;margin=n/a;topRMSD=0.000;bestDecoyRMSD=n/a;contactSpec=n/a;clashPen=n/a;enrichSets=0;enrichActive=0;enrichDecoy=0;enrichAUC=n/a;enrichMargin=n/a | case=4qlm-c-di-amp-riboswitch;rank=1;top=mode:1;decoys=0;margin=n/a;topRMSD=0.000;bestDecoyRMSD=n/a;contactSpec=n/a;clashPen=n/a;enrichSets=0;enrichActive=0;enrichDecoy=0;enrichAUC=n/a;enrichMargin=n/a | case=3d0u-lysine-riboswitch;rank=1;top=mode:1;decoys=0;margin=n/a;topRMSD=0.000;bestDecoyRMSD=n/a;contactSpec=n/a;clashPen=n/a;enrichSets=0;enrichActive=0;enrichDecoy=0;enrichAUC=n/a;enrichMargin=n/a | case=3oww-glycine-riboswitch;rank=1;top=mode:1;decoys=0;margin=n/a;topRMSD=0.000;bestDecoyRMSD=n/a;contactSpec=n/a;clashPen=n/a;enrichSets=0;enrichActive=0;enrichDecoy=0;enrichAUC=n/a;enrichMargin=n/a
-0.080000,-1.000000,-0.150000,-0.220000,2.590190,0.724,-0.500,8,41,1423,1.000000,3.921343,0.562,0.000,0.000,8.224,26.625515,0.000000,0.000000,2.157895,1.000000,case=t6-thrombin-vina;rank=1;top=mode:1;decoys=0;margin=n/a;topRMSD=0.000;bestDecoyRMSD=n/a;contactSpec=n/a;clashPen=n/a;enrichSets=0;enrichActive=0;enrichDecoy=0;enrichAUC=n/a;enrichMargin=n/a | case=4q9r-spinach-2zy;rank=1;top=mode:1;decoys=10;margin=26.626;topRMSD=0.000;bestDecoyRMSD=8.224;contactSpec=0.000;clashPen=0.000;enrichSets=0;enrichActive=0;enrichDecoy=0;enrichAUC=n/a;enrichMargin=n/a | case=1fmn-fmn-riboswitch;rank=1;top=mode:1;decoys=0;margin=n/a;topRMSD=0.000;bestDecoyRMSD=n/a;contactSpec=n/a;clashPen=n/a;enrichSets=1;enrichActive=1;enrichDecoy=60;enrichAUC=1.000;enrichMargin=10.069 | case=1fmn-fmn-riboswitch-mg;rank=1;top=mode:1;decoys=0;margin=n/a;topRMSD=0.000;bestDecoyRMSD=n/a;contactSpec=n/a;clashPen=n/a;enrichSets=0;enrichActive=0;enrichDecoy=0;enrichAUC=n/a;enrichMargin=n/a | case=2g9c-purine-riboswitch;rank=1;top=mode:1;decoys=0;margin=n/a;topRMSD=0.000;bestDecoyRMSD=n/a;contactSpec=n/a;clashPen=n/a;enrichSets=1;enrichActive=7;enrichDecoy=88;enrichAUC=0.656;enrichMargin=-0.906 | case=4rzd-preq1-riboswitch;rank=1;top=mode:1;decoys=0;margin=n/a;topRMSD=0.000;bestDecoyRMSD=n/a;contactSpec=n/a;clashPen=n/a;enrichSets=1;enrichActive=5;enrichDecoy=74;enrichAUC=0.500;enrichMargin=0.000 | case=2gdi-tpp-riboswitch;rank=1;top=mode:1;decoys=0;margin=n/a;topRMSD=0.000;bestDecoyRMSD=n/a;contactSpec=n/a;clashPen=n/a;enrichSets=1;enrichActive=7;enrichDecoy=266;enrichAUC=0.631;enrichMargin=-14.651 | case=2ygh-sam-riboswitch;rank=1;top=mode:1;decoys=0;margin=n/a;topRMSD=0.000;bestDecoyRMSD=n/a;contactSpec=n/a;clashPen=n/a;enrichSets=1;enrichActive=3;enrichDecoy=238;enrichAUC=0.821;enrichMargin=-1.010 | case=3b4b-glms-riboswitch;rank=1;top=mode:1;decoys=0;margin=n/a;topRMSD=0.000;bestDecoyRMSD=n/a;contactSpec=n/a;clashPen=n/a;enrichSets=1;enrichActive=4;enrichDecoy=165;enrichAUC=0.750;enrichMargin=1.000 | case=2hoj-tpp-riboswitch;rank=1;top=mode:1;decoys=0;margin=n/a;topRMSD=0.000;bestDecoyRMSD=n/a;contactSpec=n/a;clashPen=n/a;enrichSets=2;enrichActive=14;enrichDecoy=532;enrichAUC=0.714;enrichMargin=2.000 | case=3sd3-thf-riboswitch;rank=1;top=mode:1;decoys=0;margin=n/a;topRMSD=0.000;bestDecoyRMSD=n/a;contactSpec=n/a;clashPen=n/a;enrichSets=0;enrichActive=0;enrichDecoy=0;enrichAUC=n/a;enrichMargin=n/a | case=5dhb-gmp-primer-template;rank=1;top=mode:1;decoys=0;margin=n/a;topRMSD=0.000;bestDecoyRMSD=n/a;contactSpec=n/a;clashPen=n/a;enrichSets=0;enrichActive=0;enrichDecoy=0;enrichAUC=n/a;enrichMargin=n/a | case=6c64-mango-ii-ekm;rank=1;top=mode:1;decoys=0;margin=n/a;topRMSD=0.000;bestDecoyRMSD=n/a;contactSpec=n/a;clashPen=n/a;enrichSets=0;enrichActive=0;enrichDecoy=0;enrichAUC=n/a;enrichMargin=n/a | case=5bjp-corn-dfho;rank=1;top=mode:1;decoys=0;margin=n/a;topRMSD=0.000;bestDecoyRMSD=n/a;contactSpec=n/a;clashPen=n/a;enrichSets=0;enrichActive=0;enrichDecoy=0;enrichAUC=n/a;enrichMargin=n/a | case=6wzs-ztp-riboswitch;rank=1;top=mode:1;decoys=0;margin=n/a;topRMSD=0.000;bestDecoyRMSD=n/a;contactSpec=n/a;clashPen=n/a;enrichSets=0;enrichActive=0;enrichDecoy=0;enrichAUC=n/a;enrichMargin=n/a | case=3irw-c-di-gmp-riboswitch;rank=1;top=mode:1;decoys=0;margin=n/a;topRMSD=0.000;bestDecoyRMSD=n/a;contactSpec=n/a;clashPen=n/a;enrichSets=0;enrichActive=0;enrichDecoy=0;enrichAUC=n/a;enrichMargin=n/a | case=4qlm-c-di-amp-riboswitch;rank=1;top=mode:1;decoys=0;margin=n/a;topRMSD=0.000;bestDecoyRMSD=n/a;contactSpec=n/a;clashPen=n/a;enrichSets=0;enrichActive=0;enrichDecoy=0;enrichAUC=n/a;enrichMargin=n/a | case=3d0u-lysine-riboswitch;rank=1;top=mode:1;decoys=0;margin=n/a;topRMSD=0.000;bestDecoyRMSD=n/a;contactSpec=n/a;clashPen=n/a;enrichSets=0;enrichActive=0;enrichDecoy=0;enrichAUC=n/a;enrichMargin=n/a | case=3oww-glycine-riboswitch;rank=1;top=mode:1;decoys=0;margin=n/a;topRMSD=0.000;bestDecoyRMSD=n/a;contactSpec=n/a;clashPen=n/a;enrichSets=0;enrichActive=0;enrichDecoy=0;enrichAUC=n/a;enrichMargin=n/a
-0.080000,-1.000000,-0.150000,-0.350000,2.590190,0.724,-0.500,8,41,1423,1.000000,3.921343,0.562,0.000,0.000,8.224,26.625515,0.000000,0.000000,2.157895,1.000000,case=t6-thrombin-vina;rank=1;top=mode:1;decoys=0;margin=n/a;topRMSD=0.000;bestDecoyRMSD=n/a;contactSpec=n/a;clashPen=n/a;enrichSets=0;enrichActive=0;enrichDecoy=0;enrichAUC=n/a;enrichMargin=n/a | case=4q9r-spinach-2zy;rank=1;top=mode:1;decoys=10;margin=26.626;topRMSD=0.000;bestDecoyRMSD=8.224;contactSpec=0.000;clashPen=0.000;enrichSets=0;enrichActive=0;enrichDecoy=0;enrichAUC=n/a;enrichMargin=n/a | case=1fmn-fmn-riboswitch;rank=1;top=mode:1;decoys=0;margin=n/a;topRMSD=0.000;bestDecoyRMSD=n/a;contactSpec=n/a;clashPen=n/a;enrichSets=1;enrichActive=1;enrichDecoy=60;enrichAUC=1.000;enrichMargin=10.069 | case=1fmn-fmn-riboswitch-mg;rank=1;top=mode:1;decoys=0;margin=n/a;topRMSD=0.000;bestDecoyRMSD=n/a;contactSpec=n/a;clashPen=n/a;enrichSets=0;enrichActive=0;enrichDecoy=0;enrichAUC=n/a;enrichMargin=n/a | case=2g9c-purine-riboswitch;rank=1;top=mode:1;decoys=0;margin=n/a;topRMSD=0.000;bestDecoyRMSD=n/a;contactSpec=n/a;clashPen=n/a;enrichSets=1;enrichActive=7;enrichDecoy=88;enrichAUC=0.656;enrichMargin=-0.906 | case=4rzd-preq1-riboswitch;rank=1;top=mode:1;decoys=0;margin=n/a;topRMSD=0.000;bestDecoyRMSD=n/a;contactSpec=n/a;clashPen=n/a;enrichSets=1;enrichActive=5;enrichDecoy=74;enrichAUC=0.500;enrichMargin=0.000 | case=2gdi-tpp-riboswitch;rank=1;top=mode:1;decoys=0;margin=n/a;topRMSD=0.000;bestDecoyRMSD=n/a;contactSpec=n/a;clashPen=n/a;enrichSets=1;enrichActive=7;enrichDecoy=266;enrichAUC=0.631;enrichMargin=-14.651 | case=2ygh-sam-riboswitch;rank=1;top=mode:1;decoys=0;margin=n/a;topRMSD=0.000;bestDecoyRMSD=n/a;contactSpec=n/a;clashPen=n/a;enrichSets=1;enrichActive=3;enrichDecoy=238;enrichAUC=0.821;enrichMargin=-1.010 | case=3b4b-glms-riboswitch;rank=1;top=mode:1;decoys=0;margin=n/a;topRMSD=0.000;bestDecoyRMSD=n/a;contactSpec=n/a;clashPen=n/a;enrichSets=1;enrichActive=4;enrichDecoy=165;enrichAUC=0.750;enrichMargin=1.000 | case=2hoj-tpp-riboswitch;rank=1;top=mode:1;decoys=0;margin=n/a;topRMSD=0.000;bestDecoyRMSD=n/a;contactSpec=n/a;clashPen=n/a;enrichSets=2;enrichActive=14;enrichDecoy=532;enrichAUC=0.714;enrichMargin=2.000 | case=3sd3-thf-riboswitch;rank=1;top=mode:1;decoys=0;margin=n/a;topRMSD=0.000;bestDecoyRMSD=n/a;contactSpec=n/a;clashPen=n/a;enrichSets=0;enrichActive=0;enrichDecoy=0;enrichAUC=n/a;enrichMargin=n/a | case=5dhb-gmp-primer-template;rank=1;top=mode:1;decoys=0;margin=n/a;topRMSD=0.000;bestDecoyRMSD=n/a;contactSpec=n/a;clashPen=n/a;enrichSets=0;enrichActive=0;enrichDecoy=0;enrichAUC=n/a;enrichMargin=n/a | case=6c64-mango-ii-ekm;rank=1;top=mode:1;decoys=0;margin=n/a;topRMSD=0.000;bestDecoyRMSD=n/a;contactSpec=n/a;clashPen=n/a;enrichSets=0;enrichActive=0;enrichDecoy=0;enrichAUC=n/a;enrichMargin=n/a | case=5bjp-corn-dfho;rank=1;top=mode:1;decoys=0;margin=n/a;topRMSD=0.000;bestDecoyRMSD=n/a;contactSpec=n/a;clashPen=n/a;enrichSets=0;enrichActive=0;enrichDecoy=0;enrichAUC=n/a;enrichMargin=n/a | case=6wzs-ztp-riboswitch;rank=1;top=mode:1;decoys=0;margin=n/a;topRMSD=0.000;bestDecoyRMSD=n/a;contactSpec=n/a;clashPen=n/a;enrichSets=0;enrichActive=0;enrichDecoy=0;enrichAUC=n/a;enrichMargin=n/a | case=3irw-c-di-gmp-riboswitch;rank=1;top=mode:1;decoys=0;margin=n/a;topRMSD=0.000;bestDecoyRMSD=n/a;contactSpec=n/a;clashPen=n/a;enrichSets=0;enrichActive=0;enrichDecoy=0;enrichAUC=n/a;enrichMargin=n/a | case=4qlm-c-di-amp-riboswitch;rank=1;top=mode:1;decoys=0;margin=n/a;topRMSD=0.000;bestDecoyRMSD=n/a;contactSpec=n/a;clashPen=n/a;enrichSets=0;enrichActive=0;enrichDecoy=0;enrichAUC=n/a;enrichMargin=n/a | case=3d0u-lysine-riboswitch;rank=1;top=mode:1;decoys=0;margin=n/a;topRMSD=0.000;bestDecoyRMSD=n/a;contactSpec=n/a;clashPen=n/a;enrichSets=0;enrichActive=0;enrichDecoy=0;enrichAUC=n/a;enrichMargin=n/a | case=3oww-glycine-riboswitch;rank=1;top=mode:1;decoys=0;margin=n/a;topRMSD=0.000;bestDecoyRMSD=n/a;contactSpec=n/a;clashPen=n/a;enrichSets=0;enrichActive=0;enrichDecoy=0;enrichAUC=n/a;enrichMargin=n/a
-0.320000,-0.500000,-0.500000,-0.100000,2.750926,0.726,-0.681,8,41,1423,1.000000,4.025011,0.562,0.000,0.000,8.224,26.590219,0.000000,0.000000,2.157895,1.000000,case=t6-thrombin-vina;rank=1;top=mode:1;decoys=0;margin=n/a;topRMSD=0.000;bestDecoyRMSD=n/a;contactSpec=n/a;clashPen=n/a;enrichSets=0;enrichActive=0;enrichDecoy=0;enrichAUC=n/a;enrichMargin=n/a | case=4q9r-spinach-2zy;rank=1;top=mode:1;decoys=10;margin=26.590;topRMSD=0.000;bestDecoyRMSD=8.224;contactSpec=0.000;clashPen=0.000;enrichSets=0;enrichActive=0;enrichDecoy=0;enrichAUC=n/a;enrichMargin=n/a | case=1fmn-fmn-riboswitch;rank=1;top=mode:1;decoys=0;margin=n/a;topRMSD=0.000;bestDecoyRMSD=n/a;contactSpec=n/a;clashPen=n/a;enrichSets=1;enrichActive=1;enrichDecoy=60;enrichAUC=1.000;enrichMargin=10.487 | case=1fmn-fmn-riboswitch-mg;rank=1;top=mode:1;decoys=0;margin=n/a;topRMSD=0.000;bestDecoyRMSD=n/a;contactSpec=n/a;clashPen=n/a;enrichSets=0;enrichActive=0;enrichDecoy=0;enrichAUC=n/a;enrichMargin=n/a | case=2g9c-purine-riboswitch;rank=1;top=mode:1;decoys=0;margin=n/a;topRMSD=0.000;bestDecoyRMSD=n/a;contactSpec=n/a;clashPen=n/a;enrichSets=1;enrichActive=7;enrichDecoy=88;enrichAUC=0.661;enrichMargin=-0.905 | case=4rzd-preq1-riboswitch;rank=1;top=mode:1;decoys=0;margin=n/a;topRMSD=0.000;bestDecoyRMSD=n/a;contactSpec=n/a;clashPen=n/a;enrichSets=1;enrichActive=5;enrichDecoy=74;enrichAUC=0.500;enrichMargin=0.000 | case=2gdi-tpp-riboswitch;rank=1;top=mode:1;decoys=0;margin=n/a;topRMSD=0.000;bestDecoyRMSD=n/a;contactSpec=n/a;clashPen=n/a;enrichSets=1;enrichActive=7;enrichDecoy=266;enrichAUC=0.634;enrichMargin=-14.684 | case=2ygh-sam-riboswitch;rank=1;top=mode:1;decoys=0;margin=n/a;topRMSD=0.000;bestDecoyRMSD=n/a;contactSpec=n/a;clashPen=n/a;enrichSets=1;enrichActive=3;enrichDecoy=238;enrichAUC=0.819;enrichMargin=-1.165 | case=3b4b-glms-riboswitch;rank=1;top=mode:1;decoys=0;margin=n/a;topRMSD=0.000;bestDecoyRMSD=n/a;contactSpec=n/a;clashPen=n/a;enrichSets=1;enrichActive=4;enrichDecoy=165;enrichAUC=0.750;enrichMargin=0.500 | case=2hoj-tpp-riboswitch;rank=1;top=mode:1;decoys=0;margin=n/a;topRMSD=0.000;bestDecoyRMSD=n/a;contactSpec=n/a;clashPen=n/a;enrichSets=2;enrichActive=14;enrichDecoy=532;enrichAUC=0.714;enrichMargin=1.000 | case=3sd3-thf-riboswitch;rank=1;top=mode:1;decoys=0;margin=n/a;topRMSD=0.000;bestDecoyRMSD=n/a;contactSpec=n/a;clashPen=n/a;enrichSets=0;enrichActive=0;enrichDecoy=0;enrichAUC=n/a;enrichMargin=n/a | case=5dhb-gmp-primer-template;rank=1;top=mode:1;decoys=0;margin=n/a;topRMSD=0.000;bestDecoyRMSD=n/a;contactSpec=n/a;clashPen=n/a;enrichSets=0;enrichActive=0;enrichDecoy=0;enrichAUC=n/a;enrichMargin=n/a | case=6c64-mango-ii-ekm;rank=1;top=mode:1;decoys=0;margin=n/a;topRMSD=0.000;bestDecoyRMSD=n/a;contactSpec=n/a;clashPen=n/a;enrichSets=0;enrichActive=0;enrichDecoy=0;enrichAUC=n/a;enrichMargin=n/a | case=5bjp-corn-dfho;rank=1;top=mode:1;decoys=0;margin=n/a;topRMSD=0.000;bestDecoyRMSD=n/a;contactSpec=n/a;clashPen=n/a;enrichSets=0;enrichActive=0;enrichDecoy=0;enrichAUC=n/a;enrichMargin=n/a | case=6wzs-ztp-riboswitch;rank=1;top=mode:1;decoys=0;margin=n/a;topRMSD=0.000;bestDecoyRMSD=n/a;contactSpec=n/a;clashPen=n/a;enrichSets=0;enrichActive=0;enrichDecoy=0;enrichAUC=n/a;enrichMargin=n/a | case=3irw-c-di-gmp-riboswitch;rank=1;top=mode:1;decoys=0;margin=n/a;topRMSD=0.000;bestDecoyRMSD=n/a;contactSpec=n/a;clashPen=n/a;enrichSets=0;enrichActive=0;enrichDecoy=0;enrichAUC=n/a;enrichMargin=n/a | case=4qlm-c-di-amp-riboswitch;rank=1;top=mode:1;decoys=0;margin=n/a;topRMSD=0.000;bestDecoyRMSD=n/a;contactSpec=n/a;clashPen=n/a;enrichSets=0;enrichActive=0;enrichDecoy=0;enrichAUC=n/a;enrichMargin=n/a | case=3d0u-lysine-riboswitch;rank=1;top=mode:1;decoys=0;margin=n/a;topRMSD=0.000;bestDecoyRMSD=n/a;contactSpec=n/a;clashPen=n/a;enrichSets=0;enrichActive=0;enrichDecoy=0;enrichAUC=n/a;enrichMargin=n/a | case=3oww-glycine-riboswitch;rank=1;top=mode:1;decoys=0;margin=n/a;topRMSD=0.000;bestDecoyRMSD=n/a;contactSpec=n/a;clashPen=n/a;enrichSets=0;enrichActive=0;enrichDecoy=0;enrichAUC=n/a;enrichMargin=n/a
-0.320000,-0.500000,-0.500000,-0.220000,2.750926,0.726,-0.681,8,41,1423,1.000000,4.025011,0.562,0.000,0.000,8.224,26.590219,0.000000,0.000000,2.157895,1.000000,case=t6-thrombin-vina;rank=1;top=mode:1;decoys=0;margin=n/a;topRMSD=0.000;bestDecoyRMSD=n/a;contactSpec=n/a;clashPen=n/a;enrichSets=0;enrichActive=0;enrichDecoy=0;enrichAUC=n/a;enrichMargin=n/a | case=4q9r-spinach-2zy;rank=1;top=mode:1;decoys=10;margin=26.590;topRMSD=0.000;bestDecoyRMSD=8.224;contactSpec=0.000;clashPen=0.000;enrichSets=0;enrichActive=0;enrichDecoy=0;enrichAUC=n/a;enrichMargin=n/a | case=1fmn-fmn-riboswitch;rank=1;top=mode:1;decoys=0;margin=n/a;topRMSD=0.000;bestDecoyRMSD=n/a;contactSpec=n/a;clashPen=n/a;enrichSets=1;enrichActive=1;enrichDecoy=60;enrichAUC=1.000;enrichMargin=10.487 | case=1fmn-fmn-riboswitch-mg;rank=1;top=mode:1;decoys=0;margin=n/a;topRMSD=0.000;bestDecoyRMSD=n/a;contactSpec=n/a;clashPen=n/a;enrichSets=0;enrichActive=0;enrichDecoy=0;enrichAUC=n/a;enrichMargin=n/a | case=2g9c-purine-riboswitch;rank=1;top=mode:1;decoys=0;margin=n/a;topRMSD=0.000;bestDecoyRMSD=n/a;contactSpec=n/a;clashPen=n/a;enrichSets=1;enrichActive=7;enrichDecoy=88;enrichAUC=0.661;enrichMargin=-0.905 | case=4rzd-preq1-riboswitch;rank=1;top=mode:1;decoys=0;margin=n/a;topRMSD=0.000;bestDecoyRMSD=n/a;contactSpec=n/a;clashPen=n/a;enrichSets=1;enrichActive=5;enrichDecoy=74;enrichAUC=0.500;enrichMargin=0.000 | case=2gdi-tpp-riboswitch;rank=1;top=mode:1;decoys=0;margin=n/a;topRMSD=0.000;bestDecoyRMSD=n/a;contactSpec=n/a;clashPen=n/a;enrichSets=1;enrichActive=7;enrichDecoy=266;enrichAUC=0.634;enrichMargin=-14.684 | case=2ygh-sam-riboswitch;rank=1;top=mode:1;decoys=0;margin=n/a;topRMSD=0.000;bestDecoyRMSD=n/a;contactSpec=n/a;clashPen=n/a;enrichSets=1;enrichActive=3;enrichDecoy=238;enrichAUC=0.819;enrichMargin=-1.165 | case=3b4b-glms-riboswitch;rank=1;top=mode:1;decoys=0;margin=n/a;topRMSD=0.000;bestDecoyRMSD=n/a;contactSpec=n/a;clashPen=n/a;enrichSets=1;enrichActive=4;enrichDecoy=165;enrichAUC=0.750;enrichMargin=0.500 | case=2hoj-tpp-riboswitch;rank=1;top=mode:1;decoys=0;margin=n/a;topRMSD=0.000;bestDecoyRMSD=n/a;contactSpec=n/a;clashPen=n/a;enrichSets=2;enrichActive=14;enrichDecoy=532;enrichAUC=0.714;enrichMargin=1.000 | case=3sd3-thf-riboswitch;rank=1;top=mode:1;decoys=0;margin=n/a;topRMSD=0.000;bestDecoyRMSD=n/a;contactSpec=n/a;clashPen=n/a;enrichSets=0;enrichActive=0;enrichDecoy=0;enrichAUC=n/a;enrichMargin=n/a | case=5dhb-gmp-primer-template;rank=1;top=mode:1;decoys=0;margin=n/a;topRMSD=0.000;bestDecoyRMSD=n/a;contactSpec=n/a;clashPen=n/a;enrichSets=0;enrichActive=0;enrichDecoy=0;enrichAUC=n/a;enrichMargin=n/a | case=6c64-mango-ii-ekm;rank=1;top=mode:1;decoys=0;margin=n/a;topRMSD=0.000;bestDecoyRMSD=n/a;contactSpec=n/a;clashPen=n/a;enrichSets=0;enrichActive=0;enrichDecoy=0;enrichAUC=n/a;enrichMargin=n/a | case=5bjp-corn-dfho;rank=1;top=mode:1;decoys=0;margin=n/a;topRMSD=0.000;bestDecoyRMSD=n/a;contactSpec=n/a;clashPen=n/a;enrichSets=0;enrichActive=0;enrichDecoy=0;enrichAUC=n/a;enrichMargin=n/a | case=6wzs-ztp-riboswitch;rank=1;top=mode:1;decoys=0;margin=n/a;topRMSD=0.000;bestDecoyRMSD=n/a;contactSpec=n/a;clashPen=n/a;enrichSets=0;enrichActive=0;enrichDecoy=0;enrichAUC=n/a;enrichMargin=n/a | case=3irw-c-di-gmp-riboswitch;rank=1;top=mode:1;decoys=0;margin=n/a;topRMSD=0.000;bestDecoyRMSD=n/a;contactSpec=n/a;clashPen=n/a;enrichSets=0;enrichActive=0;enrichDecoy=0;enrichAUC=n/a;enrichMargin=n/a | case=4qlm-c-di-amp-riboswitch;rank=1;top=mode:1;decoys=0;margin=n/a;topRMSD=0.000;bestDecoyRMSD=n/a;contactSpec=n/a;clashPen=n/a;enrichSets=0;enrichActive=0;enrichDecoy=0;enrichAUC=n/a;enrichMargin=n/a | case=3d0u-lysine-riboswitch;rank=1;top=mode:1;decoys=0;margin=n/a;topRMSD=0.000;bestDecoyRMSD=n/a;contactSpec=n/a;clashPen=n/a;enrichSets=0;enrichActive=0;enrichDecoy=0;enrichAUC=n/a;enrichMargin=n/a | case=3oww-glycine-riboswitch;rank=1;top=mode:1;decoys=0;margin=n/a;topRMSD=0.000;bestDecoyRMSD=n/a;contactSpec=n/a;clashPen=n/a;enrichSets=0;enrichActive=0;enrichDecoy=0;enrichAUC=n/a;enrichMargin=n/a
-0.320000,-0.500000,-0.500000,-0.350000,2.750926,0.726,-0.681,8,41,1423,1.000000,4.025011,0.562,0.000,0.000,8.224,26.590219,0.000000,0.000000,2.157895,1.000000,case=t6-thrombin-vina;rank=1;top=mode:1;decoys=0;margin=n/a;topRMSD=0.000;bestDecoyRMSD=n/a;contactSpec=n/a;clashPen=n/a;enrichSets=0;enrichActive=0;enrichDecoy=0;enrichAUC=n/a;enrichMargin=n/a | case=4q9r-spinach-2zy;rank=1;top=mode:1;decoys=10;margin=26.590;topRMSD=0.000;bestDecoyRMSD=8.224;contactSpec=0.000;clashPen=0.000;enrichSets=0;enrichActive=0;enrichDecoy=0;enrichAUC=n/a;enrichMargin=n/a | case=1fmn-fmn-riboswitch;rank=1;top=mode:1;decoys=0;margin=n/a;topRMSD=0.000;bestDecoyRMSD=n/a;contactSpec=n/a;clashPen=n/a;enrichSets=1;enrichActive=1;enrichDecoy=60;enrichAUC=1.000;enrichMargin=10.487 | case=1fmn-fmn-riboswitch-mg;rank=1;top=mode:1;decoys=0;margin=n/a;topRMSD=0.000;bestDecoyRMSD=n/a;contactSpec=n/a;clashPen=n/a;enrichSets=0;enrichActive=0;enrichDecoy=0;enrichAUC=n/a;enrichMargin=n/a | case=2g9c-purine-riboswitch;rank=1;top=mode:1;decoys=0;margin=n/a;topRMSD=0.000;bestDecoyRMSD=n/a;contactSpec=n/a;clashPen=n/a;enrichSets=1;enrichActive=7;enrichDecoy=88;enrichAUC=0.661;enrichMargin=-0.905 | case=4rzd-preq1-riboswitch;rank=1;top=mode:1;decoys=0;margin=n/a;topRMSD=0.000;bestDecoyRMSD=n/a;contactSpec=n/a;clashPen=n/a;enrichSets=1;enrichActive=5;enrichDecoy=74;enrichAUC=0.500;enrichMargin=0.000 | case=2gdi-tpp-riboswitch;rank=1;top=mode:1;decoys=0;margin=n/a;topRMSD=0.000;bestDecoyRMSD=n/a;contactSpec=n/a;clashPen=n/a;enrichSets=1;enrichActive=7;enrichDecoy=266;enrichAUC=0.634;enrichMargin=-14.684 | case=2ygh-sam-riboswitch;rank=1;top=mode:1;decoys=0;margin=n/a;topRMSD=0.000;bestDecoyRMSD=n/a;contactSpec=n/a;clashPen=n/a;enrichSets=1;enrichActive=3;enrichDecoy=238;enrichAUC=0.819;enrichMargin=-1.165 | case=3b4b-glms-riboswitch;rank=1;top=mode:1;decoys=0;margin=n/a;topRMSD=0.000;bestDecoyRMSD=n/a;contactSpec=n/a;clashPen=n/a;enrichSets=1;enrichActive=4;enrichDecoy=165;enrichAUC=0.750;enrichMargin=0.500 | case=2hoj-tpp-riboswitch;rank=1;top=mode:1;decoys=0;margin=n/a;topRMSD=0.000;bestDecoyRMSD=n/a;contactSpec=n/a;clashPen=n/a;enrichSets=2;enrichActive=14;enrichDecoy=532;enrichAUC=0.714;enrichMargin=1.000 | case=3sd3-thf-riboswitch;rank=1;top=mode:1;decoys=0;margin=n/a;topRMSD=0.000;bestDecoyRMSD=n/a;contactSpec=n/a;clashPen=n/a;enrichSets=0;enrichActive=0;enrichDecoy=0;enrichAUC=n/a;enrichMargin=n/a | case=5dhb-gmp-primer-template;rank=1;top=mode:1;decoys=0;margin=n/a;topRMSD=0.000;bestDecoyRMSD=n/a;contactSpec=n/a;clashPen=n/a;enrichSets=0;enrichActive=0;enrichDecoy=0;enrichAUC=n/a;enrichMargin=n/a | case=6c64-mango-ii-ekm;rank=1;top=mode:1;decoys=0;margin=n/a;topRMSD=0.000;bestDecoyRMSD=n/a;contactSpec=n/a;clashPen=n/a;enrichSets=0;enrichActive=0;enrichDecoy=0;enrichAUC=n/a;enrichMargin=n/a | case=5bjp-corn-dfho;rank=1;top=mode:1;decoys=0;margin=n/a;topRMSD=0.000;bestDecoyRMSD=n/a;contactSpec=n/a;clashPen=n/a;enrichSets=0;enrichActive=0;enrichDecoy=0;enrichAUC=n/a;enrichMargin=n/a | case=6wzs-ztp-riboswitch;rank=1;top=mode:1;decoys=0;margin=n/a;topRMSD=0.000;bestDecoyRMSD=n/a;contactSpec=n/a;clashPen=n/a;enrichSets=0;enrichActive=0;enrichDecoy=0;enrichAUC=n/a;enrichMargin=n/a | case=3irw-c-di-gmp-riboswitch;rank=1;top=mode:1;decoys=0;margin=n/a;topRMSD=0.000;bestDecoyRMSD=n/a;contactSpec=n/a;clashPen=n/a;enrichSets=0;enrichActive=0;enrichDecoy=0;enrichAUC=n/a;enrichMargin=n/a | case=4qlm-c-di-amp-riboswitch;rank=1;top=mode:1;decoys=0;margin=n/a;topRMSD=0.000;bestDecoyRMSD=n/a;contactSpec=n/a;clashPen=n/a;enrichSets=0;enrichActive=0;enrichDecoy=0;enrichAUC=n/a;enrichMargin=n/a | case=3d0u-lysine-riboswitch;rank=1;top=mode:1;decoys=0;margin=n/a;topRMSD=0.000;bestDecoyRMSD=n/a;contactSpec=n/a;clashPen=n/a;enrichSets=0;enrichActive=0;enrichDecoy=0;enrichAUC=n/a;enrichMargin=n/a | case=3oww-glycine-riboswitch;rank=1;top=mode:1;decoys=0;margin=n/a;topRMSD=0.000;bestDecoyRMSD=n/a;contactSpec=n/a;clashPen=n/a;enrichSets=0;enrichActive=0;enrichDecoy=0;enrichAUC=n/a;enrichMargin=n/a
-0.240000,-0.500000,-0.500000,-0.100000,2.763780,0.725,-0.690,8,41,1423,1.000000,4.047311,0.562,0.000,0.000,8.224,26.590238,0.000000,0.000000,2.157895,1.000000,case=t6-thrombin-vina;rank=1;top=mode:1;decoys=0;margin=n/a;topRMSD=0.000;bestDecoyRMSD=n/a;contactSpec=n/a;clashPen=n/a;enrichSets=0;enrichActive=0;enrichDecoy=0;enrichAUC=n/a;enrichMargin=n/a | case=4q9r-spinach-2zy;rank=1;top=mode:1;decoys=10;margin=26.590;topRMSD=0.000;bestDecoyRMSD=8.224;contactSpec=0.000;clashPen=0.000;enrichSets=0;enrichActive=0;enrichDecoy=0;enrichAUC=n/a;enrichMargin=n/a | case=1fmn-fmn-riboswitch;rank=1;top=mode:1;decoys=0;margin=n/a;topRMSD=0.000;bestDecoyRMSD=n/a;contactSpec=n/a;clashPen=n/a;enrichSets=1;enrichActive=1;enrichDecoy=60;enrichAUC=1.000;enrichMargin=10.347 | case=1fmn-fmn-riboswitch-mg;rank=1;top=mode:1;decoys=0;margin=n/a;topRMSD=0.000;bestDecoyRMSD=n/a;contactSpec=n/a;clashPen=n/a;enrichSets=0;enrichActive=0;enrichDecoy=0;enrichAUC=n/a;enrichMargin=n/a | case=2g9c-purine-riboswitch;rank=1;top=mode:1;decoys=0;margin=n/a;topRMSD=0.000;bestDecoyRMSD=n/a;contactSpec=n/a;clashPen=n/a;enrichSets=1;enrichActive=7;enrichDecoy=88;enrichAUC=0.659;enrichMargin=-0.905 | case=4rzd-preq1-riboswitch;rank=1;top=mode:1;decoys=0;margin=n/a;topRMSD=0.000;bestDecoyRMSD=n/a;contactSpec=n/a;clashPen=n/a;enrichSets=1;enrichActive=5;enrichDecoy=74;enrichAUC=0.500;enrichMargin=0.000 | case=2gdi-tpp-riboswitch;rank=1;top=mode:1;decoys=0;margin=n/a;topRMSD=0.000;bestDecoyRMSD=n/a;contactSpec=n/a;clashPen=n/a;enrichSets=1;enrichActive=7;enrichDecoy=266;enrichAUC=0.632;enrichMargin=-14.673 | case=2ygh-sam-riboswitch;rank=1;top=mode:1;decoys=0;margin=n/a;topRMSD=0.000;bestDecoyRMSD=n/a;contactSpec=n/a;clashPen=n/a;enrichSets=1;enrichActive=3;enrichDecoy=238;enrichAUC=0.819;enrichMargin=-1.098 | case=3b4b-glms-riboswitch;rank=1;top=mode:1;decoys=0;margin=n/a;topRMSD=0.000;bestDecoyRMSD=n/a;contactSpec=n/a;clashPen=n/a;enrichSets=1;enrichActive=4;enrichDecoy=165;enrichAUC=0.750;enrichMargin=0.500 | case=2hoj-tpp-riboswitch;rank=1;top=mode:1;decoys=0;margin=n/a;topRMSD=0.000;bestDecoyRMSD=n/a;contactSpec=n/a;clashPen=n/a;enrichSets=2;enrichActive=14;enrichDecoy=532;enrichAUC=0.714;enrichMargin=1.000 | case=3sd3-thf-riboswitch;rank=1;top=mode:1;decoys=0;margin=n/a;topRMSD=0.000;bestDecoyRMSD=n/a;contactSpec=n/a;clashPen=n/a;enrichSets=0;enrichActive=0;enrichDecoy=0;enrichAUC=n/a;enrichMargin=n/a | case=5dhb-gmp-primer-template;rank=1;top=mode:1;decoys=0;margin=n/a;topRMSD=0.000;bestDecoyRMSD=n/a;contactSpec=n/a;clashPen=n/a;enrichSets=0;enrichActive=0;enrichDecoy=0;enrichAUC=n/a;enrichMargin=n/a | case=6c64-mango-ii-ekm;rank=1;top=mode:1;decoys=0;margin=n/a;topRMSD=0.000;bestDecoyRMSD=n/a;contactSpec=n/a;clashPen=n/a;enrichSets=0;enrichActive=0;enrichDecoy=0;enrichAUC=n/a;enrichMargin=n/a | case=5bjp-corn-dfho;rank=1;top=mode:1;decoys=0;margin=n/a;topRMSD=0.000;bestDecoyRMSD=n/a;contactSpec=n/a;clashPen=n/a;enrichSets=0;enrichActive=0;enrichDecoy=0;enrichAUC=n/a;enrichMargin=n/a | case=6wzs-ztp-riboswitch;rank=1;top=mode:1;decoys=0;margin=n/a;topRMSD=0.000;bestDecoyRMSD=n/a;contactSpec=n/a;clashPen=n/a;enrichSets=0;enrichActive=0;enrichDecoy=0;enrichAUC=n/a;enrichMargin=n/a | case=3irw-c-di-gmp-riboswitch;rank=1;top=mode:1;decoys=0;margin=n/a;topRMSD=0.000;bestDecoyRMSD=n/a;contactSpec=n/a;clashPen=n/a;enrichSets=0;enrichActive=0;enrichDecoy=0;enrichAUC=n/a;enrichMargin=n/a | case=4qlm-c-di-amp-riboswitch;rank=1;top=mode:1;decoys=0;margin=n/a;topRMSD=0.000;bestDecoyRMSD=n/a;contactSpec=n/a;clashPen=n/a;enrichSets=0;enrichActive=0;enrichDecoy=0;enrichAUC=n/a;enrichMargin=n/a | case=3d0u-lysine-riboswitch;rank=1;top=mode:1;decoys=0;margin=n/a;topRMSD=0.000;bestDecoyRMSD=n/a;contactSpec=n/a;clashPen=n/a;enrichSets=0;enrichActive=0;enrichDecoy=0;enrichAUC=n/a;enrichMargin=n/a | case=3oww-glycine-riboswitch;rank=1;top=mode:1;decoys=0;margin=n/a;topRMSD=0.000;bestDecoyRMSD=n/a;contactSpec=n/a;clashPen=n/a;enrichSets=0;enrichActive=0;enrichDecoy=0;enrichAUC=n/a;enrichMargin=n/a
-0.240000,-0.500000,-0.500000,-0.220000,2.763780,0.725,-0.690,8,41,1423,1.000000,4.047311,0.562,0.000,0.000,8.224,26.590238,0.000000,0.000000,2.157895,1.000000,case=t6-thrombin-vina;rank=1;top=mode:1;decoys=0;margin=n/a;topRMSD=0.000;bestDecoyRMSD=n/a;contactSpec=n/a;clashPen=n/a;enrichSets=0;enrichActive=0;enrichDecoy=0;enrichAUC=n/a;enrichMargin=n/a | case=4q9r-spinach-2zy;rank=1;top=mode:1;decoys=10;margin=26.590;topRMSD=0.000;bestDecoyRMSD=8.224;contactSpec=0.000;clashPen=0.000;enrichSets=0;enrichActive=0;enrichDecoy=0;enrichAUC=n/a;enrichMargin=n/a | case=1fmn-fmn-riboswitch;rank=1;top=mode:1;decoys=0;margin=n/a;topRMSD=0.000;bestDecoyRMSD=n/a;contactSpec=n/a;clashPen=n/a;enrichSets=1;enrichActive=1;enrichDecoy=60;enrichAUC=1.000;enrichMargin=10.347 | case=1fmn-fmn-riboswitch-mg;rank=1;top=mode:1;decoys=0;margin=n/a;topRMSD=0.000;bestDecoyRMSD=n/a;contactSpec=n/a;clashPen=n/a;enrichSets=0;enrichActive=0;enrichDecoy=0;enrichAUC=n/a;enrichMargin=n/a | case=2g9c-purine-riboswitch;rank=1;top=mode:1;decoys=0;margin=n/a;topRMSD=0.000;bestDecoyRMSD=n/a;contactSpec=n/a;clashPen=n/a;enrichSets=1;enrichActive=7;enrichDecoy=88;enrichAUC=0.659;enrichMargin=-0.905 | case=4rzd-preq1-riboswitch;rank=1;top=mode:1;decoys=0;margin=n/a;topRMSD=0.000;bestDecoyRMSD=n/a;contactSpec=n/a;clashPen=n/a;enrichSets=1;enrichActive=5;enrichDecoy=74;enrichAUC=0.500;enrichMargin=0.000 | case=2gdi-tpp-riboswitch;rank=1;top=mode:1;decoys=0;margin=n/a;topRMSD=0.000;bestDecoyRMSD=n/a;contactSpec=n/a;clashPen=n/a;enrichSets=1;enrichActive=7;enrichDecoy=266;enrichAUC=0.632;enrichMargin=-14.673 | case=2ygh-sam-riboswitch;rank=1;top=mode:1;decoys=0;margin=n/a;topRMSD=0.000;bestDecoyRMSD=n/a;contactSpec=n/a;clashPen=n/a;enrichSets=1;enrichActive=3;enrichDecoy=238;enrichAUC=0.819;enrichMargin=-1.098 | case=3b4b-glms-riboswitch;rank=1;top=mode:1;decoys=0;margin=n/a;topRMSD=0.000;bestDecoyRMSD=n/a;contactSpec=n/a;clashPen=n/a;enrichSets=1;enrichActive=4;enrichDecoy=165;enrichAUC=0.750;enrichMargin=0.500 | case=2hoj-tpp-riboswitch;rank=1;top=mode:1;decoys=0;margin=n/a;topRMSD=0.000;bestDecoyRMSD=n/a;contactSpec=n/a;clashPen=n/a;enrichSets=2;enrichActive=14;enrichDecoy=532;enrichAUC=0.714;enrichMargin=1.000 | case=3sd3-thf-riboswitch;rank=1;top=mode:1;decoys=0;margin=n/a;topRMSD=0.000;bestDecoyRMSD=n/a;contactSpec=n/a;clashPen=n/a;enrichSets=0;enrichActive=0;enrichDecoy=0;enrichAUC=n/a;enrichMargin=n/a | case=5dhb-gmp-primer-template;rank=1;top=mode:1;decoys=0;margin=n/a;topRMSD=0.000;bestDecoyRMSD=n/a;contactSpec=n/a;clashPen=n/a;enrichSets=0;enrichActive=0;enrichDecoy=0;enrichAUC=n/a;enrichMargin=n/a | case=6c64-mango-ii-ekm;rank=1;top=mode:1;decoys=0;margin=n/a;topRMSD=0.000;bestDecoyRMSD=n/a;contactSpec=n/a;clashPen=n/a;enrichSets=0;enrichActive=0;enrichDecoy=0;enrichAUC=n/a;enrichMargin=n/a | case=5bjp-corn-dfho;rank=1;top=mode:1;decoys=0;margin=n/a;topRMSD=0.000;bestDecoyRMSD=n/a;contactSpec=n/a;clashPen=n/a;enrichSets=0;enrichActive=0;enrichDecoy=0;enrichAUC=n/a;enrichMargin=n/a | case=6wzs-ztp-riboswitch;rank=1;top=mode:1;decoys=0;margin=n/a;topRMSD=0.000;bestDecoyRMSD=n/a;contactSpec=n/a;clashPen=n/a;enrichSets=0;enrichActive=0;enrichDecoy=0;enrichAUC=n/a;enrichMargin=n/a | case=3irw-c-di-gmp-riboswitch;rank=1;top=mode:1;decoys=0;margin=n/a;topRMSD=0.000;bestDecoyRMSD=n/a;contactSpec=n/a;clashPen=n/a;enrichSets=0;enrichActive=0;enrichDecoy=0;enrichAUC=n/a;enrichMargin=n/a | case=4qlm-c-di-amp-riboswitch;rank=1;top=mode:1;decoys=0;margin=n/a;topRMSD=0.000;bestDecoyRMSD=n/a;contactSpec=n/a;clashPen=n/a;enrichSets=0;enrichActive=0;enrichDecoy=0;enrichAUC=n/a;enrichMargin=n/a | case=3d0u-lysine-riboswitch;rank=1;top=mode:1;decoys=0;margin=n/a;topRMSD=0.000;bestDecoyRMSD=n/a;contactSpec=n/a;clashPen=n/a;enrichSets=0;enrichActive=0;enrichDecoy=0;enrichAUC=n/a;enrichMargin=n/a | case=3oww-glycine-riboswitch;rank=1;top=mode:1;decoys=0;margin=n/a;topRMSD=0.000;bestDecoyRMSD=n/a;contactSpec=n/a;clashPen=n/a;enrichSets=0;enrichActive=0;enrichDecoy=0;enrichAUC=n/a;enrichMargin=n/a
-0.240000,-0.500000,-0.500000,-0.350000,2.763780,0.725,-0.690,8,41,1423,1.000000,4.047311,0.562,0.000,0.000,8.224,26.590238,0.000000,0.000000,2.157895,1.000000,case=t6-thrombin-vina;rank=1;top=mode:1;decoys=0;margin=n/a;topRMSD=0.000;bestDecoyRMSD=n/a;contactSpec=n/a;clashPen=n/a;enrichSets=0;enrichActive=0;enrichDecoy=0;enrichAUC=n/a;enrichMargin=n/a | case=4q9r-spinach-2zy;rank=1;top=mode:1;decoys=10;margin=26.590;topRMSD=0.000;bestDecoyRMSD=8.224;contactSpec=0.000;clashPen=0.000;enrichSets=0;enrichActive=0;enrichDecoy=0;enrichAUC=n/a;enrichMargin=n/a | case=1fmn-fmn-riboswitch;rank=1;top=mode:1;decoys=0;margin=n/a;topRMSD=0.000;bestDecoyRMSD=n/a;contactSpec=n/a;clashPen=n/a;enrichSets=1;enrichActive=1;enrichDecoy=60;enrichAUC=1.000;enrichMargin=10.347 | case=1fmn-fmn-riboswitch-mg;rank=1;top=mode:1;decoys=0;margin=n/a;topRMSD=0.000;bestDecoyRMSD=n/a;contactSpec=n/a;clashPen=n/a;enrichSets=0;enrichActive=0;enrichDecoy=0;enrichAUC=n/a;enrichMargin=n/a | case=2g9c-purine-riboswitch;rank=1;top=mode:1;decoys=0;margin=n/a;topRMSD=0.000;bestDecoyRMSD=n/a;contactSpec=n/a;clashPen=n/a;enrichSets=1;enrichActive=7;enrichDecoy=88;enrichAUC=0.659;enrichMargin=-0.905 | case=4rzd-preq1-riboswitch;rank=1;top=mode:1;decoys=0;margin=n/a;topRMSD=0.000;bestDecoyRMSD=n/a;contactSpec=n/a;clashPen=n/a;enrichSets=1;enrichActive=5;enrichDecoy=74;enrichAUC=0.500;enrichMargin=0.000 | case=2gdi-tpp-riboswitch;rank=1;top=mode:1;decoys=0;margin=n/a;topRMSD=0.000;bestDecoyRMSD=n/a;contactSpec=n/a;clashPen=n/a;enrichSets=1;enrichActive=7;enrichDecoy=266;enrichAUC=0.632;enrichMargin=-14.673 | case=2ygh-sam-riboswitch;rank=1;top=mode:1;decoys=0;margin=n/a;topRMSD=0.000;bestDecoyRMSD=n/a;contactSpec=n/a;clashPen=n/a;enrichSets=1;enrichActive=3;enrichDecoy=238;enrichAUC=0.819;enrichMargin=-1.098 | case=3b4b-glms-riboswitch;rank=1;top=mode:1;decoys=0;margin=n/a;topRMSD=0.000;bestDecoyRMSD=n/a;contactSpec=n/a;clashPen=n/a;enrichSets=1;enrichActive=4;enrichDecoy=165;enrichAUC=0.750;enrichMargin=0.500 | case=2hoj-tpp-riboswitch;rank=1;top=mode:1;decoys=0;margin=n/a;topRMSD=0.000;bestDecoyRMSD=n/a;contactSpec=n/a;clashPen=n/a;enrichSets=2;enrichActive=14;enrichDecoy=532;enrichAUC=0.714;enrichMargin=1.000 | case=3sd3-thf-riboswitch;rank=1;top=mode:1;decoys=0;margin=n/a;topRMSD=0.000;bestDecoyRMSD=n/a;contactSpec=n/a;clashPen=n/a;enrichSets=0;enrichActive=0;enrichDecoy=0;enrichAUC=n/a;enrichMargin=n/a | case=5dhb-gmp-primer-template;rank=1;top=mode:1;decoys=0;margin=n/a;topRMSD=0.000;bestDecoyRMSD=n/a;contactSpec=n/a;clashPen=n/a;enrichSets=0;enrichActive=0;enrichDecoy=0;enrichAUC=n/a;enrichMargin=n/a | case=6c64-mango-ii-ekm;rank=1;top=mode:1;decoys=0;margin=n/a;topRMSD=0.000;bestDecoyRMSD=n/a;contactSpec=n/a;clashPen=n/a;enrichSets=0;enrichActive=0;enrichDecoy=0;enrichAUC=n/a;enrichMargin=n/a | case=5bjp-corn-dfho;rank=1;top=mode:1;decoys=0;margin=n/a;topRMSD=0.000;bestDecoyRMSD=n/a;contactSpec=n/a;clashPen=n/a;enrichSets=0;enrichActive=0;enrichDecoy=0;enrichAUC=n/a;enrichMargin=n/a | case=6wzs-ztp-riboswitch;rank=1;top=mode:1;decoys=0;margin=n/a;topRMSD=0.000;bestDecoyRMSD=n/a;contactSpec=n/a;clashPen=n/a;enrichSets=0;enrichActive=0;enrichDecoy=0;enrichAUC=n/a;enrichMargin=n/a | case=3irw-c-di-gmp-riboswitch;rank=1;top=mode:1;decoys=0;margin=n/a;topRMSD=0.000;bestDecoyRMSD=n/a;contactSpec=n/a;clashPen=n/a;enrichSets=0;enrichActive=0;enrichDecoy=0;enrichAUC=n/a;enrichMargin=n/a | case=4qlm-c-di-amp-riboswitch;rank=1;top=mode:1;decoys=0;margin=n/a;topRMSD=0.000;bestDecoyRMSD=n/a;contactSpec=n/a;clashPen=n/a;enrichSets=0;enrichActive=0;enrichDecoy=0;enrichAUC=n/a;enrichMargin=n/a | case=3d0u-lysine-riboswitch;rank=1;top=mode:1;decoys=0;margin=n/a;topRMSD=0.000;bestDecoyRMSD=n/a;contactSpec=n/a;clashPen=n/a;enrichSets=0;enrichActive=0;enrichDecoy=0;enrichAUC=n/a;enrichMargin=n/a | case=3oww-glycine-riboswitch;rank=1;top=mode:1;decoys=0;margin=n/a;topRMSD=0.000;bestDecoyRMSD=n/a;contactSpec=n/a;clashPen=n/a;enrichSets=0;enrichActive=0;enrichDecoy=0;enrichAUC=n/a;enrichMargin=n/a
-0.180000,-0.500000,-0.500000,-0.100000,2.775253,0.725,-0.699,8,41,1423,1.000000,4.064036,0.562,0.000,0.000,8.224,26.590253,0.000000,0.000000,2.157895,1.000000,case=t6-thrombin-vina;rank=1;top=mode:1;decoys=0;margin=n/a;topRMSD=0.000;bestDecoyRMSD=n/a;contactSpec=n/a;clashPen=n/a;enrichSets=0;enrichActive=0;enrichDecoy=0;enrichAUC=n/a;enrichMargin=n/a | case=4q9r-spinach-2zy;rank=1;top=mode:1;decoys=10;margin=26.590;topRMSD=0.000;bestDecoyRMSD=8.224;contactSpec=0.000;clashPen=0.000;enrichSets=0;enrichActive=0;enrichDecoy=0;enrichAUC=n/a;enrichMargin=n/a | case=1fmn-fmn-riboswitch;rank=1;top=mode:1;decoys=0;margin=n/a;topRMSD=0.000;bestDecoyRMSD=n/a;contactSpec=n/a;clashPen=n/a;enrichSets=1;enrichActive=1;enrichDecoy=60;enrichAUC=1.000;enrichMargin=10.243 | case=1fmn-fmn-riboswitch-mg;rank=1;top=mode:1;decoys=0;margin=n/a;topRMSD=0.000;bestDecoyRMSD=n/a;contactSpec=n/a;clashPen=n/a;enrichSets=0;enrichActive=0;enrichDecoy=0;enrichAUC=n/a;enrichMargin=n/a | case=2g9c-purine-riboswitch;rank=1;top=mode:1;decoys=0;margin=n/a;topRMSD=0.000;bestDecoyRMSD=n/a;contactSpec=n/a;clashPen=n/a;enrichSets=1;enrichActive=7;enrichDecoy=88;enrichAUC=0.657;enrichMargin=-0.906 | case=4rzd-preq1-riboswitch;rank=1;top=mode:1;decoys=0;margin=n/a;topRMSD=0.000;bestDecoyRMSD=n/a;contactSpec=n/a;clashPen=n/a;enrichSets=1;enrichActive=5;enrichDecoy=74;enrichAUC=0.500;enrichMargin=0.000 | case=2gdi-tpp-riboswitch;rank=1;top=mode:1;decoys=0;margin=n/a;topRMSD=0.000;bestDecoyRMSD=n/a;contactSpec=n/a;clashPen=n/a;enrichSets=1;enrichActive=7;enrichDecoy=266;enrichAUC=0.631;enrichMargin=-14.664 | case=2ygh-sam-riboswitch;rank=1;top=mode:1;decoys=0;margin=n/a;topRMSD=0.000;bestDecoyRMSD=n/a;contactSpec=n/a;clashPen=n/a;enrichSets=1;enrichActive=3;enrichDecoy=238;enrichAUC=0.819;enrichMargin=-1.065 | case=3b4b-glms-riboswitch;rank=1;top=mode:1;decoys=0;margin=n/a;topRMSD=0.000;bestDecoyRMSD=n/a;contactSpec=n/a;clashPen=n/a;enrichSets=1;enrichActive=4;enrichDecoy=165;enrichAUC=0.750;enrichMargin=0.500 | case=2hoj-tpp-riboswitch;rank=1;top=mode:1;decoys=0;margin=n/a;topRMSD=0.000;bestDecoyRMSD=n/a;contactSpec=n/a;clashPen=n/a;enrichSets=2;enrichActive=14;enrichDecoy=532;enrichAUC=0.714;enrichMargin=1.000 | case=3sd3-thf-riboswitch;rank=1;top=mode:1;decoys=0;margin=n/a;topRMSD=0.000;bestDecoyRMSD=n/a;contactSpec=n/a;clashPen=n/a;enrichSets=0;enrichActive=0;enrichDecoy=0;enrichAUC=n/a;enrichMargin=n/a | case=5dhb-gmp-primer-template;rank=1;top=mode:1;decoys=0;margin=n/a;topRMSD=0.000;bestDecoyRMSD=n/a;contactSpec=n/a;clashPen=n/a;enrichSets=0;enrichActive=0;enrichDecoy=0;enrichAUC=n/a;enrichMargin=n/a | case=6c64-mango-ii-ekm;rank=1;top=mode:1;decoys=0;margin=n/a;topRMSD=0.000;bestDecoyRMSD=n/a;contactSpec=n/a;clashPen=n/a;enrichSets=0;enrichActive=0;enrichDecoy=0;enrichAUC=n/a;enrichMargin=n/a | case=5bjp-corn-dfho;rank=1;top=mode:1;decoys=0;margin=n/a;topRMSD=0.000;bestDecoyRMSD=n/a;contactSpec=n/a;clashPen=n/a;enrichSets=0;enrichActive=0;enrichDecoy=0;enrichAUC=n/a;enrichMargin=n/a | case=6wzs-ztp-riboswitch;rank=1;top=mode:1;decoys=0;margin=n/a;topRMSD=0.000;bestDecoyRMSD=n/a;contactSpec=n/a;clashPen=n/a;enrichSets=0;enrichActive=0;enrichDecoy=0;enrichAUC=n/a;enrichMargin=n/a | case=3irw-c-di-gmp-riboswitch;rank=1;top=mode:1;decoys=0;margin=n/a;topRMSD=0.000;bestDecoyRMSD=n/a;contactSpec=n/a;clashPen=n/a;enrichSets=0;enrichActive=0;enrichDecoy=0;enrichAUC=n/a;enrichMargin=n/a | case=4qlm-c-di-amp-riboswitch;rank=1;top=mode:1;decoys=0;margin=n/a;topRMSD=0.000;bestDecoyRMSD=n/a;contactSpec=n/a;clashPen=n/a;enrichSets=0;enrichActive=0;enrichDecoy=0;enrichAUC=n/a;enrichMargin=n/a | case=3d0u-lysine-riboswitch;rank=1;top=mode:1;decoys=0;margin=n/a;topRMSD=0.000;bestDecoyRMSD=n/a;contactSpec=n/a;clashPen=n/a;enrichSets=0;enrichActive=0;enrichDecoy=0;enrichAUC=n/a;enrichMargin=n/a | case=3oww-glycine-riboswitch;rank=1;top=mode:1;decoys=0;margin=n/a;topRMSD=0.000;bestDecoyRMSD=n/a;contactSpec=n/a;clashPen=n/a;enrichSets=0;enrichActive=0;enrichDecoy=0;enrichAUC=n/a;enrichMargin=n/a
-0.180000,-0.500000,-0.500000,-0.220000,2.775253,0.725,-0.699,8,41,1423,1.000000,4.064036,0.562,0.000,0.000,8.224,26.590253,0.000000,0.000000,2.157895,1.000000,case=t6-thrombin-vina;rank=1;top=mode:1;decoys=0;margin=n/a;topRMSD=0.000;bestDecoyRMSD=n/a;contactSpec=n/a;clashPen=n/a;enrichSets=0;enrichActive=0;enrichDecoy=0;enrichAUC=n/a;enrichMargin=n/a | case=4q9r-spinach-2zy;rank=1;top=mode:1;decoys=10;margin=26.590;topRMSD=0.000;bestDecoyRMSD=8.224;contactSpec=0.000;clashPen=0.000;enrichSets=0;enrichActive=0;enrichDecoy=0;enrichAUC=n/a;enrichMargin=n/a | case=1fmn-fmn-riboswitch;rank=1;top=mode:1;decoys=0;margin=n/a;topRMSD=0.000;bestDecoyRMSD=n/a;contactSpec=n/a;clashPen=n/a;enrichSets=1;enrichActive=1;enrichDecoy=60;enrichAUC=1.000;enrichMargin=10.243 | case=1fmn-fmn-riboswitch-mg;rank=1;top=mode:1;decoys=0;margin=n/a;topRMSD=0.000;bestDecoyRMSD=n/a;contactSpec=n/a;clashPen=n/a;enrichSets=0;enrichActive=0;enrichDecoy=0;enrichAUC=n/a;enrichMargin=n/a | case=2g9c-purine-riboswitch;rank=1;top=mode:1;decoys=0;margin=n/a;topRMSD=0.000;bestDecoyRMSD=n/a;contactSpec=n/a;clashPen=n/a;enrichSets=1;enrichActive=7;enrichDecoy=88;enrichAUC=0.657;enrichMargin=-0.906 | case=4rzd-preq1-riboswitch;rank=1;top=mode:1;decoys=0;margin=n/a;topRMSD=0.000;bestDecoyRMSD=n/a;contactSpec=n/a;clashPen=n/a;enrichSets=1;enrichActive=5;enrichDecoy=74;enrichAUC=0.500;enrichMargin=0.000 | case=2gdi-tpp-riboswitch;rank=1;top=mode:1;decoys=0;margin=n/a;topRMSD=0.000;bestDecoyRMSD=n/a;contactSpec=n/a;clashPen=n/a;enrichSets=1;enrichActive=7;enrichDecoy=266;enrichAUC=0.631;enrichMargin=-14.664 | case=2ygh-sam-riboswitch;rank=1;top=mode:1;decoys=0;margin=n/a;topRMSD=0.000;bestDecoyRMSD=n/a;contactSpec=n/a;clashPen=n/a;enrichSets=1;enrichActive=3;enrichDecoy=238;enrichAUC=0.819;enrichMargin=-1.065 | case=3b4b-glms-riboswitch;rank=1;top=mode:1;decoys=0;margin=n/a;topRMSD=0.000;bestDecoyRMSD=n/a;contactSpec=n/a;clashPen=n/a;enrichSets=1;enrichActive=4;enrichDecoy=165;enrichAUC=0.750;enrichMargin=0.500 | case=2hoj-tpp-riboswitch;rank=1;top=mode:1;decoys=0;margin=n/a;topRMSD=0.000;bestDecoyRMSD=n/a;contactSpec=n/a;clashPen=n/a;enrichSets=2;enrichActive=14;enrichDecoy=532;enrichAUC=0.714;enrichMargin=1.000 | case=3sd3-thf-riboswitch;rank=1;top=mode:1;decoys=0;margin=n/a;topRMSD=0.000;bestDecoyRMSD=n/a;contactSpec=n/a;clashPen=n/a;enrichSets=0;enrichActive=0;enrichDecoy=0;enrichAUC=n/a;enrichMargin=n/a | case=5dhb-gmp-primer-template;rank=1;top=mode:1;decoys=0;margin=n/a;topRMSD=0.000;bestDecoyRMSD=n/a;contactSpec=n/a;clashPen=n/a;enrichSets=0;enrichActive=0;enrichDecoy=0;enrichAUC=n/a;enrichMargin=n/a | case=6c64-mango-ii-ekm;rank=1;top=mode:1;decoys=0;margin=n/a;topRMSD=0.000;bestDecoyRMSD=n/a;contactSpec=n/a;clashPen=n/a;enrichSets=0;enrichActive=0;enrichDecoy=0;enrichAUC=n/a;enrichMargin=n/a | case=5bjp-corn-dfho;rank=1;top=mode:1;decoys=0;margin=n/a;topRMSD=0.000;bestDecoyRMSD=n/a;contactSpec=n/a;clashPen=n/a;enrichSets=0;enrichActive=0;enrichDecoy=0;enrichAUC=n/a;enrichMargin=n/a | case=6wzs-ztp-riboswitch;rank=1;top=mode:1;decoys=0;margin=n/a;topRMSD=0.000;bestDecoyRMSD=n/a;contactSpec=n/a;clashPen=n/a;enrichSets=0;enrichActive=0;enrichDecoy=0;enrichAUC=n/a;enrichMargin=n/a | case=3irw-c-di-gmp-riboswitch;rank=1;top=mode:1;decoys=0;margin=n/a;topRMSD=0.000;bestDecoyRMSD=n/a;contactSpec=n/a;clashPen=n/a;enrichSets=0;enrichActive=0;enrichDecoy=0;enrichAUC=n/a;enrichMargin=n/a | case=4qlm-c-di-amp-riboswitch;rank=1;top=mode:1;decoys=0;margin=n/a;topRMSD=0.000;bestDecoyRMSD=n/a;contactSpec=n/a;clashPen=n/a;enrichSets=0;enrichActive=0;enrichDecoy=0;enrichAUC=n/a;enrichMargin=n/a | case=3d0u-lysine-riboswitch;rank=1;top=mode:1;decoys=0;margin=n/a;topRMSD=0.000;bestDecoyRMSD=n/a;contactSpec=n/a;clashPen=n/a;enrichSets=0;enrichActive=0;enrichDecoy=0;enrichAUC=n/a;enrichMargin=n/a | case=3oww-glycine-riboswitch;rank=1;top=mode:1;decoys=0;margin=n/a;topRMSD=0.000;bestDecoyRMSD=n/a;contactSpec=n/a;clashPen=n/a;enrichSets=0;enrichActive=0;enrichDecoy=0;enrichAUC=n/a;enrichMargin=n/a
-0.180000,-0.500000,-0.500000,-0.350000,2.775253,0.725,-0.699,8,41,1423,1.000000,4.064036,0.562,0.000,0.000,8.224,26.590253,0.000000,0.000000,2.157895,1.000000,case=t6-thrombin-vina;rank=1;top=mode:1;decoys=0;margin=n/a;topRMSD=0.000;bestDecoyRMSD=n/a;contactSpec=n/a;clashPen=n/a;enrichSets=0;enrichActive=0;enrichDecoy=0;enrichAUC=n/a;enrichMargin=n/a | case=4q9r-spinach-2zy;rank=1;top=mode:1;decoys=10;margin=26.590;topRMSD=0.000;bestDecoyRMSD=8.224;contactSpec=0.000;clashPen=0.000;enrichSets=0;enrichActive=0;enrichDecoy=0;enrichAUC=n/a;enrichMargin=n/a | case=1fmn-fmn-riboswitch;rank=1;top=mode:1;decoys=0;margin=n/a;topRMSD=0.000;bestDecoyRMSD=n/a;contactSpec=n/a;clashPen=n/a;enrichSets=1;enrichActive=1;enrichDecoy=60;enrichAUC=1.000;enrichMargin=10.243 | case=1fmn-fmn-riboswitch-mg;rank=1;top=mode:1;decoys=0;margin=n/a;topRMSD=0.000;bestDecoyRMSD=n/a;contactSpec=n/a;clashPen=n/a;enrichSets=0;enrichActive=0;enrichDecoy=0;enrichAUC=n/a;enrichMargin=n/a | case=2g9c-purine-riboswitch;rank=1;top=mode:1;decoys=0;margin=n/a;topRMSD=0.000;bestDecoyRMSD=n/a;contactSpec=n/a;clashPen=n/a;enrichSets=1;enrichActive=7;enrichDecoy=88;enrichAUC=0.657;enrichMargin=-0.906 | case=4rzd-preq1-riboswitch;rank=1;top=mode:1;decoys=0;margin=n/a;topRMSD=0.000;bestDecoyRMSD=n/a;contactSpec=n/a;clashPen=n/a;enrichSets=1;enrichActive=5;enrichDecoy=74;enrichAUC=0.500;enrichMargin=0.000 | case=2gdi-tpp-riboswitch;rank=1;top=mode:1;decoys=0;margin=n/a;topRMSD=0.000;bestDecoyRMSD=n/a;contactSpec=n/a;clashPen=n/a;enrichSets=1;enrichActive=7;enrichDecoy=266;enrichAUC=0.631;enrichMargin=-14.664 | case=2ygh-sam-riboswitch;rank=1;top=mode:1;decoys=0;margin=n/a;topRMSD=0.000;bestDecoyRMSD=n/a;contactSpec=n/a;clashPen=n/a;enrichSets=1;enrichActive=3;enrichDecoy=238;enrichAUC=0.819;enrichMargin=-1.065 | case=3b4b-glms-riboswitch;rank=1;top=mode:1;decoys=0;margin=n/a;topRMSD=0.000;bestDecoyRMSD=n/a;contactSpec=n/a;clashPen=n/a;enrichSets=1;enrichActive=4;enrichDecoy=165;enrichAUC=0.750;enrichMargin=0.500 | case=2hoj-tpp-riboswitch;rank=1;top=mode:1;decoys=0;margin=n/a;topRMSD=0.000;bestDecoyRMSD=n/a;contactSpec=n/a;clashPen=n/a;enrichSets=2;enrichActive=14;enrichDecoy=532;enrichAUC=0.714;enrichMargin=1.000 | case=3sd3-thf-riboswitch;rank=1;top=mode:1;decoys=0;margin=n/a;topRMSD=0.000;bestDecoyRMSD=n/a;contactSpec=n/a;clashPen=n/a;enrichSets=0;enrichActive=0;enrichDecoy=0;enrichAUC=n/a;enrichMargin=n/a | case=5dhb-gmp-primer-template;rank=1;top=mode:1;decoys=0;margin=n/a;topRMSD=0.000;bestDecoyRMSD=n/a;contactSpec=n/a;clashPen=n/a;enrichSets=0;enrichActive=0;enrichDecoy=0;enrichAUC=n/a;enrichMargin=n/a | case=6c64-mango-ii-ekm;rank=1;top=mode:1;decoys=0;margin=n/a;topRMSD=0.000;bestDecoyRMSD=n/a;contactSpec=n/a;clashPen=n/a;enrichSets=0;enrichActive=0;enrichDecoy=0;enrichAUC=n/a;enrichMargin=n/a | case=5bjp-corn-dfho;rank=1;top=mode:1;decoys=0;margin=n/a;topRMSD=0.000;bestDecoyRMSD=n/a;contactSpec=n/a;clashPen=n/a;enrichSets=0;enrichActive=0;enrichDecoy=0;enrichAUC=n/a;enrichMargin=n/a | case=6wzs-ztp-riboswitch;rank=1;top=mode:1;decoys=0;margin=n/a;topRMSD=0.000;bestDecoyRMSD=n/a;contactSpec=n/a;clashPen=n/a;enrichSets=0;enrichActive=0;enrichDecoy=0;enrichAUC=n/a;enrichMargin=n/a | case=3irw-c-di-gmp-riboswitch;rank=1;top=mode:1;decoys=0;margin=n/a;topRMSD=0.000;bestDecoyRMSD=n/a;contactSpec=n/a;clashPen=n/a;enrichSets=0;enrichActive=0;enrichDecoy=0;enrichAUC=n/a;enrichMargin=n/a | case=4qlm-c-di-amp-riboswitch;rank=1;top=mode:1;decoys=0;margin=n/a;topRMSD=0.000;bestDecoyRMSD=n/a;contactSpec=n/a;clashPen=n/a;enrichSets=0;enrichActive=0;enrichDecoy=0;enrichAUC=n/a;enrichMargin=n/a | case=3d0u-lysine-riboswitch;rank=1;top=mode:1;decoys=0;margin=n/a;topRMSD=0.000;bestDecoyRMSD=n/a;contactSpec=n/a;clashPen=n/a;enrichSets=0;enrichActive=0;enrichDecoy=0;enrichAUC=n/a;enrichMargin=n/a | case=3oww-glycine-riboswitch;rank=1;top=mode:1;decoys=0;margin=n/a;topRMSD=0.000;bestDecoyRMSD=n/a;contactSpec=n/a;clashPen=n/a;enrichSets=0;enrichActive=0;enrichDecoy=0;enrichAUC=n/a;enrichMargin=n/a
-0.120000,-0.500000,-0.500000,-0.100000,2.786187,0.725,-0.708,8,41,1423,1.000000,4.080762,0.562,0.000,0.000,8.224,26.590268,0.000000,0.000000,2.157895,1.000000,case=t6-thrombin-vina;rank=1;top=mode:1;decoys=0;margin=n/a;topRMSD=0.000;bestDecoyRMSD=n/a;contactSpec=n/a;clashPen=n/a;enrichSets=0;enrichActive=0;enrichDecoy=0;enrichAUC=n/a;enrichMargin=n/a | case=4q9r-spinach-2zy;rank=1;top=mode:1;decoys=10;margin=26.590;topRMSD=0.000;bestDecoyRMSD=8.224;contactSpec=0.000;clashPen=0.000;enrichSets=0;enrichActive=0;enrichDecoy=0;enrichAUC=n/a;enrichMargin=n/a | case=1fmn-fmn-riboswitch;rank=1;top=mode:1;decoys=0;margin=n/a;topRMSD=0.000;bestDecoyRMSD=n/a;contactSpec=n/a;clashPen=n/a;enrichSets=1;enrichActive=1;enrichDecoy=60;enrichAUC=1.000;enrichMargin=10.138 | case=1fmn-fmn-riboswitch-mg;rank=1;top=mode:1;decoys=0;margin=n/a;topRMSD=0.000;bestDecoyRMSD=n/a;contactSpec=n/a;clashPen=n/a;enrichSets=0;enrichActive=0;enrichDecoy=0;enrichAUC=n/a;enrichMargin=n/a | case=2g9c-purine-riboswitch;rank=1;top=mode:1;decoys=0;margin=n/a;topRMSD=0.000;bestDecoyRMSD=n/a;contactSpec=n/a;clashPen=n/a;enrichSets=1;enrichActive=7;enrichDecoy=88;enrichAUC=0.657;enrichMargin=-0.906 | case=4rzd-preq1-riboswitch;rank=1;top=mode:1;decoys=0;margin=n/a;topRMSD=0.000;bestDecoyRMSD=n/a;contactSpec=n/a;clashPen=n/a;enrichSets=1;enrichActive=5;enrichDecoy=74;enrichAUC=0.500;enrichMargin=0.000 | case=2gdi-tpp-riboswitch;rank=1;top=mode:1;decoys=0;margin=n/a;topRMSD=0.000;bestDecoyRMSD=n/a;contactSpec=n/a;clashPen=n/a;enrichSets=1;enrichActive=7;enrichDecoy=266;enrichAUC=0.630;enrichMargin=-14.656 | case=2ygh-sam-riboswitch;rank=1;top=mode:1;decoys=0;margin=n/a;topRMSD=0.000;bestDecoyRMSD=n/a;contactSpec=n/a;clashPen=n/a;enrichSets=1;enrichActive=3;enrichDecoy=238;enrichAUC=0.821;enrichMargin=-1.032 | case=3b4b-glms-riboswitch;rank=1;top=mode:1;decoys=0;margin=n/a;topRMSD=0.000;bestDecoyRMSD=n/a;contactSpec=n/a;clashPen=n/a;enrichSets=1;enrichActive=4;enrichDecoy=165;enrichAUC=0.750;enrichMargin=0.500 | case=2hoj-tpp-riboswitch;rank=1;top=mode:1;decoys=0;margin=n/a;topRMSD=0.000;bestDecoyRMSD=n/a;contactSpec=n/a;clashPen=n/a;enrichSets=2;enrichActive=14;enrichDecoy=532;enrichAUC=0.714;enrichMargin=1.000 | case=3sd3-thf-riboswitch;rank=1;top=mode:1;decoys=0;margin=n/a;topRMSD=0.000;bestDecoyRMSD=n/a;contactSpec=n/a;clashPen=n/a;enrichSets=0;enrichActive=0;enrichDecoy=0;enrichAUC=n/a;enrichMargin=n/a | case=5dhb-gmp-primer-template;rank=1;top=mode:1;decoys=0;margin=n/a;topRMSD=0.000;bestDecoyRMSD=n/a;contactSpec=n/a;clashPen=n/a;enrichSets=0;enrichActive=0;enrichDecoy=0;enrichAUC=n/a;enrichMargin=n/a | case=6c64-mango-ii-ekm;rank=1;top=mode:1;decoys=0;margin=n/a;topRMSD=0.000;bestDecoyRMSD=n/a;contactSpec=n/a;clashPen=n/a;enrichSets=0;enrichActive=0;enrichDecoy=0;enrichAUC=n/a;enrichMargin=n/a | case=5bjp-corn-dfho;rank=1;top=mode:1;decoys=0;margin=n/a;topRMSD=0.000;bestDecoyRMSD=n/a;contactSpec=n/a;clashPen=n/a;enrichSets=0;enrichActive=0;enrichDecoy=0;enrichAUC=n/a;enrichMargin=n/a | case=6wzs-ztp-riboswitch;rank=1;top=mode:1;decoys=0;margin=n/a;topRMSD=0.000;bestDecoyRMSD=n/a;contactSpec=n/a;clashPen=n/a;enrichSets=0;enrichActive=0;enrichDecoy=0;enrichAUC=n/a;enrichMargin=n/a | case=3irw-c-di-gmp-riboswitch;rank=1;top=mode:1;decoys=0;margin=n/a;topRMSD=0.000;bestDecoyRMSD=n/a;contactSpec=n/a;clashPen=n/a;enrichSets=0;enrichActive=0;enrichDecoy=0;enrichAUC=n/a;enrichMargin=n/a | case=4qlm-c-di-amp-riboswitch;rank=1;top=mode:1;decoys=0;margin=n/a;topRMSD=0.000;bestDecoyRMSD=n/a;contactSpec=n/a;clashPen=n/a;enrichSets=0;enrichActive=0;enrichDecoy=0;enrichAUC=n/a;enrichMargin=n/a | case=3d0u-lysine-riboswitch;rank=1;top=mode:1;decoys=0;margin=n/a;topRMSD=0.000;bestDecoyRMSD=n/a;contactSpec=n/a;clashPen=n/a;enrichSets=0;enrichActive=0;enrichDecoy=0;enrichAUC=n/a;enrichMargin=n/a | case=3oww-glycine-riboswitch;rank=1;top=mode:1;decoys=0;margin=n/a;topRMSD=0.000;bestDecoyRMSD=n/a;contactSpec=n/a;clashPen=n/a;enrichSets=0;enrichActive=0;enrichDecoy=0;enrichAUC=n/a;enrichMargin=n/a
-0.120000,-0.500000,-0.500000,-0.220000,2.786187,0.725,-0.708,8,41,1423,1.000000,4.080762,0.562,0.000,0.000,8.224,26.590268,0.000000,0.000000,2.157895,1.000000,case=t6-thrombin-vina;rank=1;top=mode:1;decoys=0;margin=n/a;topRMSD=0.000;bestDecoyRMSD=n/a;contactSpec=n/a;clashPen=n/a;enrichSets=0;enrichActive=0;enrichDecoy=0;enrichAUC=n/a;enrichMargin=n/a | case=4q9r-spinach-2zy;rank=1;top=mode:1;decoys=10;margin=26.590;topRMSD=0.000;bestDecoyRMSD=8.224;contactSpec=0.000;clashPen=0.000;enrichSets=0;enrichActive=0;enrichDecoy=0;enrichAUC=n/a;enrichMargin=n/a | case=1fmn-fmn-riboswitch;rank=1;top=mode:1;decoys=0;margin=n/a;topRMSD=0.000;bestDecoyRMSD=n/a;contactSpec=n/a;clashPen=n/a;enrichSets=1;enrichActive=1;enrichDecoy=60;enrichAUC=1.000;enrichMargin=10.138 | case=1fmn-fmn-riboswitch-mg;rank=1;top=mode:1;decoys=0;margin=n/a;topRMSD=0.000;bestDecoyRMSD=n/a;contactSpec=n/a;clashPen=n/a;enrichSets=0;enrichActive=0;enrichDecoy=0;enrichAUC=n/a;enrichMargin=n/a | case=2g9c-purine-riboswitch;rank=1;top=mode:1;decoys=0;margin=n/a;topRMSD=0.000;bestDecoyRMSD=n/a;contactSpec=n/a;clashPen=n/a;enrichSets=1;enrichActive=7;enrichDecoy=88;enrichAUC=0.657;enrichMargin=-0.906 | case=4rzd-preq1-riboswitch;rank=1;top=mode:1;decoys=0;margin=n/a;topRMSD=0.000;bestDecoyRMSD=n/a;contactSpec=n/a;clashPen=n/a;enrichSets=1;enrichActive=5;enrichDecoy=74;enrichAUC=0.500;enrichMargin=0.000 | case=2gdi-tpp-riboswitch;rank=1;top=mode:1;decoys=0;margin=n/a;topRMSD=0.000;bestDecoyRMSD=n/a;contactSpec=n/a;clashPen=n/a;enrichSets=1;enrichActive=7;enrichDecoy=266;enrichAUC=0.630;enrichMargin=-14.656 | case=2ygh-sam-riboswitch;rank=1;top=mode:1;decoys=0;margin=n/a;topRMSD=0.000;bestDecoyRMSD=n/a;contactSpec=n/a;clashPen=n/a;enrichSets=1;enrichActive=3;enrichDecoy=238;enrichAUC=0.821;enrichMargin=-1.032 | case=3b4b-glms-riboswitch;rank=1;top=mode:1;decoys=0;margin=n/a;topRMSD=0.000;bestDecoyRMSD=n/a;contactSpec=n/a;clashPen=n/a;enrichSets=1;enrichActive=4;enrichDecoy=165;enrichAUC=0.750;enrichMargin=0.500 | case=2hoj-tpp-riboswitch;rank=1;top=mode:1;decoys=0;margin=n/a;topRMSD=0.000;bestDecoyRMSD=n/a;contactSpec=n/a;clashPen=n/a;enrichSets=2;enrichActive=14;enrichDecoy=532;enrichAUC=0.714;enrichMargin=1.000 | case=3sd3-thf-riboswitch;rank=1;top=mode:1;decoys=0;margin=n/a;topRMSD=0.000;bestDecoyRMSD=n/a;contactSpec=n/a;clashPen=n/a;enrichSets=0;enrichActive=0;enrichDecoy=0;enrichAUC=n/a;enrichMargin=n/a | case=5dhb-gmp-primer-template;rank=1;top=mode:1;decoys=0;margin=n/a;topRMSD=0.000;bestDecoyRMSD=n/a;contactSpec=n/a;clashPen=n/a;enrichSets=0;enrichActive=0;enrichDecoy=0;enrichAUC=n/a;enrichMargin=n/a | case=6c64-mango-ii-ekm;rank=1;top=mode:1;decoys=0;margin=n/a;topRMSD=0.000;bestDecoyRMSD=n/a;contactSpec=n/a;clashPen=n/a;enrichSets=0;enrichActive=0;enrichDecoy=0;enrichAUC=n/a;enrichMargin=n/a | case=5bjp-corn-dfho;rank=1;top=mode:1;decoys=0;margin=n/a;topRMSD=0.000;bestDecoyRMSD=n/a;contactSpec=n/a;clashPen=n/a;enrichSets=0;enrichActive=0;enrichDecoy=0;enrichAUC=n/a;enrichMargin=n/a | case=6wzs-ztp-riboswitch;rank=1;top=mode:1;decoys=0;margin=n/a;topRMSD=0.000;bestDecoyRMSD=n/a;contactSpec=n/a;clashPen=n/a;enrichSets=0;enrichActive=0;enrichDecoy=0;enrichAUC=n/a;enrichMargin=n/a | case=3irw-c-di-gmp-riboswitch;rank=1;top=mode:1;decoys=0;margin=n/a;topRMSD=0.000;bestDecoyRMSD=n/a;contactSpec=n/a;clashPen=n/a;enrichSets=0;enrichActive=0;enrichDecoy=0;enrichAUC=n/a;enrichMargin=n/a | case=4qlm-c-di-amp-riboswitch;rank=1;top=mode:1;decoys=0;margin=n/a;topRMSD=0.000;bestDecoyRMSD=n/a;contactSpec=n/a;clashPen=n/a;enrichSets=0;enrichActive=0;enrichDecoy=0;enrichAUC=n/a;enrichMargin=n/a | case=3d0u-lysine-riboswitch;rank=1;top=mode:1;decoys=0;margin=n/a;topRMSD=0.000;bestDecoyRMSD=n/a;contactSpec=n/a;clashPen=n/a;enrichSets=0;enrichActive=0;enrichDecoy=0;enrichAUC=n/a;enrichMargin=n/a | case=3oww-glycine-riboswitch;rank=1;top=mode:1;decoys=0;margin=n/a;topRMSD=0.000;bestDecoyRMSD=n/a;contactSpec=n/a;clashPen=n/a;enrichSets=0;enrichActive=0;enrichDecoy=0;enrichAUC=n/a;enrichMargin=n/a
-0.120000,-0.500000,-0.500000,-0.350000,2.786187,0.725,-0.708,8,41,1423,1.000000,4.080762,0.562,0.000,0.000,8.224,26.590268,0.000000,0.000000,2.157895,1.000000,case=t6-thrombin-vina;rank=1;top=mode:1;decoys=0;margin=n/a;topRMSD=0.000;bestDecoyRMSD=n/a;contactSpec=n/a;clashPen=n/a;enrichSets=0;enrichActive=0;enrichDecoy=0;enrichAUC=n/a;enrichMargin=n/a | case=4q9r-spinach-2zy;rank=1;top=mode:1;decoys=10;margin=26.590;topRMSD=0.000;bestDecoyRMSD=8.224;contactSpec=0.000;clashPen=0.000;enrichSets=0;enrichActive=0;enrichDecoy=0;enrichAUC=n/a;enrichMargin=n/a | case=1fmn-fmn-riboswitch;rank=1;top=mode:1;decoys=0;margin=n/a;topRMSD=0.000;bestDecoyRMSD=n/a;contactSpec=n/a;clashPen=n/a;enrichSets=1;enrichActive=1;enrichDecoy=60;enrichAUC=1.000;enrichMargin=10.138 | case=1fmn-fmn-riboswitch-mg;rank=1;top=mode:1;decoys=0;margin=n/a;topRMSD=0.000;bestDecoyRMSD=n/a;contactSpec=n/a;clashPen=n/a;enrichSets=0;enrichActive=0;enrichDecoy=0;enrichAUC=n/a;enrichMargin=n/a | case=2g9c-purine-riboswitch;rank=1;top=mode:1;decoys=0;margin=n/a;topRMSD=0.000;bestDecoyRMSD=n/a;contactSpec=n/a;clashPen=n/a;enrichSets=1;enrichActive=7;enrichDecoy=88;enrichAUC=0.657;enrichMargin=-0.906 | case=4rzd-preq1-riboswitch;rank=1;top=mode:1;decoys=0;margin=n/a;topRMSD=0.000;bestDecoyRMSD=n/a;contactSpec=n/a;clashPen=n/a;enrichSets=1;enrichActive=5;enrichDecoy=74;enrichAUC=0.500;enrichMargin=0.000 | case=2gdi-tpp-riboswitch;rank=1;top=mode:1;decoys=0;margin=n/a;topRMSD=0.000;bestDecoyRMSD=n/a;contactSpec=n/a;clashPen=n/a;enrichSets=1;enrichActive=7;enrichDecoy=266;enrichAUC=0.630;enrichMargin=-14.656 | case=2ygh-sam-riboswitch;rank=1;top=mode:1;decoys=0;margin=n/a;topRMSD=0.000;bestDecoyRMSD=n/a;contactSpec=n/a;clashPen=n/a;enrichSets=1;enrichActive=3;enrichDecoy=238;enrichAUC=0.821;enrichMargin=-1.032 | case=3b4b-glms-riboswitch;rank=1;top=mode:1;decoys=0;margin=n/a;topRMSD=0.000;bestDecoyRMSD=n/a;contactSpec=n/a;clashPen=n/a;enrichSets=1;enrichActive=4;enrichDecoy=165;enrichAUC=0.750;enrichMargin=0.500 | case=2hoj-tpp-riboswitch;rank=1;top=mode:1;decoys=0;margin=n/a;topRMSD=0.000;bestDecoyRMSD=n/a;contactSpec=n/a;clashPen=n/a;enrichSets=2;enrichActive=14;enrichDecoy=532;enrichAUC=0.714;enrichMargin=1.000 | case=3sd3-thf-riboswitch;rank=1;top=mode:1;decoys=0;margin=n/a;topRMSD=0.000;bestDecoyRMSD=n/a;contactSpec=n/a;clashPen=n/a;enrichSets=0;enrichActive=0;enrichDecoy=0;enrichAUC=n/a;enrichMargin=n/a | case=5dhb-gmp-primer-template;rank=1;top=mode:1;decoys=0;margin=n/a;topRMSD=0.000;bestDecoyRMSD=n/a;contactSpec=n/a;clashPen=n/a;enrichSets=0;enrichActive=0;enrichDecoy=0;enrichAUC=n/a;enrichMargin=n/a | case=6c64-mango-ii-ekm;rank=1;top=mode:1;decoys=0;margin=n/a;topRMSD=0.000;bestDecoyRMSD=n/a;contactSpec=n/a;clashPen=n/a;enrichSets=0;enrichActive=0;enrichDecoy=0;enrichAUC=n/a;enrichMargin=n/a | case=5bjp-corn-dfho;rank=1;top=mode:1;decoys=0;margin=n/a;topRMSD=0.000;bestDecoyRMSD=n/a;contactSpec=n/a;clashPen=n/a;enrichSets=0;enrichActive=0;enrichDecoy=0;enrichAUC=n/a;enrichMargin=n/a | case=6wzs-ztp-riboswitch;rank=1;top=mode:1;decoys=0;margin=n/a;topRMSD=0.000;bestDecoyRMSD=n/a;contactSpec=n/a;clashPen=n/a;enrichSets=0;enrichActive=0;enrichDecoy=0;enrichAUC=n/a;enrichMargin=n/a | case=3irw-c-di-gmp-riboswitch;rank=1;top=mode:1;decoys=0;margin=n/a;topRMSD=0.000;bestDecoyRMSD=n/a;contactSpec=n/a;clashPen=n/a;enrichSets=0;enrichActive=0;enrichDecoy=0;enrichAUC=n/a;enrichMargin=n/a | case=4qlm-c-di-amp-riboswitch;rank=1;top=mode:1;decoys=0;margin=n/a;topRMSD=0.000;bestDecoyRMSD=n/a;contactSpec=n/a;clashPen=n/a;enrichSets=0;enrichActive=0;enrichDecoy=0;enrichAUC=n/a;enrichMargin=n/a | case=3d0u-lysine-riboswitch;rank=1;top=mode:1;decoys=0;margin=n/a;topRMSD=0.000;bestDecoyRMSD=n/a;contactSpec=n/a;clashPen=n/a;enrichSets=0;enrichActive=0;enrichDecoy=0;enrichAUC=n/a;enrichMargin=n/a | case=3oww-glycine-riboswitch;rank=1;top=mode:1;decoys=0;margin=n/a;topRMSD=0.000;bestDecoyRMSD=n/a;contactSpec=n/a;clashPen=n/a;enrichSets=0;enrichActive=0;enrichDecoy=0;enrichAUC=n/a;enrichMargin=n/a
-0.080000,-0.500000,-0.500000,-0.100000,2.794092,0.724,-0.714,8,41,1423,1.000000,4.091912,0.562,0.000,0.000,8.224,26.590278,0.000000,0.000000,2.157895,1.000000,case=t6-thrombin-vina;rank=1;top=mode:1;decoys=0;margin=n/a;topRMSD=0.000;bestDecoyRMSD=n/a;contactSpec=n/a;clashPen=n/a;enrichSets=0;enrichActive=0;enrichDecoy=0;enrichAUC=n/a;enrichMargin=n/a | case=4q9r-spinach-2zy;rank=1;top=mode:1;decoys=10;margin=26.590;topRMSD=0.000;bestDecoyRMSD=8.224;contactSpec=0.000;clashPen=0.000;enrichSets=0;enrichActive=0;enrichDecoy=0;enrichAUC=n/a;enrichMargin=n/a | case=1fmn-fmn-riboswitch;rank=1;top=mode:1;decoys=0;margin=n/a;topRMSD=0.000;bestDecoyRMSD=n/a;contactSpec=n/a;clashPen=n/a;enrichSets=1;enrichActive=1;enrichDecoy=60;enrichAUC=1.000;enrichMargin=10.068 | case=1fmn-fmn-riboswitch-mg;rank=1;top=mode:1;decoys=0;margin=n/a;topRMSD=0.000;bestDecoyRMSD=n/a;contactSpec=n/a;clashPen=n/a;enrichSets=0;enrichActive=0;enrichDecoy=0;enrichAUC=n/a;enrichMargin=n/a | case=2g9c-purine-riboswitch;rank=1;top=mode:1;decoys=0;margin=n/a;topRMSD=0.000;bestDecoyRMSD=n/a;contactSpec=n/a;clashPen=n/a;enrichSets=1;enrichActive=7;enrichDecoy=88;enrichAUC=0.656;enrichMargin=-0.906 | case=4rzd-preq1-riboswitch;rank=1;top=mode:1;decoys=0;margin=n/a;topRMSD=0.000;bestDecoyRMSD=n/a;contactSpec=n/a;clashPen=n/a;enrichSets=1;enrichActive=5;enrichDecoy=74;enrichAUC=0.500;enrichMargin=0.000 | case=2gdi-tpp-riboswitch;rank=1;top=mode:1;decoys=0;margin=n/a;topRMSD=0.000;bestDecoyRMSD=n/a;contactSpec=n/a;clashPen=n/a;enrichSets=1;enrichActive=7;enrichDecoy=266;enrichAUC=0.628;enrichMargin=-14.651 | case=2ygh-sam-riboswitch;rank=1;top=mode:1;decoys=0;margin=n/a;topRMSD=0.000;bestDecoyRMSD=n/a;contactSpec=n/a;clashPen=n/a;enrichSets=1;enrichActive=3;enrichDecoy=238;enrichAUC=0.821;enrichMargin=-1.010 | case=3b4b-glms-riboswitch;rank=1;top=mode:1;decoys=0;margin=n/a;topRMSD=0.000;bestDecoyRMSD=n/a;contactSpec=n/a;clashPen=n/a;enrichSets=1;enrichActive=4;enrichDecoy=165;enrichAUC=0.750;enrichMargin=0.500 | case=2hoj-tpp-riboswitch;rank=1;top=mode:1;decoys=0;margin=n/a;topRMSD=0.000;bestDecoyRMSD=n/a;contactSpec=n/a;clashPen=n/a;enrichSets=2;enrichActive=14;enrichDecoy=532;enrichAUC=0.714;enrichMargin=1.000 | case=3sd3-thf-riboswitch;rank=1;top=mode:1;decoys=0;margin=n/a;topRMSD=0.000;bestDecoyRMSD=n/a;contactSpec=n/a;clashPen=n/a;enrichSets=0;enrichActive=0;enrichDecoy=0;enrichAUC=n/a;enrichMargin=n/a | case=5dhb-gmp-primer-template;rank=1;top=mode:1;decoys=0;margin=n/a;topRMSD=0.000;bestDecoyRMSD=n/a;contactSpec=n/a;clashPen=n/a;enrichSets=0;enrichActive=0;enrichDecoy=0;enrichAUC=n/a;enrichMargin=n/a | case=6c64-mango-ii-ekm;rank=1;top=mode:1;decoys=0;margin=n/a;topRMSD=0.000;bestDecoyRMSD=n/a;contactSpec=n/a;clashPen=n/a;enrichSets=0;enrichActive=0;enrichDecoy=0;enrichAUC=n/a;enrichMargin=n/a | case=5bjp-corn-dfho;rank=1;top=mode:1;decoys=0;margin=n/a;topRMSD=0.000;bestDecoyRMSD=n/a;contactSpec=n/a;clashPen=n/a;enrichSets=0;enrichActive=0;enrichDecoy=0;enrichAUC=n/a;enrichMargin=n/a | case=6wzs-ztp-riboswitch;rank=1;top=mode:1;decoys=0;margin=n/a;topRMSD=0.000;bestDecoyRMSD=n/a;contactSpec=n/a;clashPen=n/a;enrichSets=0;enrichActive=0;enrichDecoy=0;enrichAUC=n/a;enrichMargin=n/a | case=3irw-c-di-gmp-riboswitch;rank=1;top=mode:1;decoys=0;margin=n/a;topRMSD=0.000;bestDecoyRMSD=n/a;contactSpec=n/a;clashPen=n/a;enrichSets=0;enrichActive=0;enrichDecoy=0;enrichAUC=n/a;enrichMargin=n/a | case=4qlm-c-di-amp-riboswitch;rank=1;top=mode:1;decoys=0;margin=n/a;topRMSD=0.000;bestDecoyRMSD=n/a;contactSpec=n/a;clashPen=n/a;enrichSets=0;enrichActive=0;enrichDecoy=0;enrichAUC=n/a;enrichMargin=n/a | case=3d0u-lysine-riboswitch;rank=1;top=mode:1;decoys=0;margin=n/a;topRMSD=0.000;bestDecoyRMSD=n/a;contactSpec=n/a;clashPen=n/a;enrichSets=0;enrichActive=0;enrichDecoy=0;enrichAUC=n/a;enrichMargin=n/a | case=3oww-glycine-riboswitch;rank=1;top=mode:1;decoys=0;margin=n/a;topRMSD=0.000;bestDecoyRMSD=n/a;contactSpec=n/a;clashPen=n/a;enrichSets=0;enrichActive=0;enrichDecoy=0;enrichAUC=n/a;enrichMargin=n/a
-0.080000,-0.500000,-0.500000,-0.220000,2.794092,0.724,-0.714,8,41,1423,1.000000,4.091912,0.562,0.000,0.000,8.224,26.590278,0.000000,0.000000,2.157895,1.000000,case=t6-thrombin-vina;rank=1;top=mode:1;decoys=0;margin=n/a;topRMSD=0.000;bestDecoyRMSD=n/a;contactSpec=n/a;clashPen=n/a;enrichSets=0;enrichActive=0;enrichDecoy=0;enrichAUC=n/a;enrichMargin=n/a | case=4q9r-spinach-2zy;rank=1;top=mode:1;decoys=10;margin=26.590;topRMSD=0.000;bestDecoyRMSD=8.224;contactSpec=0.000;clashPen=0.000;enrichSets=0;enrichActive=0;enrichDecoy=0;enrichAUC=n/a;enrichMargin=n/a | case=1fmn-fmn-riboswitch;rank=1;top=mode:1;decoys=0;margin=n/a;topRMSD=0.000;bestDecoyRMSD=n/a;contactSpec=n/a;clashPen=n/a;enrichSets=1;enrichActive=1;enrichDecoy=60;enrichAUC=1.000;enrichMargin=10.068 | case=1fmn-fmn-riboswitch-mg;rank=1;top=mode:1;decoys=0;margin=n/a;topRMSD=0.000;bestDecoyRMSD=n/a;contactSpec=n/a;clashPen=n/a;enrichSets=0;enrichActive=0;enrichDecoy=0;enrichAUC=n/a;enrichMargin=n/a | case=2g9c-purine-riboswitch;rank=1;top=mode:1;decoys=0;margin=n/a;topRMSD=0.000;bestDecoyRMSD=n/a;contactSpec=n/a;clashPen=n/a;enrichSets=1;enrichActive=7;enrichDecoy=88;enrichAUC=0.656;enrichMargin=-0.906 | case=4rzd-preq1-riboswitch;rank=1;top=mode:1;decoys=0;margin=n/a;topRMSD=0.000;bestDecoyRMSD=n/a;contactSpec=n/a;clashPen=n/a;enrichSets=1;enrichActive=5;enrichDecoy=74;enrichAUC=0.500;enrichMargin=0.000 | case=2gdi-tpp-riboswitch;rank=1;top=mode:1;decoys=0;margin=n/a;topRMSD=0.000;bestDecoyRMSD=n/a;contactSpec=n/a;clashPen=n/a;enrichSets=1;enrichActive=7;enrichDecoy=266;enrichAUC=0.628;enrichMargin=-14.651 | case=2ygh-sam-riboswitch;rank=1;top=mode:1;decoys=0;margin=n/a;topRMSD=0.000;bestDecoyRMSD=n/a;contactSpec=n/a;clashPen=n/a;enrichSets=1;enrichActive=3;enrichDecoy=238;enrichAUC=0.821;enrichMargin=-1.010 | case=3b4b-glms-riboswitch;rank=1;top=mode:1;decoys=0;margin=n/a;topRMSD=0.000;bestDecoyRMSD=n/a;contactSpec=n/a;clashPen=n/a;enrichSets=1;enrichActive=4;enrichDecoy=165;enrichAUC=0.750;enrichMargin=0.500 | case=2hoj-tpp-riboswitch;rank=1;top=mode:1;decoys=0;margin=n/a;topRMSD=0.000;bestDecoyRMSD=n/a;contactSpec=n/a;clashPen=n/a;enrichSets=2;enrichActive=14;enrichDecoy=532;enrichAUC=0.714;enrichMargin=1.000 | case=3sd3-thf-riboswitch;rank=1;top=mode:1;decoys=0;margin=n/a;topRMSD=0.000;bestDecoyRMSD=n/a;contactSpec=n/a;clashPen=n/a;enrichSets=0;enrichActive=0;enrichDecoy=0;enrichAUC=n/a;enrichMargin=n/a | case=5dhb-gmp-primer-template;rank=1;top=mode:1;decoys=0;margin=n/a;topRMSD=0.000;bestDecoyRMSD=n/a;contactSpec=n/a;clashPen=n/a;enrichSets=0;enrichActive=0;enrichDecoy=0;enrichAUC=n/a;enrichMargin=n/a | case=6c64-mango-ii-ekm;rank=1;top=mode:1;decoys=0;margin=n/a;topRMSD=0.000;bestDecoyRMSD=n/a;contactSpec=n/a;clashPen=n/a;enrichSets=0;enrichActive=0;enrichDecoy=0;enrichAUC=n/a;enrichMargin=n/a | case=5bjp-corn-dfho;rank=1;top=mode:1;decoys=0;margin=n/a;topRMSD=0.000;bestDecoyRMSD=n/a;contactSpec=n/a;clashPen=n/a;enrichSets=0;enrichActive=0;enrichDecoy=0;enrichAUC=n/a;enrichMargin=n/a | case=6wzs-ztp-riboswitch;rank=1;top=mode:1;decoys=0;margin=n/a;topRMSD=0.000;bestDecoyRMSD=n/a;contactSpec=n/a;clashPen=n/a;enrichSets=0;enrichActive=0;enrichDecoy=0;enrichAUC=n/a;enrichMargin=n/a | case=3irw-c-di-gmp-riboswitch;rank=1;top=mode:1;decoys=0;margin=n/a;topRMSD=0.000;bestDecoyRMSD=n/a;contactSpec=n/a;clashPen=n/a;enrichSets=0;enrichActive=0;enrichDecoy=0;enrichAUC=n/a;enrichMargin=n/a | case=4qlm-c-di-amp-riboswitch;rank=1;top=mode:1;decoys=0;margin=n/a;topRMSD=0.000;bestDecoyRMSD=n/a;contactSpec=n/a;clashPen=n/a;enrichSets=0;enrichActive=0;enrichDecoy=0;enrichAUC=n/a;enrichMargin=n/a | case=3d0u-lysine-riboswitch;rank=1;top=mode:1;decoys=0;margin=n/a;topRMSD=0.000;bestDecoyRMSD=n/a;contactSpec=n/a;clashPen=n/a;enrichSets=0;enrichActive=0;enrichDecoy=0;enrichAUC=n/a;enrichMargin=n/a | case=3oww-glycine-riboswitch;rank=1;top=mode:1;decoys=0;margin=n/a;topRMSD=0.000;bestDecoyRMSD=n/a;contactSpec=n/a;clashPen=n/a;enrichSets=0;enrichActive=0;enrichDecoy=0;enrichAUC=n/a;enrichMargin=n/a
-0.080000,-0.500000,-0.500000,-0.350000,2.794092,0.724,-0.714,8,41,1423,1.000000,4.091912,0.562,0.000,0.000,8.224,26.590278,0.000000,0.000000,2.157895,1.000000,case=t6-thrombin-vina;rank=1;top=mode:1;decoys=0;margin=n/a;topRMSD=0.000;bestDecoyRMSD=n/a;contactSpec=n/a;clashPen=n/a;enrichSets=0;enrichActive=0;enrichDecoy=0;enrichAUC=n/a;enrichMargin=n/a | case=4q9r-spinach-2zy;rank=1;top=mode:1;decoys=10;margin=26.590;topRMSD=0.000;bestDecoyRMSD=8.224;contactSpec=0.000;clashPen=0.000;enrichSets=0;enrichActive=0;enrichDecoy=0;enrichAUC=n/a;enrichMargin=n/a | case=1fmn-fmn-riboswitch;rank=1;top=mode:1;decoys=0;margin=n/a;topRMSD=0.000;bestDecoyRMSD=n/a;contactSpec=n/a;clashPen=n/a;enrichSets=1;enrichActive=1;enrichDecoy=60;enrichAUC=1.000;enrichMargin=10.068 | case=1fmn-fmn-riboswitch-mg;rank=1;top=mode:1;decoys=0;margin=n/a;topRMSD=0.000;bestDecoyRMSD=n/a;contactSpec=n/a;clashPen=n/a;enrichSets=0;enrichActive=0;enrichDecoy=0;enrichAUC=n/a;enrichMargin=n/a | case=2g9c-purine-riboswitch;rank=1;top=mode:1;decoys=0;margin=n/a;topRMSD=0.000;bestDecoyRMSD=n/a;contactSpec=n/a;clashPen=n/a;enrichSets=1;enrichActive=7;enrichDecoy=88;enrichAUC=0.656;enrichMargin=-0.906 | case=4rzd-preq1-riboswitch;rank=1;top=mode:1;decoys=0;margin=n/a;topRMSD=0.000;bestDecoyRMSD=n/a;contactSpec=n/a;clashPen=n/a;enrichSets=1;enrichActive=5;enrichDecoy=74;enrichAUC=0.500;enrichMargin=0.000 | case=2gdi-tpp-riboswitch;rank=1;top=mode:1;decoys=0;margin=n/a;topRMSD=0.000;bestDecoyRMSD=n/a;contactSpec=n/a;clashPen=n/a;enrichSets=1;enrichActive=7;enrichDecoy=266;enrichAUC=0.628;enrichMargin=-14.651 | case=2ygh-sam-riboswitch;rank=1;top=mode:1;decoys=0;margin=n/a;topRMSD=0.000;bestDecoyRMSD=n/a;contactSpec=n/a;clashPen=n/a;enrichSets=1;enrichActive=3;enrichDecoy=238;enrichAUC=0.821;enrichMargin=-1.010 | case=3b4b-glms-riboswitch;rank=1;top=mode:1;decoys=0;margin=n/a;topRMSD=0.000;bestDecoyRMSD=n/a;contactSpec=n/a;clashPen=n/a;enrichSets=1;enrichActive=4;enrichDecoy=165;enrichAUC=0.750;enrichMargin=0.500 | case=2hoj-tpp-riboswitch;rank=1;top=mode:1;decoys=0;margin=n/a;topRMSD=0.000;bestDecoyRMSD=n/a;contactSpec=n/a;clashPen=n/a;enrichSets=2;enrichActive=14;enrichDecoy=532;enrichAUC=0.714;enrichMargin=1.000 | case=3sd3-thf-riboswitch;rank=1;top=mode:1;decoys=0;margin=n/a;topRMSD=0.000;bestDecoyRMSD=n/a;contactSpec=n/a;clashPen=n/a;enrichSets=0;enrichActive=0;enrichDecoy=0;enrichAUC=n/a;enrichMargin=n/a | case=5dhb-gmp-primer-template;rank=1;top=mode:1;decoys=0;margin=n/a;topRMSD=0.000;bestDecoyRMSD=n/a;contactSpec=n/a;clashPen=n/a;enrichSets=0;enrichActive=0;enrichDecoy=0;enrichAUC=n/a;enrichMargin=n/a | case=6c64-mango-ii-ekm;rank=1;top=mode:1;decoys=0;margin=n/a;topRMSD=0.000;bestDecoyRMSD=n/a;contactSpec=n/a;clashPen=n/a;enrichSets=0;enrichActive=0;enrichDecoy=0;enrichAUC=n/a;enrichMargin=n/a | case=5bjp-corn-dfho;rank=1;top=mode:1;decoys=0;margin=n/a;topRMSD=0.000;bestDecoyRMSD=n/a;contactSpec=n/a;clashPen=n/a;enrichSets=0;enrichActive=0;enrichDecoy=0;enrichAUC=n/a;enrichMargin=n/a | case=6wzs-ztp-riboswitch;rank=1;top=mode:1;decoys=0;margin=n/a;topRMSD=0.000;bestDecoyRMSD=n/a;contactSpec=n/a;clashPen=n/a;enrichSets=0;enrichActive=0;enrichDecoy=0;enrichAUC=n/a;enrichMargin=n/a | case=3irw-c-di-gmp-riboswitch;rank=1;top=mode:1;decoys=0;margin=n/a;topRMSD=0.000;bestDecoyRMSD=n/a;contactSpec=n/a;clashPen=n/a;enrichSets=0;enrichActive=0;enrichDecoy=0;enrichAUC=n/a;enrichMargin=n/a | case=4qlm-c-di-amp-riboswitch;rank=1;top=mode:1;decoys=0;margin=n/a;topRMSD=0.000;bestDecoyRMSD=n/a;contactSpec=n/a;clashPen=n/a;enrichSets=0;enrichActive=0;enrichDecoy=0;enrichAUC=n/a;enrichMargin=n/a | case=3d0u-lysine-riboswitch;rank=1;top=mode:1;decoys=0;margin=n/a;topRMSD=0.000;bestDecoyRMSD=n/a;contactSpec=n/a;clashPen=n/a;enrichSets=0;enrichActive=0;enrichDecoy=0;enrichAUC=n/a;enrichMargin=n/a | case=3oww-glycine-riboswitch;rank=1;top=mode:1;decoys=0;margin=n/a;topRMSD=0.000;bestDecoyRMSD=n/a;contactSpec=n/a;clashPen=n/a;enrichSets=0;enrichActive=0;enrichDecoy=0;enrichAUC=n/a;enrichMargin=n/a
-0.320000,-0.500000,-0.350000,-0.100000,2.795199,0.726,-0.712,8,41,1423,1.000000,4.110543,0.562,0.000,0.000,8.224,26.605320,0.000000,0.000000,2.157895,1.000000,case=t6-thrombin-vina;rank=1;top=mode:1;decoys=0;margin=n/a;topRMSD=0.000;bestDecoyRMSD=n/a;contactSpec=n/a;clashPen=n/a;enrichSets=0;enrichActive=0;enrichDecoy=0;enrichAUC=n/a;enrichMargin=n/a | case=4q9r-spinach-2zy;rank=1;top=mode:1;decoys=10;margin=26.605;topRMSD=0.000;bestDecoyRMSD=8.224;contactSpec=0.000;clashPen=0.000;enrichSets=0;enrichActive=0;enrichDecoy=0;enrichAUC=n/a;enrichMargin=n/a | case=1fmn-fmn-riboswitch;rank=1;top=mode:1;decoys=0;margin=n/a;topRMSD=0.000;bestDecoyRMSD=n/a;contactSpec=n/a;clashPen=n/a;enrichSets=1;enrichActive=1;enrichDecoy=60;enrichAUC=1.000;enrichMargin=10.273 | case=1fmn-fmn-riboswitch-mg;rank=1;top=mode:1;decoys=0;margin=n/a;topRMSD=0.000;bestDecoyRMSD=n/a;contactSpec=n/a;clashPen=n/a;enrichSets=0;enrichActive=0;enrichDecoy=0;enrichAUC=n/a;enrichMargin=n/a | case=2g9c-purine-riboswitch;rank=1;top=mode:1;decoys=0;margin=n/a;topRMSD=0.000;bestDecoyRMSD=n/a;contactSpec=n/a;clashPen=n/a;enrichSets=1;enrichActive=7;enrichDecoy=88;enrichAUC=0.661;enrichMargin=-0.905 | case=4rzd-preq1-riboswitch;rank=1;top=mode:1;decoys=0;margin=n/a;topRMSD=0.000;bestDecoyRMSD=n/a;contactSpec=n/a;clashPen=n/a;enrichSets=1;enrichActive=5;enrichDecoy=74;enrichAUC=0.500;enrichMargin=0.000 | case=2gdi-tpp-riboswitch;rank=1;top=mode:1;decoys=0;margin=n/a;topRMSD=0.000;bestDecoyRMSD=n/a;contactSpec=n/a;clashPen=n/a;enrichSets=1;enrichActive=7;enrichDecoy=266;enrichAUC=0.634;enrichMargin=-14.684 | case=2ygh-sam-riboswitch;rank=1;top=mode:1;decoys=0;margin=n/a;topRMSD=0.000;bestDecoyRMSD=n/a;contactSpec=n/a;clashPen=n/a;enrichSets=1;enrichActive=3;enrichDecoy=238;enrichAUC=0.819;enrichMargin=-1.165 | case=3b4b-glms-riboswitch;rank=1;top=mode:1;decoys=0;margin=n/a;topRMSD=0.000;bestDecoyRMSD=n/a;contactSpec=n/a;clashPen=n/a;enrichSets=1;enrichActive=4;enrichDecoy=165;enrichAUC=0.750;enrichMargin=0.500 | case=2hoj-tpp-riboswitch;rank=1;top=mode:1;decoys=0;margin=n/a;topRMSD=0.000;bestDecoyRMSD=n/a;contactSpec=n/a;clashPen=n/a;enrichSets=2;enrichActive=14;enrichDecoy=532;enrichAUC=0.714;enrichMargin=1.000 | case=3sd3-thf-riboswitch;rank=1;top=mode:1;decoys=0;margin=n/a;topRMSD=0.000;bestDecoyRMSD=n/a;contactSpec=n/a;clashPen=n/a;enrichSets=0;enrichActive=0;enrichDecoy=0;enrichAUC=n/a;enrichMargin=n/a | case=5dhb-gmp-primer-template;rank=1;top=mode:1;decoys=0;margin=n/a;topRMSD=0.000;bestDecoyRMSD=n/a;contactSpec=n/a;clashPen=n/a;enrichSets=0;enrichActive=0;enrichDecoy=0;enrichAUC=n/a;enrichMargin=n/a | case=6c64-mango-ii-ekm;rank=1;top=mode:1;decoys=0;margin=n/a;topRMSD=0.000;bestDecoyRMSD=n/a;contactSpec=n/a;clashPen=n/a;enrichSets=0;enrichActive=0;enrichDecoy=0;enrichAUC=n/a;enrichMargin=n/a | case=5bjp-corn-dfho;rank=1;top=mode:1;decoys=0;margin=n/a;topRMSD=0.000;bestDecoyRMSD=n/a;contactSpec=n/a;clashPen=n/a;enrichSets=0;enrichActive=0;enrichDecoy=0;enrichAUC=n/a;enrichMargin=n/a | case=6wzs-ztp-riboswitch;rank=1;top=mode:1;decoys=0;margin=n/a;topRMSD=0.000;bestDecoyRMSD=n/a;contactSpec=n/a;clashPen=n/a;enrichSets=0;enrichActive=0;enrichDecoy=0;enrichAUC=n/a;enrichMargin=n/a | case=3irw-c-di-gmp-riboswitch;rank=1;top=mode:1;decoys=0;margin=n/a;topRMSD=0.000;bestDecoyRMSD=n/a;contactSpec=n/a;clashPen=n/a;enrichSets=0;enrichActive=0;enrichDecoy=0;enrichAUC=n/a;enrichMargin=n/a | case=4qlm-c-di-amp-riboswitch;rank=1;top=mode:1;decoys=0;margin=n/a;topRMSD=0.000;bestDecoyRMSD=n/a;contactSpec=n/a;clashPen=n/a;enrichSets=0;enrichActive=0;enrichDecoy=0;enrichAUC=n/a;enrichMargin=n/a | case=3d0u-lysine-riboswitch;rank=1;top=mode:1;decoys=0;margin=n/a;topRMSD=0.000;bestDecoyRMSD=n/a;contactSpec=n/a;clashPen=n/a;enrichSets=0;enrichActive=0;enrichDecoy=0;enrichAUC=n/a;enrichMargin=n/a | case=3oww-glycine-riboswitch;rank=1;top=mode:1;decoys=0;margin=n/a;topRMSD=0.000;bestDecoyRMSD=n/a;contactSpec=n/a;clashPen=n/a;enrichSets=0;enrichActive=0;enrichDecoy=0;enrichAUC=n/a;enrichMargin=n/a
-0.320000,-0.500000,-0.350000,-0.220000,2.795199,0.726,-0.712,8,41,1423,1.000000,4.110543,0.562,0.000,0.000,8.224,26.605320,0.000000,0.000000,2.157895,1.000000,case=t6-thrombin-vina;rank=1;top=mode:1;decoys=0;margin=n/a;topRMSD=0.000;bestDecoyRMSD=n/a;contactSpec=n/a;clashPen=n/a;enrichSets=0;enrichActive=0;enrichDecoy=0;enrichAUC=n/a;enrichMargin=n/a | case=4q9r-spinach-2zy;rank=1;top=mode:1;decoys=10;margin=26.605;topRMSD=0.000;bestDecoyRMSD=8.224;contactSpec=0.000;clashPen=0.000;enrichSets=0;enrichActive=0;enrichDecoy=0;enrichAUC=n/a;enrichMargin=n/a | case=1fmn-fmn-riboswitch;rank=1;top=mode:1;decoys=0;margin=n/a;topRMSD=0.000;bestDecoyRMSD=n/a;contactSpec=n/a;clashPen=n/a;enrichSets=1;enrichActive=1;enrichDecoy=60;enrichAUC=1.000;enrichMargin=10.273 | case=1fmn-fmn-riboswitch-mg;rank=1;top=mode:1;decoys=0;margin=n/a;topRMSD=0.000;bestDecoyRMSD=n/a;contactSpec=n/a;clashPen=n/a;enrichSets=0;enrichActive=0;enrichDecoy=0;enrichAUC=n/a;enrichMargin=n/a | case=2g9c-purine-riboswitch;rank=1;top=mode:1;decoys=0;margin=n/a;topRMSD=0.000;bestDecoyRMSD=n/a;contactSpec=n/a;clashPen=n/a;enrichSets=1;enrichActive=7;enrichDecoy=88;enrichAUC=0.661;enrichMargin=-0.905 | case=4rzd-preq1-riboswitch;rank=1;top=mode:1;decoys=0;margin=n/a;topRMSD=0.000;bestDecoyRMSD=n/a;contactSpec=n/a;clashPen=n/a;enrichSets=1;enrichActive=5;enrichDecoy=74;enrichAUC=0.500;enrichMargin=0.000 | case=2gdi-tpp-riboswitch;rank=1;top=mode:1;decoys=0;margin=n/a;topRMSD=0.000;bestDecoyRMSD=n/a;contactSpec=n/a;clashPen=n/a;enrichSets=1;enrichActive=7;enrichDecoy=266;enrichAUC=0.634;enrichMargin=-14.684 | case=2ygh-sam-riboswitch;rank=1;top=mode:1;decoys=0;margin=n/a;topRMSD=0.000;bestDecoyRMSD=n/a;contactSpec=n/a;clashPen=n/a;enrichSets=1;enrichActive=3;enrichDecoy=238;enrichAUC=0.819;enrichMargin=-1.165 | case=3b4b-glms-riboswitch;rank=1;top=mode:1;decoys=0;margin=n/a;topRMSD=0.000;bestDecoyRMSD=n/a;contactSpec=n/a;clashPen=n/a;enrichSets=1;enrichActive=4;enrichDecoy=165;enrichAUC=0.750;enrichMargin=0.500 | case=2hoj-tpp-riboswitch;rank=1;top=mode:1;decoys=0;margin=n/a;topRMSD=0.000;bestDecoyRMSD=n/a;contactSpec=n/a;clashPen=n/a;enrichSets=2;enrichActive=14;enrichDecoy=532;enrichAUC=0.714;enrichMargin=1.000 | case=3sd3-thf-riboswitch;rank=1;top=mode:1;decoys=0;margin=n/a;topRMSD=0.000;bestDecoyRMSD=n/a;contactSpec=n/a;clashPen=n/a;enrichSets=0;enrichActive=0;enrichDecoy=0;enrichAUC=n/a;enrichMargin=n/a | case=5dhb-gmp-primer-template;rank=1;top=mode:1;decoys=0;margin=n/a;topRMSD=0.000;bestDecoyRMSD=n/a;contactSpec=n/a;clashPen=n/a;enrichSets=0;enrichActive=0;enrichDecoy=0;enrichAUC=n/a;enrichMargin=n/a | case=6c64-mango-ii-ekm;rank=1;top=mode:1;decoys=0;margin=n/a;topRMSD=0.000;bestDecoyRMSD=n/a;contactSpec=n/a;clashPen=n/a;enrichSets=0;enrichActive=0;enrichDecoy=0;enrichAUC=n/a;enrichMargin=n/a | case=5bjp-corn-dfho;rank=1;top=mode:1;decoys=0;margin=n/a;topRMSD=0.000;bestDecoyRMSD=n/a;contactSpec=n/a;clashPen=n/a;enrichSets=0;enrichActive=0;enrichDecoy=0;enrichAUC=n/a;enrichMargin=n/a | case=6wzs-ztp-riboswitch;rank=1;top=mode:1;decoys=0;margin=n/a;topRMSD=0.000;bestDecoyRMSD=n/a;contactSpec=n/a;clashPen=n/a;enrichSets=0;enrichActive=0;enrichDecoy=0;enrichAUC=n/a;enrichMargin=n/a | case=3irw-c-di-gmp-riboswitch;rank=1;top=mode:1;decoys=0;margin=n/a;topRMSD=0.000;bestDecoyRMSD=n/a;contactSpec=n/a;clashPen=n/a;enrichSets=0;enrichActive=0;enrichDecoy=0;enrichAUC=n/a;enrichMargin=n/a | case=4qlm-c-di-amp-riboswitch;rank=1;top=mode:1;decoys=0;margin=n/a;topRMSD=0.000;bestDecoyRMSD=n/a;contactSpec=n/a;clashPen=n/a;enrichSets=0;enrichActive=0;enrichDecoy=0;enrichAUC=n/a;enrichMargin=n/a | case=3d0u-lysine-riboswitch;rank=1;top=mode:1;decoys=0;margin=n/a;topRMSD=0.000;bestDecoyRMSD=n/a;contactSpec=n/a;clashPen=n/a;enrichSets=0;enrichActive=0;enrichDecoy=0;enrichAUC=n/a;enrichMargin=n/a | case=3oww-glycine-riboswitch;rank=1;top=mode:1;decoys=0;margin=n/a;topRMSD=0.000;bestDecoyRMSD=n/a;contactSpec=n/a;clashPen=n/a;enrichSets=0;enrichActive=0;enrichDecoy=0;enrichAUC=n/a;enrichMargin=n/a
-0.320000,-0.500000,-0.350000,-0.350000,2.795199,0.726,-0.712,8,41,1423,1.000000,4.110543,0.562,0.000,0.000,8.224,26.605320,0.000000,0.000000,2.157895,1.000000,case=t6-thrombin-vina;rank=1;top=mode:1;decoys=0;margin=n/a;topRMSD=0.000;bestDecoyRMSD=n/a;contactSpec=n/a;clashPen=n/a;enrichSets=0;enrichActive=0;enrichDecoy=0;enrichAUC=n/a;enrichMargin=n/a | case=4q9r-spinach-2zy;rank=1;top=mode:1;decoys=10;margin=26.605;topRMSD=0.000;bestDecoyRMSD=8.224;contactSpec=0.000;clashPen=0.000;enrichSets=0;enrichActive=0;enrichDecoy=0;enrichAUC=n/a;enrichMargin=n/a | case=1fmn-fmn-riboswitch;rank=1;top=mode:1;decoys=0;margin=n/a;topRMSD=0.000;bestDecoyRMSD=n/a;contactSpec=n/a;clashPen=n/a;enrichSets=1;enrichActive=1;enrichDecoy=60;enrichAUC=1.000;enrichMargin=10.273 | case=1fmn-fmn-riboswitch-mg;rank=1;top=mode:1;decoys=0;margin=n/a;topRMSD=0.000;bestDecoyRMSD=n/a;contactSpec=n/a;clashPen=n/a;enrichSets=0;enrichActive=0;enrichDecoy=0;enrichAUC=n/a;enrichMargin=n/a | case=2g9c-purine-riboswitch;rank=1;top=mode:1;decoys=0;margin=n/a;topRMSD=0.000;bestDecoyRMSD=n/a;contactSpec=n/a;clashPen=n/a;enrichSets=1;enrichActive=7;enrichDecoy=88;enrichAUC=0.661;enrichMargin=-0.905 | case=4rzd-preq1-riboswitch;rank=1;top=mode:1;decoys=0;margin=n/a;topRMSD=0.000;bestDecoyRMSD=n/a;contactSpec=n/a;clashPen=n/a;enrichSets=1;enrichActive=5;enrichDecoy=74;enrichAUC=0.500;enrichMargin=0.000 | case=2gdi-tpp-riboswitch;rank=1;top=mode:1;decoys=0;margin=n/a;topRMSD=0.000;bestDecoyRMSD=n/a;contactSpec=n/a;clashPen=n/a;enrichSets=1;enrichActive=7;enrichDecoy=266;enrichAUC=0.634;enrichMargin=-14.684 | case=2ygh-sam-riboswitch;rank=1;top=mode:1;decoys=0;margin=n/a;topRMSD=0.000;bestDecoyRMSD=n/a;contactSpec=n/a;clashPen=n/a;enrichSets=1;enrichActive=3;enrichDecoy=238;enrichAUC=0.819;enrichMargin=-1.165 | case=3b4b-glms-riboswitch;rank=1;top=mode:1;decoys=0;margin=n/a;topRMSD=0.000;bestDecoyRMSD=n/a;contactSpec=n/a;clashPen=n/a;enrichSets=1;enrichActive=4;enrichDecoy=165;enrichAUC=0.750;enrichMargin=0.500 | case=2hoj-tpp-riboswitch;rank=1;top=mode:1;decoys=0;margin=n/a;topRMSD=0.000;bestDecoyRMSD=n/a;contactSpec=n/a;clashPen=n/a;enrichSets=2;enrichActive=14;enrichDecoy=532;enrichAUC=0.714;enrichMargin=1.000 | case=3sd3-thf-riboswitch;rank=1;top=mode:1;decoys=0;margin=n/a;topRMSD=0.000;bestDecoyRMSD=n/a;contactSpec=n/a;clashPen=n/a;enrichSets=0;enrichActive=0;enrichDecoy=0;enrichAUC=n/a;enrichMargin=n/a | case=5dhb-gmp-primer-template;rank=1;top=mode:1;decoys=0;margin=n/a;topRMSD=0.000;bestDecoyRMSD=n/a;contactSpec=n/a;clashPen=n/a;enrichSets=0;enrichActive=0;enrichDecoy=0;enrichAUC=n/a;enrichMargin=n/a | case=6c64-mango-ii-ekm;rank=1;top=mode:1;decoys=0;margin=n/a;topRMSD=0.000;bestDecoyRMSD=n/a;contactSpec=n/a;clashPen=n/a;enrichSets=0;enrichActive=0;enrichDecoy=0;enrichAUC=n/a;enrichMargin=n/a | case=5bjp-corn-dfho;rank=1;top=mode:1;decoys=0;margin=n/a;topRMSD=0.000;bestDecoyRMSD=n/a;contactSpec=n/a;clashPen=n/a;enrichSets=0;enrichActive=0;enrichDecoy=0;enrichAUC=n/a;enrichMargin=n/a | case=6wzs-ztp-riboswitch;rank=1;top=mode:1;decoys=0;margin=n/a;topRMSD=0.000;bestDecoyRMSD=n/a;contactSpec=n/a;clashPen=n/a;enrichSets=0;enrichActive=0;enrichDecoy=0;enrichAUC=n/a;enrichMargin=n/a | case=3irw-c-di-gmp-riboswitch;rank=1;top=mode:1;decoys=0;margin=n/a;topRMSD=0.000;bestDecoyRMSD=n/a;contactSpec=n/a;clashPen=n/a;enrichSets=0;enrichActive=0;enrichDecoy=0;enrichAUC=n/a;enrichMargin=n/a | case=4qlm-c-di-amp-riboswitch;rank=1;top=mode:1;decoys=0;margin=n/a;topRMSD=0.000;bestDecoyRMSD=n/a;contactSpec=n/a;clashPen=n/a;enrichSets=0;enrichActive=0;enrichDecoy=0;enrichAUC=n/a;enrichMargin=n/a | case=3d0u-lysine-riboswitch;rank=1;top=mode:1;decoys=0;margin=n/a;topRMSD=0.000;bestDecoyRMSD=n/a;contactSpec=n/a;clashPen=n/a;enrichSets=0;enrichActive=0;enrichDecoy=0;enrichAUC=n/a;enrichMargin=n/a | case=3oww-glycine-riboswitch;rank=1;top=mode:1;decoys=0;margin=n/a;topRMSD=0.000;bestDecoyRMSD=n/a;contactSpec=n/a;clashPen=n/a;enrichSets=0;enrichActive=0;enrichDecoy=0;enrichAUC=n/a;enrichMargin=n/a
-0.240000,-0.500000,-0.350000,-0.100000,2.808053,0.725,-0.720,8,41,1423,1.000000,4.132844,0.562,0.000,0.000,8.224,26.605340,0.000000,0.000000,2.157895,1.000000,case=t6-thrombin-vina;rank=1;top=mode:1;decoys=0;margin=n/a;topRMSD=0.000;bestDecoyRMSD=n/a;contactSpec=n/a;clashPen=n/a;enrichSets=0;enrichActive=0;enrichDecoy=0;enrichAUC=n/a;enrichMargin=n/a | case=4q9r-spinach-2zy;rank=1;top=mode:1;decoys=10;margin=26.605;topRMSD=0.000;bestDecoyRMSD=8.224;contactSpec=0.000;clashPen=0.000;enrichSets=0;enrichActive=0;enrichDecoy=0;enrichAUC=n/a;enrichMargin=n/a | case=1fmn-fmn-riboswitch;rank=1;top=mode:1;decoys=0;margin=n/a;topRMSD=0.000;bestDecoyRMSD=n/a;contactSpec=n/a;clashPen=n/a;enrichSets=1;enrichActive=1;enrichDecoy=60;enrichAUC=1.000;enrichMargin=10.134 | case=1fmn-fmn-riboswitch-mg;rank=1;top=mode:1;decoys=0;margin=n/a;topRMSD=0.000;bestDecoyRMSD=n/a;contactSpec=n/a;clashPen=n/a;enrichSets=0;enrichActive=0;enrichDecoy=0;enrichAUC=n/a;enrichMargin=n/a | case=2g9c-purine-riboswitch;rank=1;top=mode:1;decoys=0;margin=n/a;topRMSD=0.000;bestDecoyRMSD=n/a;contactSpec=n/a;clashPen=n/a;enrichSets=1;enrichActive=7;enrichDecoy=88;enrichAUC=0.659;enrichMargin=-0.905 | case=4rzd-preq1-riboswitch;rank=1;top=mode:1;decoys=0;margin=n/a;topRMSD=0.000;bestDecoyRMSD=n/a;contactSpec=n/a;clashPen=n/a;enrichSets=1;enrichActive=5;enrichDecoy=74;enrichAUC=0.500;enrichMargin=0.000 | case=2gdi-tpp-riboswitch;rank=1;top=mode:1;decoys=0;margin=n/a;topRMSD=0.000;bestDecoyRMSD=n/a;contactSpec=n/a;clashPen=n/a;enrichSets=1;enrichActive=7;enrichDecoy=266;enrichAUC=0.632;enrichMargin=-14.673 | case=2ygh-sam-riboswitch;rank=1;top=mode:1;decoys=0;margin=n/a;topRMSD=0.000;bestDecoyRMSD=n/a;contactSpec=n/a;clashPen=n/a;enrichSets=1;enrichActive=3;enrichDecoy=238;enrichAUC=0.819;enrichMargin=-1.098 | case=3b4b-glms-riboswitch;rank=1;top=mode:1;decoys=0;margin=n/a;topRMSD=0.000;bestDecoyRMSD=n/a;contactSpec=n/a;clashPen=n/a;enrichSets=1;enrichActive=4;enrichDecoy=165;enrichAUC=0.750;enrichMargin=0.500 | case=2hoj-tpp-riboswitch;rank=1;top=mode:1;decoys=0;margin=n/a;topRMSD=0.000;bestDecoyRMSD=n/a;contactSpec=n/a;clashPen=n/a;enrichSets=2;enrichActive=14;enrichDecoy=532;enrichAUC=0.714;enrichMargin=1.000 | case=3sd3-thf-riboswitch;rank=1;top=mode:1;decoys=0;margin=n/a;topRMSD=0.000;bestDecoyRMSD=n/a;contactSpec=n/a;clashPen=n/a;enrichSets=0;enrichActive=0;enrichDecoy=0;enrichAUC=n/a;enrichMargin=n/a | case=5dhb-gmp-primer-template;rank=1;top=mode:1;decoys=0;margin=n/a;topRMSD=0.000;bestDecoyRMSD=n/a;contactSpec=n/a;clashPen=n/a;enrichSets=0;enrichActive=0;enrichDecoy=0;enrichAUC=n/a;enrichMargin=n/a | case=6c64-mango-ii-ekm;rank=1;top=mode:1;decoys=0;margin=n/a;topRMSD=0.000;bestDecoyRMSD=n/a;contactSpec=n/a;clashPen=n/a;enrichSets=0;enrichActive=0;enrichDecoy=0;enrichAUC=n/a;enrichMargin=n/a | case=5bjp-corn-dfho;rank=1;top=mode:1;decoys=0;margin=n/a;topRMSD=0.000;bestDecoyRMSD=n/a;contactSpec=n/a;clashPen=n/a;enrichSets=0;enrichActive=0;enrichDecoy=0;enrichAUC=n/a;enrichMargin=n/a | case=6wzs-ztp-riboswitch;rank=1;top=mode:1;decoys=0;margin=n/a;topRMSD=0.000;bestDecoyRMSD=n/a;contactSpec=n/a;clashPen=n/a;enrichSets=0;enrichActive=0;enrichDecoy=0;enrichAUC=n/a;enrichMargin=n/a | case=3irw-c-di-gmp-riboswitch;rank=1;top=mode:1;decoys=0;margin=n/a;topRMSD=0.000;bestDecoyRMSD=n/a;contactSpec=n/a;clashPen=n/a;enrichSets=0;enrichActive=0;enrichDecoy=0;enrichAUC=n/a;enrichMargin=n/a | case=4qlm-c-di-amp-riboswitch;rank=1;top=mode:1;decoys=0;margin=n/a;topRMSD=0.000;bestDecoyRMSD=n/a;contactSpec=n/a;clashPen=n/a;enrichSets=0;enrichActive=0;enrichDecoy=0;enrichAUC=n/a;enrichMargin=n/a | case=3d0u-lysine-riboswitch;rank=1;top=mode:1;decoys=0;margin=n/a;topRMSD=0.000;bestDecoyRMSD=n/a;contactSpec=n/a;clashPen=n/a;enrichSets=0;enrichActive=0;enrichDecoy=0;enrichAUC=n/a;enrichMargin=n/a | case=3oww-glycine-riboswitch;rank=1;top=mode:1;decoys=0;margin=n/a;topRMSD=0.000;bestDecoyRMSD=n/a;contactSpec=n/a;clashPen=n/a;enrichSets=0;enrichActive=0;enrichDecoy=0;enrichAUC=n/a;enrichMargin=n/a
-0.240000,-0.500000,-0.350000,-0.220000,2.808053,0.725,-0.720,8,41,1423,1.000000,4.132844,0.562,0.000,0.000,8.224,26.605340,0.000000,0.000000,2.157895,1.000000,case=t6-thrombin-vina;rank=1;top=mode:1;decoys=0;margin=n/a;topRMSD=0.000;bestDecoyRMSD=n/a;contactSpec=n/a;clashPen=n/a;enrichSets=0;enrichActive=0;enrichDecoy=0;enrichAUC=n/a;enrichMargin=n/a | case=4q9r-spinach-2zy;rank=1;top=mode:1;decoys=10;margin=26.605;topRMSD=0.000;bestDecoyRMSD=8.224;contactSpec=0.000;clashPen=0.000;enrichSets=0;enrichActive=0;enrichDecoy=0;enrichAUC=n/a;enrichMargin=n/a | case=1fmn-fmn-riboswitch;rank=1;top=mode:1;decoys=0;margin=n/a;topRMSD=0.000;bestDecoyRMSD=n/a;contactSpec=n/a;clashPen=n/a;enrichSets=1;enrichActive=1;enrichDecoy=60;enrichAUC=1.000;enrichMargin=10.134 | case=1fmn-fmn-riboswitch-mg;rank=1;top=mode:1;decoys=0;margin=n/a;topRMSD=0.000;bestDecoyRMSD=n/a;contactSpec=n/a;clashPen=n/a;enrichSets=0;enrichActive=0;enrichDecoy=0;enrichAUC=n/a;enrichMargin=n/a | case=2g9c-purine-riboswitch;rank=1;top=mode:1;decoys=0;margin=n/a;topRMSD=0.000;bestDecoyRMSD=n/a;contactSpec=n/a;clashPen=n/a;enrichSets=1;enrichActive=7;enrichDecoy=88;enrichAUC=0.659;enrichMargin=-0.905 | case=4rzd-preq1-riboswitch;rank=1;top=mode:1;decoys=0;margin=n/a;topRMSD=0.000;bestDecoyRMSD=n/a;contactSpec=n/a;clashPen=n/a;enrichSets=1;enrichActive=5;enrichDecoy=74;enrichAUC=0.500;enrichMargin=0.000 | case=2gdi-tpp-riboswitch;rank=1;top=mode:1;decoys=0;margin=n/a;topRMSD=0.000;bestDecoyRMSD=n/a;contactSpec=n/a;clashPen=n/a;enrichSets=1;enrichActive=7;enrichDecoy=266;enrichAUC=0.632;enrichMargin=-14.673 | case=2ygh-sam-riboswitch;rank=1;top=mode:1;decoys=0;margin=n/a;topRMSD=0.000;bestDecoyRMSD=n/a;contactSpec=n/a;clashPen=n/a;enrichSets=1;enrichActive=3;enrichDecoy=238;enrichAUC=0.819;enrichMargin=-1.098 | case=3b4b-glms-riboswitch;rank=1;top=mode:1;decoys=0;margin=n/a;topRMSD=0.000;bestDecoyRMSD=n/a;contactSpec=n/a;clashPen=n/a;enrichSets=1;enrichActive=4;enrichDecoy=165;enrichAUC=0.750;enrichMargin=0.500 | case=2hoj-tpp-riboswitch;rank=1;top=mode:1;decoys=0;margin=n/a;topRMSD=0.000;bestDecoyRMSD=n/a;contactSpec=n/a;clashPen=n/a;enrichSets=2;enrichActive=14;enrichDecoy=532;enrichAUC=0.714;enrichMargin=1.000 | case=3sd3-thf-riboswitch;rank=1;top=mode:1;decoys=0;margin=n/a;topRMSD=0.000;bestDecoyRMSD=n/a;contactSpec=n/a;clashPen=n/a;enrichSets=0;enrichActive=0;enrichDecoy=0;enrichAUC=n/a;enrichMargin=n/a | case=5dhb-gmp-primer-template;rank=1;top=mode:1;decoys=0;margin=n/a;topRMSD=0.000;bestDecoyRMSD=n/a;contactSpec=n/a;clashPen=n/a;enrichSets=0;enrichActive=0;enrichDecoy=0;enrichAUC=n/a;enrichMargin=n/a | case=6c64-mango-ii-ekm;rank=1;top=mode:1;decoys=0;margin=n/a;topRMSD=0.000;bestDecoyRMSD=n/a;contactSpec=n/a;clashPen=n/a;enrichSets=0;enrichActive=0;enrichDecoy=0;enrichAUC=n/a;enrichMargin=n/a | case=5bjp-corn-dfho;rank=1;top=mode:1;decoys=0;margin=n/a;topRMSD=0.000;bestDecoyRMSD=n/a;contactSpec=n/a;clashPen=n/a;enrichSets=0;enrichActive=0;enrichDecoy=0;enrichAUC=n/a;enrichMargin=n/a | case=6wzs-ztp-riboswitch;rank=1;top=mode:1;decoys=0;margin=n/a;topRMSD=0.000;bestDecoyRMSD=n/a;contactSpec=n/a;clashPen=n/a;enrichSets=0;enrichActive=0;enrichDecoy=0;enrichAUC=n/a;enrichMargin=n/a | case=3irw-c-di-gmp-riboswitch;rank=1;top=mode:1;decoys=0;margin=n/a;topRMSD=0.000;bestDecoyRMSD=n/a;contactSpec=n/a;clashPen=n/a;enrichSets=0;enrichActive=0;enrichDecoy=0;enrichAUC=n/a;enrichMargin=n/a | case=4qlm-c-di-amp-riboswitch;rank=1;top=mode:1;decoys=0;margin=n/a;topRMSD=0.000;bestDecoyRMSD=n/a;contactSpec=n/a;clashPen=n/a;enrichSets=0;enrichActive=0;enrichDecoy=0;enrichAUC=n/a;enrichMargin=n/a | case=3d0u-lysine-riboswitch;rank=1;top=mode:1;decoys=0;margin=n/a;topRMSD=0.000;bestDecoyRMSD=n/a;contactSpec=n/a;clashPen=n/a;enrichSets=0;enrichActive=0;enrichDecoy=0;enrichAUC=n/a;enrichMargin=n/a | case=3oww-glycine-riboswitch;rank=1;top=mode:1;decoys=0;margin=n/a;topRMSD=0.000;bestDecoyRMSD=n/a;contactSpec=n/a;clashPen=n/a;enrichSets=0;enrichActive=0;enrichDecoy=0;enrichAUC=n/a;enrichMargin=n/a
-0.240000,-0.500000,-0.350000,-0.350000,2.808053,0.725,-0.720,8,41,1423,1.000000,4.132844,0.562,0.000,0.000,8.224,26.605340,0.000000,0.000000,2.157895,1.000000,case=t6-thrombin-vina;rank=1;top=mode:1;decoys=0;margin=n/a;topRMSD=0.000;bestDecoyRMSD=n/a;contactSpec=n/a;clashPen=n/a;enrichSets=0;enrichActive=0;enrichDecoy=0;enrichAUC=n/a;enrichMargin=n/a | case=4q9r-spinach-2zy;rank=1;top=mode:1;decoys=10;margin=26.605;topRMSD=0.000;bestDecoyRMSD=8.224;contactSpec=0.000;clashPen=0.000;enrichSets=0;enrichActive=0;enrichDecoy=0;enrichAUC=n/a;enrichMargin=n/a | case=1fmn-fmn-riboswitch;rank=1;top=mode:1;decoys=0;margin=n/a;topRMSD=0.000;bestDecoyRMSD=n/a;contactSpec=n/a;clashPen=n/a;enrichSets=1;enrichActive=1;enrichDecoy=60;enrichAUC=1.000;enrichMargin=10.134 | case=1fmn-fmn-riboswitch-mg;rank=1;top=mode:1;decoys=0;margin=n/a;topRMSD=0.000;bestDecoyRMSD=n/a;contactSpec=n/a;clashPen=n/a;enrichSets=0;enrichActive=0;enrichDecoy=0;enrichAUC=n/a;enrichMargin=n/a | case=2g9c-purine-riboswitch;rank=1;top=mode:1;decoys=0;margin=n/a;topRMSD=0.000;bestDecoyRMSD=n/a;contactSpec=n/a;clashPen=n/a;enrichSets=1;enrichActive=7;enrichDecoy=88;enrichAUC=0.659;enrichMargin=-0.905 | case=4rzd-preq1-riboswitch;rank=1;top=mode:1;decoys=0;margin=n/a;topRMSD=0.000;bestDecoyRMSD=n/a;contactSpec=n/a;clashPen=n/a;enrichSets=1;enrichActive=5;enrichDecoy=74;enrichAUC=0.500;enrichMargin=0.000 | case=2gdi-tpp-riboswitch;rank=1;top=mode:1;decoys=0;margin=n/a;topRMSD=0.000;bestDecoyRMSD=n/a;contactSpec=n/a;clashPen=n/a;enrichSets=1;enrichActive=7;enrichDecoy=266;enrichAUC=0.632;enrichMargin=-14.673 | case=2ygh-sam-riboswitch;rank=1;top=mode:1;decoys=0;margin=n/a;topRMSD=0.000;bestDecoyRMSD=n/a;contactSpec=n/a;clashPen=n/a;enrichSets=1;enrichActive=3;enrichDecoy=238;enrichAUC=0.819;enrichMargin=-1.098 | case=3b4b-glms-riboswitch;rank=1;top=mode:1;decoys=0;margin=n/a;topRMSD=0.000;bestDecoyRMSD=n/a;contactSpec=n/a;clashPen=n/a;enrichSets=1;enrichActive=4;enrichDecoy=165;enrichAUC=0.750;enrichMargin=0.500 | case=2hoj-tpp-riboswitch;rank=1;top=mode:1;decoys=0;margin=n/a;topRMSD=0.000;bestDecoyRMSD=n/a;contactSpec=n/a;clashPen=n/a;enrichSets=2;enrichActive=14;enrichDecoy=532;enrichAUC=0.714;enrichMargin=1.000 | case=3sd3-thf-riboswitch;rank=1;top=mode:1;decoys=0;margin=n/a;topRMSD=0.000;bestDecoyRMSD=n/a;contactSpec=n/a;clashPen=n/a;enrichSets=0;enrichActive=0;enrichDecoy=0;enrichAUC=n/a;enrichMargin=n/a | case=5dhb-gmp-primer-template;rank=1;top=mode:1;decoys=0;margin=n/a;topRMSD=0.000;bestDecoyRMSD=n/a;contactSpec=n/a;clashPen=n/a;enrichSets=0;enrichActive=0;enrichDecoy=0;enrichAUC=n/a;enrichMargin=n/a | case=6c64-mango-ii-ekm;rank=1;top=mode:1;decoys=0;margin=n/a;topRMSD=0.000;bestDecoyRMSD=n/a;contactSpec=n/a;clashPen=n/a;enrichSets=0;enrichActive=0;enrichDecoy=0;enrichAUC=n/a;enrichMargin=n/a | case=5bjp-corn-dfho;rank=1;top=mode:1;decoys=0;margin=n/a;topRMSD=0.000;bestDecoyRMSD=n/a;contactSpec=n/a;clashPen=n/a;enrichSets=0;enrichActive=0;enrichDecoy=0;enrichAUC=n/a;enrichMargin=n/a | case=6wzs-ztp-riboswitch;rank=1;top=mode:1;decoys=0;margin=n/a;topRMSD=0.000;bestDecoyRMSD=n/a;contactSpec=n/a;clashPen=n/a;enrichSets=0;enrichActive=0;enrichDecoy=0;enrichAUC=n/a;enrichMargin=n/a | case=3irw-c-di-gmp-riboswitch;rank=1;top=mode:1;decoys=0;margin=n/a;topRMSD=0.000;bestDecoyRMSD=n/a;contactSpec=n/a;clashPen=n/a;enrichSets=0;enrichActive=0;enrichDecoy=0;enrichAUC=n/a;enrichMargin=n/a | case=4qlm-c-di-amp-riboswitch;rank=1;top=mode:1;decoys=0;margin=n/a;topRMSD=0.000;bestDecoyRMSD=n/a;contactSpec=n/a;clashPen=n/a;enrichSets=0;enrichActive=0;enrichDecoy=0;enrichAUC=n/a;enrichMargin=n/a | case=3d0u-lysine-riboswitch;rank=1;top=mode:1;decoys=0;margin=n/a;topRMSD=0.000;bestDecoyRMSD=n/a;contactSpec=n/a;clashPen=n/a;enrichSets=0;enrichActive=0;enrichDecoy=0;enrichAUC=n/a;enrichMargin=n/a | case=3oww-glycine-riboswitch;rank=1;top=mode:1;decoys=0;margin=n/a;topRMSD=0.000;bestDecoyRMSD=n/a;contactSpec=n/a;clashPen=n/a;enrichSets=0;enrichActive=0;enrichDecoy=0;enrichAUC=n/a;enrichMargin=n/a
-0.180000,-0.500000,-0.350000,-0.100000,2.819526,0.725,-0.729,8,41,1423,1.000000,4.149569,0.562,0.000,0.000,8.224,26.605355,0.000000,0.000000,2.157895,1.000000,case=t6-thrombin-vina;rank=1;top=mode:1;decoys=0;margin=n/a;topRMSD=0.000;bestDecoyRMSD=n/a;contactSpec=n/a;clashPen=n/a;enrichSets=0;enrichActive=0;enrichDecoy=0;enrichAUC=n/a;enrichMargin=n/a | case=4q9r-spinach-2zy;rank=1;top=mode:1;decoys=10;margin=26.605;topRMSD=0.000;bestDecoyRMSD=8.224;contactSpec=0.000;clashPen=0.000;enrichSets=0;enrichActive=0;enrichDecoy=0;enrichAUC=n/a;enrichMargin=n/a | case=1fmn-fmn-riboswitch;rank=1;top=mode:1;decoys=0;margin=n/a;topRMSD=0.000;bestDecoyRMSD=n/a;contactSpec=n/a;clashPen=n/a;enrichSets=1;enrichActive=1;enrichDecoy=60;enrichAUC=1.000;enrichMargin=10.029 | case=1fmn-fmn-riboswitch-mg;rank=1;top=mode:1;decoys=0;margin=n/a;topRMSD=0.000;bestDecoyRMSD=n/a;contactSpec=n/a;clashPen=n/a;enrichSets=0;enrichActive=0;enrichDecoy=0;enrichAUC=n/a;enrichMargin=n/a | case=2g9c-purine-riboswitch;rank=1;top=mode:1;decoys=0;margin=n/a;topRMSD=0.000;bestDecoyRMSD=n/a;contactSpec=n/a;clashPen=n/a;enrichSets=1;enrichActive=7;enrichDecoy=88;enrichAUC=0.657;enrichMargin=-0.906 | case=4rzd-preq1-riboswitch;rank=1;top=mode:1;decoys=0;margin=n/a;topRMSD=0.000;bestDecoyRMSD=n/a;contactSpec=n/a;clashPen=n/a;enrichSets=1;enrichActive=5;enrichDecoy=74;enrichAUC=0.500;enrichMargin=0.000 | case=2gdi-tpp-riboswitch;rank=1;top=mode:1;decoys=0;margin=n/a;topRMSD=0.000;bestDecoyRMSD=n/a;contactSpec=n/a;clashPen=n/a;enrichSets=1;enrichActive=7;enrichDecoy=266;enrichAUC=0.631;enrichMargin=-14.664 | case=2ygh-sam-riboswitch;rank=1;top=mode:1;decoys=0;margin=n/a;topRMSD=0.000;bestDecoyRMSD=n/a;contactSpec=n/a;clashPen=n/a;enrichSets=1;enrichActive=3;enrichDecoy=238;enrichAUC=0.819;enrichMargin=-1.065 | case=3b4b-glms-riboswitch;rank=1;top=mode:1;decoys=0;margin=n/a;topRMSD=0.000;bestDecoyRMSD=n/a;contactSpec=n/a;clashPen=n/a;enrichSets=1;enrichActive=4;enrichDecoy=165;enrichAUC=0.750;enrichMargin=0.500 | case=2hoj-tpp-riboswitch;rank=1;top=mode:1;decoys=0;margin=n/a;topRMSD=0.000;bestDecoyRMSD=n/a;contactSpec=n/a;clashPen=n/a;enrichSets=2;enrichActive=14;enrichDecoy=532;enrichAUC=0.714;enrichMargin=1.000 | case=3sd3-thf-riboswitch;rank=1;top=mode:1;decoys=0;margin=n/a;topRMSD=0.000;bestDecoyRMSD=n/a;contactSpec=n/a;clashPen=n/a;enrichSets=0;enrichActive=0;enrichDecoy=0;enrichAUC=n/a;enrichMargin=n/a | case=5dhb-gmp-primer-template;rank=1;top=mode:1;decoys=0;margin=n/a;topRMSD=0.000;bestDecoyRMSD=n/a;contactSpec=n/a;clashPen=n/a;enrichSets=0;enrichActive=0;enrichDecoy=0;enrichAUC=n/a;enrichMargin=n/a | case=6c64-mango-ii-ekm;rank=1;top=mode:1;decoys=0;margin=n/a;topRMSD=0.000;bestDecoyRMSD=n/a;contactSpec=n/a;clashPen=n/a;enrichSets=0;enrichActive=0;enrichDecoy=0;enrichAUC=n/a;enrichMargin=n/a | case=5bjp-corn-dfho;rank=1;top=mode:1;decoys=0;margin=n/a;topRMSD=0.000;bestDecoyRMSD=n/a;contactSpec=n/a;clashPen=n/a;enrichSets=0;enrichActive=0;enrichDecoy=0;enrichAUC=n/a;enrichMargin=n/a | case=6wzs-ztp-riboswitch;rank=1;top=mode:1;decoys=0;margin=n/a;topRMSD=0.000;bestDecoyRMSD=n/a;contactSpec=n/a;clashPen=n/a;enrichSets=0;enrichActive=0;enrichDecoy=0;enrichAUC=n/a;enrichMargin=n/a | case=3irw-c-di-gmp-riboswitch;rank=1;top=mode:1;decoys=0;margin=n/a;topRMSD=0.000;bestDecoyRMSD=n/a;contactSpec=n/a;clashPen=n/a;enrichSets=0;enrichActive=0;enrichDecoy=0;enrichAUC=n/a;enrichMargin=n/a | case=4qlm-c-di-amp-riboswitch;rank=1;top=mode:1;decoys=0;margin=n/a;topRMSD=0.000;bestDecoyRMSD=n/a;contactSpec=n/a;clashPen=n/a;enrichSets=0;enrichActive=0;enrichDecoy=0;enrichAUC=n/a;enrichMargin=n/a | case=3d0u-lysine-riboswitch;rank=1;top=mode:1;decoys=0;margin=n/a;topRMSD=0.000;bestDecoyRMSD=n/a;contactSpec=n/a;clashPen=n/a;enrichSets=0;enrichActive=0;enrichDecoy=0;enrichAUC=n/a;enrichMargin=n/a | case=3oww-glycine-riboswitch;rank=1;top=mode:1;decoys=0;margin=n/a;topRMSD=0.000;bestDecoyRMSD=n/a;contactSpec=n/a;clashPen=n/a;enrichSets=0;enrichActive=0;enrichDecoy=0;enrichAUC=n/a;enrichMargin=n/a
-0.180000,-0.500000,-0.350000,-0.220000,2.819526,0.725,-0.729,8,41,1423,1.000000,4.149569,0.562,0.000,0.000,8.224,26.605355,0.000000,0.000000,2.157895,1.000000,case=t6-thrombin-vina;rank=1;top=mode:1;decoys=0;margin=n/a;topRMSD=0.000;bestDecoyRMSD=n/a;contactSpec=n/a;clashPen=n/a;enrichSets=0;enrichActive=0;enrichDecoy=0;enrichAUC=n/a;enrichMargin=n/a | case=4q9r-spinach-2zy;rank=1;top=mode:1;decoys=10;margin=26.605;topRMSD=0.000;bestDecoyRMSD=8.224;contactSpec=0.000;clashPen=0.000;enrichSets=0;enrichActive=0;enrichDecoy=0;enrichAUC=n/a;enrichMargin=n/a | case=1fmn-fmn-riboswitch;rank=1;top=mode:1;decoys=0;margin=n/a;topRMSD=0.000;bestDecoyRMSD=n/a;contactSpec=n/a;clashPen=n/a;enrichSets=1;enrichActive=1;enrichDecoy=60;enrichAUC=1.000;enrichMargin=10.029 | case=1fmn-fmn-riboswitch-mg;rank=1;top=mode:1;decoys=0;margin=n/a;topRMSD=0.000;bestDecoyRMSD=n/a;contactSpec=n/a;clashPen=n/a;enrichSets=0;enrichActive=0;enrichDecoy=0;enrichAUC=n/a;enrichMargin=n/a | case=2g9c-purine-riboswitch;rank=1;top=mode:1;decoys=0;margin=n/a;topRMSD=0.000;bestDecoyRMSD=n/a;contactSpec=n/a;clashPen=n/a;enrichSets=1;enrichActive=7;enrichDecoy=88;enrichAUC=0.657;enrichMargin=-0.906 | case=4rzd-preq1-riboswitch;rank=1;top=mode:1;decoys=0;margin=n/a;topRMSD=0.000;bestDecoyRMSD=n/a;contactSpec=n/a;clashPen=n/a;enrichSets=1;enrichActive=5;enrichDecoy=74;enrichAUC=0.500;enrichMargin=0.000 | case=2gdi-tpp-riboswitch;rank=1;top=mode:1;decoys=0;margin=n/a;topRMSD=0.000;bestDecoyRMSD=n/a;contactSpec=n/a;clashPen=n/a;enrichSets=1;enrichActive=7;enrichDecoy=266;enrichAUC=0.631;enrichMargin=-14.664 | case=2ygh-sam-riboswitch;rank=1;top=mode:1;decoys=0;margin=n/a;topRMSD=0.000;bestDecoyRMSD=n/a;contactSpec=n/a;clashPen=n/a;enrichSets=1;enrichActive=3;enrichDecoy=238;enrichAUC=0.819;enrichMargin=-1.065 | case=3b4b-glms-riboswitch;rank=1;top=mode:1;decoys=0;margin=n/a;topRMSD=0.000;bestDecoyRMSD=n/a;contactSpec=n/a;clashPen=n/a;enrichSets=1;enrichActive=4;enrichDecoy=165;enrichAUC=0.750;enrichMargin=0.500 | case=2hoj-tpp-riboswitch;rank=1;top=mode:1;decoys=0;margin=n/a;topRMSD=0.000;bestDecoyRMSD=n/a;contactSpec=n/a;clashPen=n/a;enrichSets=2;enrichActive=14;enrichDecoy=532;enrichAUC=0.714;enrichMargin=1.000 | case=3sd3-thf-riboswitch;rank=1;top=mode:1;decoys=0;margin=n/a;topRMSD=0.000;bestDecoyRMSD=n/a;contactSpec=n/a;clashPen=n/a;enrichSets=0;enrichActive=0;enrichDecoy=0;enrichAUC=n/a;enrichMargin=n/a | case=5dhb-gmp-primer-template;rank=1;top=mode:1;decoys=0;margin=n/a;topRMSD=0.000;bestDecoyRMSD=n/a;contactSpec=n/a;clashPen=n/a;enrichSets=0;enrichActive=0;enrichDecoy=0;enrichAUC=n/a;enrichMargin=n/a | case=6c64-mango-ii-ekm;rank=1;top=mode:1;decoys=0;margin=n/a;topRMSD=0.000;bestDecoyRMSD=n/a;contactSpec=n/a;clashPen=n/a;enrichSets=0;enrichActive=0;enrichDecoy=0;enrichAUC=n/a;enrichMargin=n/a | case=5bjp-corn-dfho;rank=1;top=mode:1;decoys=0;margin=n/a;topRMSD=0.000;bestDecoyRMSD=n/a;contactSpec=n/a;clashPen=n/a;enrichSets=0;enrichActive=0;enrichDecoy=0;enrichAUC=n/a;enrichMargin=n/a | case=6wzs-ztp-riboswitch;rank=1;top=mode:1;decoys=0;margin=n/a;topRMSD=0.000;bestDecoyRMSD=n/a;contactSpec=n/a;clashPen=n/a;enrichSets=0;enrichActive=0;enrichDecoy=0;enrichAUC=n/a;enrichMargin=n/a | case=3irw-c-di-gmp-riboswitch;rank=1;top=mode:1;decoys=0;margin=n/a;topRMSD=0.000;bestDecoyRMSD=n/a;contactSpec=n/a;clashPen=n/a;enrichSets=0;enrichActive=0;enrichDecoy=0;enrichAUC=n/a;enrichMargin=n/a | case=4qlm-c-di-amp-riboswitch;rank=1;top=mode:1;decoys=0;margin=n/a;topRMSD=0.000;bestDecoyRMSD=n/a;contactSpec=n/a;clashPen=n/a;enrichSets=0;enrichActive=0;enrichDecoy=0;enrichAUC=n/a;enrichMargin=n/a | case=3d0u-lysine-riboswitch;rank=1;top=mode:1;decoys=0;margin=n/a;topRMSD=0.000;bestDecoyRMSD=n/a;contactSpec=n/a;clashPen=n/a;enrichSets=0;enrichActive=0;enrichDecoy=0;enrichAUC=n/a;enrichMargin=n/a | case=3oww-glycine-riboswitch;rank=1;top=mode:1;decoys=0;margin=n/a;topRMSD=0.000;bestDecoyRMSD=n/a;contactSpec=n/a;clashPen=n/a;enrichSets=0;enrichActive=0;enrichDecoy=0;enrichAUC=n/a;enrichMargin=n/a
-0.180000,-0.500000,-0.350000,-0.350000,2.819526,0.725,-0.729,8,41,1423,1.000000,4.149569,0.562,0.000,0.000,8.224,26.605355,0.000000,0.000000,2.157895,1.000000,case=t6-thrombin-vina;rank=1;top=mode:1;decoys=0;margin=n/a;topRMSD=0.000;bestDecoyRMSD=n/a;contactSpec=n/a;clashPen=n/a;enrichSets=0;enrichActive=0;enrichDecoy=0;enrichAUC=n/a;enrichMargin=n/a | case=4q9r-spinach-2zy;rank=1;top=mode:1;decoys=10;margin=26.605;topRMSD=0.000;bestDecoyRMSD=8.224;contactSpec=0.000;clashPen=0.000;enrichSets=0;enrichActive=0;enrichDecoy=0;enrichAUC=n/a;enrichMargin=n/a | case=1fmn-fmn-riboswitch;rank=1;top=mode:1;decoys=0;margin=n/a;topRMSD=0.000;bestDecoyRMSD=n/a;contactSpec=n/a;clashPen=n/a;enrichSets=1;enrichActive=1;enrichDecoy=60;enrichAUC=1.000;enrichMargin=10.029 | case=1fmn-fmn-riboswitch-mg;rank=1;top=mode:1;decoys=0;margin=n/a;topRMSD=0.000;bestDecoyRMSD=n/a;contactSpec=n/a;clashPen=n/a;enrichSets=0;enrichActive=0;enrichDecoy=0;enrichAUC=n/a;enrichMargin=n/a | case=2g9c-purine-riboswitch;rank=1;top=mode:1;decoys=0;margin=n/a;topRMSD=0.000;bestDecoyRMSD=n/a;contactSpec=n/a;clashPen=n/a;enrichSets=1;enrichActive=7;enrichDecoy=88;enrichAUC=0.657;enrichMargin=-0.906 | case=4rzd-preq1-riboswitch;rank=1;top=mode:1;decoys=0;margin=n/a;topRMSD=0.000;bestDecoyRMSD=n/a;contactSpec=n/a;clashPen=n/a;enrichSets=1;enrichActive=5;enrichDecoy=74;enrichAUC=0.500;enrichMargin=0.000 | case=2gdi-tpp-riboswitch;rank=1;top=mode:1;decoys=0;margin=n/a;topRMSD=0.000;bestDecoyRMSD=n/a;contactSpec=n/a;clashPen=n/a;enrichSets=1;enrichActive=7;enrichDecoy=266;enrichAUC=0.631;enrichMargin=-14.664 | case=2ygh-sam-riboswitch;rank=1;top=mode:1;decoys=0;margin=n/a;topRMSD=0.000;bestDecoyRMSD=n/a;contactSpec=n/a;clashPen=n/a;enrichSets=1;enrichActive=3;enrichDecoy=238;enrichAUC=0.819;enrichMargin=-1.065 | case=3b4b-glms-riboswitch;rank=1;top=mode:1;decoys=0;margin=n/a;topRMSD=0.000;bestDecoyRMSD=n/a;contactSpec=n/a;clashPen=n/a;enrichSets=1;enrichActive=4;enrichDecoy=165;enrichAUC=0.750;enrichMargin=0.500 | case=2hoj-tpp-riboswitch;rank=1;top=mode:1;decoys=0;margin=n/a;topRMSD=0.000;bestDecoyRMSD=n/a;contactSpec=n/a;clashPen=n/a;enrichSets=2;enrichActive=14;enrichDecoy=532;enrichAUC=0.714;enrichMargin=1.000 | case=3sd3-thf-riboswitch;rank=1;top=mode:1;decoys=0;margin=n/a;topRMSD=0.000;bestDecoyRMSD=n/a;contactSpec=n/a;clashPen=n/a;enrichSets=0;enrichActive=0;enrichDecoy=0;enrichAUC=n/a;enrichMargin=n/a | case=5dhb-gmp-primer-template;rank=1;top=mode:1;decoys=0;margin=n/a;topRMSD=0.000;bestDecoyRMSD=n/a;contactSpec=n/a;clashPen=n/a;enrichSets=0;enrichActive=0;enrichDecoy=0;enrichAUC=n/a;enrichMargin=n/a | case=6c64-mango-ii-ekm;rank=1;top=mode:1;decoys=0;margin=n/a;topRMSD=0.000;bestDecoyRMSD=n/a;contactSpec=n/a;clashPen=n/a;enrichSets=0;enrichActive=0;enrichDecoy=0;enrichAUC=n/a;enrichMargin=n/a | case=5bjp-corn-dfho;rank=1;top=mode:1;decoys=0;margin=n/a;topRMSD=0.000;bestDecoyRMSD=n/a;contactSpec=n/a;clashPen=n/a;enrichSets=0;enrichActive=0;enrichDecoy=0;enrichAUC=n/a;enrichMargin=n/a | case=6wzs-ztp-riboswitch;rank=1;top=mode:1;decoys=0;margin=n/a;topRMSD=0.000;bestDecoyRMSD=n/a;contactSpec=n/a;clashPen=n/a;enrichSets=0;enrichActive=0;enrichDecoy=0;enrichAUC=n/a;enrichMargin=n/a | case=3irw-c-di-gmp-riboswitch;rank=1;top=mode:1;decoys=0;margin=n/a;topRMSD=0.000;bestDecoyRMSD=n/a;contactSpec=n/a;clashPen=n/a;enrichSets=0;enrichActive=0;enrichDecoy=0;enrichAUC=n/a;enrichMargin=n/a | case=4qlm-c-di-amp-riboswitch;rank=1;top=mode:1;decoys=0;margin=n/a;topRMSD=0.000;bestDecoyRMSD=n/a;contactSpec=n/a;clashPen=n/a;enrichSets=0;enrichActive=0;enrichDecoy=0;enrichAUC=n/a;enrichMargin=n/a | case=3d0u-lysine-riboswitch;rank=1;top=mode:1;decoys=0;margin=n/a;topRMSD=0.000;bestDecoyRMSD=n/a;contactSpec=n/a;clashPen=n/a;enrichSets=0;enrichActive=0;enrichDecoy=0;enrichAUC=n/a;enrichMargin=n/a | case=3oww-glycine-riboswitch;rank=1;top=mode:1;decoys=0;margin=n/a;topRMSD=0.000;bestDecoyRMSD=n/a;contactSpec=n/a;clashPen=n/a;enrichSets=0;enrichActive=0;enrichDecoy=0;enrichAUC=n/a;enrichMargin=n/a
-0.320000,-0.500000,-0.250000,-0.100000,2.824714,0.726,-0.732,8,41,1423,1.000000,4.167565,0.562,0.000,0.000,8.224,26.615388,0.000000,0.000000,2.157895,1.000000,case=t6-thrombin-vina;rank=1;top=mode:1;decoys=0;margin=n/a;topRMSD=0.000;bestDecoyRMSD=n/a;contactSpec=n/a;clashPen=n/a;enrichSets=0;enrichActive=0;enrichDecoy=0;enrichAUC=n/a;enrichMargin=n/a | case=4q9r-spinach-2zy;rank=1;top=mode:1;decoys=10;margin=26.615;topRMSD=0.000;bestDecoyRMSD=8.224;contactSpec=0.000;clashPen=0.000;enrichSets=0;enrichActive=0;enrichDecoy=0;enrichAUC=n/a;enrichMargin=n/a | case=1fmn-fmn-riboswitch;rank=1;top=mode:1;decoys=0;margin=n/a;topRMSD=0.000;bestDecoyRMSD=n/a;contactSpec=n/a;clashPen=n/a;enrichSets=1;enrichActive=1;enrichDecoy=60;enrichAUC=1.000;enrichMargin=10.131 | case=1fmn-fmn-riboswitch-mg;rank=1;top=mode:1;decoys=0;margin=n/a;topRMSD=0.000;bestDecoyRMSD=n/a;contactSpec=n/a;clashPen=n/a;enrichSets=0;enrichActive=0;enrichDecoy=0;enrichAUC=n/a;enrichMargin=n/a | case=2g9c-purine-riboswitch;rank=1;top=mode:1;decoys=0;margin=n/a;topRMSD=0.000;bestDecoyRMSD=n/a;contactSpec=n/a;clashPen=n/a;enrichSets=1;enrichActive=7;enrichDecoy=88;enrichAUC=0.661;enrichMargin=-0.905 | case=4rzd-preq1-riboswitch;rank=1;top=mode:1;decoys=0;margin=n/a;topRMSD=0.000;bestDecoyRMSD=n/a;contactSpec=n/a;clashPen=n/a;enrichSets=1;enrichActive=5;enrichDecoy=74;enrichAUC=0.500;enrichMargin=0.000 | case=2gdi-tpp-riboswitch;rank=1;top=mode:1;decoys=0;margin=n/a;topRMSD=0.000;bestDecoyRMSD=n/a;contactSpec=n/a;clashPen=n/a;enrichSets=1;enrichActive=7;enrichDecoy=266;enrichAUC=0.634;enrichMargin=-14.684 | case=2ygh-sam-riboswitch;rank=1;top=mode:1;decoys=0;margin=n/a;topRMSD=0.000;bestDecoyRMSD=n/a;contactSpec=n/a;clashPen=n/a;enrichSets=1;enrichActive=3;enrichDecoy=238;enrichAUC=0.819;enrichMargin=-1.165 | case=3b4b-glms-riboswitch;rank=1;top=mode:1;decoys=0;margin=n/a;topRMSD=0.000;bestDecoyRMSD=n/a;contactSpec=n/a;clashPen=n/a;enrichSets=1;enrichActive=4;enrichDecoy=165;enrichAUC=0.750;enrichMargin=0.500 | case=2hoj-tpp-riboswitch;rank=1;top=mode:1;decoys=0;margin=n/a;topRMSD=0.000;bestDecoyRMSD=n/a;contactSpec=n/a;clashPen=n/a;enrichSets=2;enrichActive=14;enrichDecoy=532;enrichAUC=0.714;enrichMargin=1.000 | case=3sd3-thf-riboswitch;rank=1;top=mode:1;decoys=0;margin=n/a;topRMSD=0.000;bestDecoyRMSD=n/a;contactSpec=n/a;clashPen=n/a;enrichSets=0;enrichActive=0;enrichDecoy=0;enrichAUC=n/a;enrichMargin=n/a | case=5dhb-gmp-primer-template;rank=1;top=mode:1;decoys=0;margin=n/a;topRMSD=0.000;bestDecoyRMSD=n/a;contactSpec=n/a;clashPen=n/a;enrichSets=0;enrichActive=0;enrichDecoy=0;enrichAUC=n/a;enrichMargin=n/a | case=6c64-mango-ii-ekm;rank=1;top=mode:1;decoys=0;margin=n/a;topRMSD=0.000;bestDecoyRMSD=n/a;contactSpec=n/a;clashPen=n/a;enrichSets=0;enrichActive=0;enrichDecoy=0;enrichAUC=n/a;enrichMargin=n/a | case=5bjp-corn-dfho;rank=1;top=mode:1;decoys=0;margin=n/a;topRMSD=0.000;bestDecoyRMSD=n/a;contactSpec=n/a;clashPen=n/a;enrichSets=0;enrichActive=0;enrichDecoy=0;enrichAUC=n/a;enrichMargin=n/a | case=6wzs-ztp-riboswitch;rank=1;top=mode:1;decoys=0;margin=n/a;topRMSD=0.000;bestDecoyRMSD=n/a;contactSpec=n/a;clashPen=n/a;enrichSets=0;enrichActive=0;enrichDecoy=0;enrichAUC=n/a;enrichMargin=n/a | case=3irw-c-di-gmp-riboswitch;rank=1;top=mode:1;decoys=0;margin=n/a;topRMSD=0.000;bestDecoyRMSD=n/a;contactSpec=n/a;clashPen=n/a;enrichSets=0;enrichActive=0;enrichDecoy=0;enrichAUC=n/a;enrichMargin=n/a | case=4qlm-c-di-amp-riboswitch;rank=1;top=mode:1;decoys=0;margin=n/a;topRMSD=0.000;bestDecoyRMSD=n/a;contactSpec=n/a;clashPen=n/a;enrichSets=0;enrichActive=0;enrichDecoy=0;enrichAUC=n/a;enrichMargin=n/a | case=3d0u-lysine-riboswitch;rank=1;top=mode:1;decoys=0;margin=n/a;topRMSD=0.000;bestDecoyRMSD=n/a;contactSpec=n/a;clashPen=n/a;enrichSets=0;enrichActive=0;enrichDecoy=0;enrichAUC=n/a;enrichMargin=n/a | case=3oww-glycine-riboswitch;rank=1;top=mode:1;decoys=0;margin=n/a;topRMSD=0.000;bestDecoyRMSD=n/a;contactSpec=n/a;clashPen=n/a;enrichSets=0;enrichActive=0;enrichDecoy=0;enrichAUC=n/a;enrichMargin=n/a
-0.320000,-0.500000,-0.250000,-0.220000,2.824714,0.726,-0.732,8,41,1423,1.000000,4.167565,0.562,0.000,0.000,8.224,26.615388,0.000000,0.000000,2.157895,1.000000,case=t6-thrombin-vina;rank=1;top=mode:1;decoys=0;margin=n/a;topRMSD=0.000;bestDecoyRMSD=n/a;contactSpec=n/a;clashPen=n/a;enrichSets=0;enrichActive=0;enrichDecoy=0;enrichAUC=n/a;enrichMargin=n/a | case=4q9r-spinach-2zy;rank=1;top=mode:1;decoys=10;margin=26.615;topRMSD=0.000;bestDecoyRMSD=8.224;contactSpec=0.000;clashPen=0.000;enrichSets=0;enrichActive=0;enrichDecoy=0;enrichAUC=n/a;enrichMargin=n/a | case=1fmn-fmn-riboswitch;rank=1;top=mode:1;decoys=0;margin=n/a;topRMSD=0.000;bestDecoyRMSD=n/a;contactSpec=n/a;clashPen=n/a;enrichSets=1;enrichActive=1;enrichDecoy=60;enrichAUC=1.000;enrichMargin=10.131 | case=1fmn-fmn-riboswitch-mg;rank=1;top=mode:1;decoys=0;margin=n/a;topRMSD=0.000;bestDecoyRMSD=n/a;contactSpec=n/a;clashPen=n/a;enrichSets=0;enrichActive=0;enrichDecoy=0;enrichAUC=n/a;enrichMargin=n/a | case=2g9c-purine-riboswitch;rank=1;top=mode:1;decoys=0;margin=n/a;topRMSD=0.000;bestDecoyRMSD=n/a;contactSpec=n/a;clashPen=n/a;enrichSets=1;enrichActive=7;enrichDecoy=88;enrichAUC=0.661;enrichMargin=-0.905 | case=4rzd-preq1-riboswitch;rank=1;top=mode:1;decoys=0;margin=n/a;topRMSD=0.000;bestDecoyRMSD=n/a;contactSpec=n/a;clashPen=n/a;enrichSets=1;enrichActive=5;enrichDecoy=74;enrichAUC=0.500;enrichMargin=0.000 | case=2gdi-tpp-riboswitch;rank=1;top=mode:1;decoys=0;margin=n/a;topRMSD=0.000;bestDecoyRMSD=n/a;contactSpec=n/a;clashPen=n/a;enrichSets=1;enrichActive=7;enrichDecoy=266;enrichAUC=0.634;enrichMargin=-14.684 | case=2ygh-sam-riboswitch;rank=1;top=mode:1;decoys=0;margin=n/a;topRMSD=0.000;bestDecoyRMSD=n/a;contactSpec=n/a;clashPen=n/a;enrichSets=1;enrichActive=3;enrichDecoy=238;enrichAUC=0.819;enrichMargin=-1.165 | case=3b4b-glms-riboswitch;rank=1;top=mode:1;decoys=0;margin=n/a;topRMSD=0.000;bestDecoyRMSD=n/a;contactSpec=n/a;clashPen=n/a;enrichSets=1;enrichActive=4;enrichDecoy=165;enrichAUC=0.750;enrichMargin=0.500 | case=2hoj-tpp-riboswitch;rank=1;top=mode:1;decoys=0;margin=n/a;topRMSD=0.000;bestDecoyRMSD=n/a;contactSpec=n/a;clashPen=n/a;enrichSets=2;enrichActive=14;enrichDecoy=532;enrichAUC=0.714;enrichMargin=1.000 | case=3sd3-thf-riboswitch;rank=1;top=mode:1;decoys=0;margin=n/a;topRMSD=0.000;bestDecoyRMSD=n/a;contactSpec=n/a;clashPen=n/a;enrichSets=0;enrichActive=0;enrichDecoy=0;enrichAUC=n/a;enrichMargin=n/a | case=5dhb-gmp-primer-template;rank=1;top=mode:1;decoys=0;margin=n/a;topRMSD=0.000;bestDecoyRMSD=n/a;contactSpec=n/a;clashPen=n/a;enrichSets=0;enrichActive=0;enrichDecoy=0;enrichAUC=n/a;enrichMargin=n/a | case=6c64-mango-ii-ekm;rank=1;top=mode:1;decoys=0;margin=n/a;topRMSD=0.000;bestDecoyRMSD=n/a;contactSpec=n/a;clashPen=n/a;enrichSets=0;enrichActive=0;enrichDecoy=0;enrichAUC=n/a;enrichMargin=n/a | case=5bjp-corn-dfho;rank=1;top=mode:1;decoys=0;margin=n/a;topRMSD=0.000;bestDecoyRMSD=n/a;contactSpec=n/a;clashPen=n/a;enrichSets=0;enrichActive=0;enrichDecoy=0;enrichAUC=n/a;enrichMargin=n/a | case=6wzs-ztp-riboswitch;rank=1;top=mode:1;decoys=0;margin=n/a;topRMSD=0.000;bestDecoyRMSD=n/a;contactSpec=n/a;clashPen=n/a;enrichSets=0;enrichActive=0;enrichDecoy=0;enrichAUC=n/a;enrichMargin=n/a | case=3irw-c-di-gmp-riboswitch;rank=1;top=mode:1;decoys=0;margin=n/a;topRMSD=0.000;bestDecoyRMSD=n/a;contactSpec=n/a;clashPen=n/a;enrichSets=0;enrichActive=0;enrichDecoy=0;enrichAUC=n/a;enrichMargin=n/a | case=4qlm-c-di-amp-riboswitch;rank=1;top=mode:1;decoys=0;margin=n/a;topRMSD=0.000;bestDecoyRMSD=n/a;contactSpec=n/a;clashPen=n/a;enrichSets=0;enrichActive=0;enrichDecoy=0;enrichAUC=n/a;enrichMargin=n/a | case=3d0u-lysine-riboswitch;rank=1;top=mode:1;decoys=0;margin=n/a;topRMSD=0.000;bestDecoyRMSD=n/a;contactSpec=n/a;clashPen=n/a;enrichSets=0;enrichActive=0;enrichDecoy=0;enrichAUC=n/a;enrichMargin=n/a | case=3oww-glycine-riboswitch;rank=1;top=mode:1;decoys=0;margin=n/a;topRMSD=0.000;bestDecoyRMSD=n/a;contactSpec=n/a;clashPen=n/a;enrichSets=0;enrichActive=0;enrichDecoy=0;enrichAUC=n/a;enrichMargin=n/a
-0.320000,-0.500000,-0.250000,-0.350000,2.824714,0.726,-0.732,8,41,1423,1.000000,4.167565,0.562,0.000,0.000,8.224,26.615388,0.000000,0.000000,2.157895,1.000000,case=t6-thrombin-vina;rank=1;top=mode:1;decoys=0;margin=n/a;topRMSD=0.000;bestDecoyRMSD=n/a;contactSpec=n/a;clashPen=n/a;enrichSets=0;enrichActive=0;enrichDecoy=0;enrichAUC=n/a;enrichMargin=n/a | case=4q9r-spinach-2zy;rank=1;top=mode:1;decoys=10;margin=26.615;topRMSD=0.000;bestDecoyRMSD=8.224;contactSpec=0.000;clashPen=0.000;enrichSets=0;enrichActive=0;enrichDecoy=0;enrichAUC=n/a;enrichMargin=n/a | case=1fmn-fmn-riboswitch;rank=1;top=mode:1;decoys=0;margin=n/a;topRMSD=0.000;bestDecoyRMSD=n/a;contactSpec=n/a;clashPen=n/a;enrichSets=1;enrichActive=1;enrichDecoy=60;enrichAUC=1.000;enrichMargin=10.131 | case=1fmn-fmn-riboswitch-mg;rank=1;top=mode:1;decoys=0;margin=n/a;topRMSD=0.000;bestDecoyRMSD=n/a;contactSpec=n/a;clashPen=n/a;enrichSets=0;enrichActive=0;enrichDecoy=0;enrichAUC=n/a;enrichMargin=n/a | case=2g9c-purine-riboswitch;rank=1;top=mode:1;decoys=0;margin=n/a;topRMSD=0.000;bestDecoyRMSD=n/a;contactSpec=n/a;clashPen=n/a;enrichSets=1;enrichActive=7;enrichDecoy=88;enrichAUC=0.661;enrichMargin=-0.905 | case=4rzd-preq1-riboswitch;rank=1;top=mode:1;decoys=0;margin=n/a;topRMSD=0.000;bestDecoyRMSD=n/a;contactSpec=n/a;clashPen=n/a;enrichSets=1;enrichActive=5;enrichDecoy=74;enrichAUC=0.500;enrichMargin=0.000 | case=2gdi-tpp-riboswitch;rank=1;top=mode:1;decoys=0;margin=n/a;topRMSD=0.000;bestDecoyRMSD=n/a;contactSpec=n/a;clashPen=n/a;enrichSets=1;enrichActive=7;enrichDecoy=266;enrichAUC=0.634;enrichMargin=-14.684 | case=2ygh-sam-riboswitch;rank=1;top=mode:1;decoys=0;margin=n/a;topRMSD=0.000;bestDecoyRMSD=n/a;contactSpec=n/a;clashPen=n/a;enrichSets=1;enrichActive=3;enrichDecoy=238;enrichAUC=0.819;enrichMargin=-1.165 | case=3b4b-glms-riboswitch;rank=1;top=mode:1;decoys=0;margin=n/a;topRMSD=0.000;bestDecoyRMSD=n/a;contactSpec=n/a;clashPen=n/a;enrichSets=1;enrichActive=4;enrichDecoy=165;enrichAUC=0.750;enrichMargin=0.500 | case=2hoj-tpp-riboswitch;rank=1;top=mode:1;decoys=0;margin=n/a;topRMSD=0.000;bestDecoyRMSD=n/a;contactSpec=n/a;clashPen=n/a;enrichSets=2;enrichActive=14;enrichDecoy=532;enrichAUC=0.714;enrichMargin=1.000 | case=3sd3-thf-riboswitch;rank=1;top=mode:1;decoys=0;margin=n/a;topRMSD=0.000;bestDecoyRMSD=n/a;contactSpec=n/a;clashPen=n/a;enrichSets=0;enrichActive=0;enrichDecoy=0;enrichAUC=n/a;enrichMargin=n/a | case=5dhb-gmp-primer-template;rank=1;top=mode:1;decoys=0;margin=n/a;topRMSD=0.000;bestDecoyRMSD=n/a;contactSpec=n/a;clashPen=n/a;enrichSets=0;enrichActive=0;enrichDecoy=0;enrichAUC=n/a;enrichMargin=n/a | case=6c64-mango-ii-ekm;rank=1;top=mode:1;decoys=0;margin=n/a;topRMSD=0.000;bestDecoyRMSD=n/a;contactSpec=n/a;clashPen=n/a;enrichSets=0;enrichActive=0;enrichDecoy=0;enrichAUC=n/a;enrichMargin=n/a | case=5bjp-corn-dfho;rank=1;top=mode:1;decoys=0;margin=n/a;topRMSD=0.000;bestDecoyRMSD=n/a;contactSpec=n/a;clashPen=n/a;enrichSets=0;enrichActive=0;enrichDecoy=0;enrichAUC=n/a;enrichMargin=n/a | case=6wzs-ztp-riboswitch;rank=1;top=mode:1;decoys=0;margin=n/a;topRMSD=0.000;bestDecoyRMSD=n/a;contactSpec=n/a;clashPen=n/a;enrichSets=0;enrichActive=0;enrichDecoy=0;enrichAUC=n/a;enrichMargin=n/a | case=3irw-c-di-gmp-riboswitch;rank=1;top=mode:1;decoys=0;margin=n/a;topRMSD=0.000;bestDecoyRMSD=n/a;contactSpec=n/a;clashPen=n/a;enrichSets=0;enrichActive=0;enrichDecoy=0;enrichAUC=n/a;enrichMargin=n/a | case=4qlm-c-di-amp-riboswitch;rank=1;top=mode:1;decoys=0;margin=n/a;topRMSD=0.000;bestDecoyRMSD=n/a;contactSpec=n/a;clashPen=n/a;enrichSets=0;enrichActive=0;enrichDecoy=0;enrichAUC=n/a;enrichMargin=n/a | case=3d0u-lysine-riboswitch;rank=1;top=mode:1;decoys=0;margin=n/a;topRMSD=0.000;bestDecoyRMSD=n/a;contactSpec=n/a;clashPen=n/a;enrichSets=0;enrichActive=0;enrichDecoy=0;enrichAUC=n/a;enrichMargin=n/a | case=3oww-glycine-riboswitch;rank=1;top=mode:1;decoys=0;margin=n/a;topRMSD=0.000;bestDecoyRMSD=n/a;contactSpec=n/a;clashPen=n/a;enrichSets=0;enrichActive=0;enrichDecoy=0;enrichAUC=n/a;enrichMargin=n/a
-0.120000,-0.500000,-0.350000,-0.100000,2.830460,0.725,-0.738,8,41,1423,1.000000,4.166294,0.562,0.000,0.000,8.224,26.605369,0.000000,0.000000,2.157895,1.000000,case=t6-thrombin-vina;rank=1;top=mode:1;decoys=0;margin=n/a;topRMSD=0.000;bestDecoyRMSD=n/a;contactSpec=n/a;clashPen=n/a;enrichSets=0;enrichActive=0;enrichDecoy=0;enrichAUC=n/a;enrichMargin=n/a | case=4q9r-spinach-2zy;rank=1;top=mode:1;decoys=10;margin=26.605;topRMSD=0.000;bestDecoyRMSD=8.224;contactSpec=0.000;clashPen=0.000;enrichSets=0;enrichActive=0;enrichDecoy=0;enrichAUC=n/a;enrichMargin=n/a | case=1fmn-fmn-riboswitch;rank=1;top=mode:1;decoys=0;margin=n/a;topRMSD=0.000;bestDecoyRMSD=n/a;contactSpec=n/a;clashPen=n/a;enrichSets=1;enrichActive=1;enrichDecoy=60;enrichAUC=1.000;enrichMargin=9.924 | case=1fmn-fmn-riboswitch-mg;rank=1;top=mode:1;decoys=0;margin=n/a;topRMSD=0.000;bestDecoyRMSD=n/a;contactSpec=n/a;clashPen=n/a;enrichSets=0;enrichActive=0;enrichDecoy=0;enrichAUC=n/a;enrichMargin=n/a | case=2g9c-purine-riboswitch;rank=1;top=mode:1;decoys=0;margin=n/a;topRMSD=0.000;bestDecoyRMSD=n/a;contactSpec=n/a;clashPen=n/a;enrichSets=1;enrichActive=7;enrichDecoy=88;enrichAUC=0.657;enrichMargin=-0.906 | case=4rzd-preq1-riboswitch;rank=1;top=mode:1;decoys=0;margin=n/a;topRMSD=0.000;bestDecoyRMSD=n/a;contactSpec=n/a;clashPen=n/a;enrichSets=1;enrichActive=5;enrichDecoy=74;enrichAUC=0.500;enrichMargin=0.000 | case=2gdi-tpp-riboswitch;rank=1;top=mode:1;decoys=0;margin=n/a;topRMSD=0.000;bestDecoyRMSD=n/a;contactSpec=n/a;clashPen=n/a;enrichSets=1;enrichActive=7;enrichDecoy=266;enrichAUC=0.630;enrichMargin=-14.656 | case=2ygh-sam-riboswitch;rank=1;top=mode:1;decoys=0;margin=n/a;topRMSD=0.000;bestDecoyRMSD=n/a;contactSpec=n/a;clashPen=n/a;enrichSets=1;enrichActive=3;enrichDecoy=238;enrichAUC=0.821;enrichMargin=-1.032 | case=3b4b-glms-riboswitch;rank=1;top=mode:1;decoys=0;margin=n/a;topRMSD=0.000;bestDecoyRMSD=n/a;contactSpec=n/a;clashPen=n/a;enrichSets=1;enrichActive=4;enrichDecoy=165;enrichAUC=0.750;enrichMargin=0.500 | case=2hoj-tpp-riboswitch;rank=1;top=mode:1;decoys=0;margin=n/a;topRMSD=0.000;bestDecoyRMSD=n/a;contactSpec=n/a;clashPen=n/a;enrichSets=2;enrichActive=14;enrichDecoy=532;enrichAUC=0.714;enrichMargin=1.000 | case=3sd3-thf-riboswitch;rank=1;top=mode:1;decoys=0;margin=n/a;topRMSD=0.000;bestDecoyRMSD=n/a;contactSpec=n/a;clashPen=n/a;enrichSets=0;enrichActive=0;enrichDecoy=0;enrichAUC=n/a;enrichMargin=n/a | case=5dhb-gmp-primer-template;rank=1;top=mode:1;decoys=0;margin=n/a;topRMSD=0.000;bestDecoyRMSD=n/a;contactSpec=n/a;clashPen=n/a;enrichSets=0;enrichActive=0;enrichDecoy=0;enrichAUC=n/a;enrichMargin=n/a | case=6c64-mango-ii-ekm;rank=1;top=mode:1;decoys=0;margin=n/a;topRMSD=0.000;bestDecoyRMSD=n/a;contactSpec=n/a;clashPen=n/a;enrichSets=0;enrichActive=0;enrichDecoy=0;enrichAUC=n/a;enrichMargin=n/a | case=5bjp-corn-dfho;rank=1;top=mode:1;decoys=0;margin=n/a;topRMSD=0.000;bestDecoyRMSD=n/a;contactSpec=n/a;clashPen=n/a;enrichSets=0;enrichActive=0;enrichDecoy=0;enrichAUC=n/a;enrichMargin=n/a | case=6wzs-ztp-riboswitch;rank=1;top=mode:1;decoys=0;margin=n/a;topRMSD=0.000;bestDecoyRMSD=n/a;contactSpec=n/a;clashPen=n/a;enrichSets=0;enrichActive=0;enrichDecoy=0;enrichAUC=n/a;enrichMargin=n/a | case=3irw-c-di-gmp-riboswitch;rank=1;top=mode:1;decoys=0;margin=n/a;topRMSD=0.000;bestDecoyRMSD=n/a;contactSpec=n/a;clashPen=n/a;enrichSets=0;enrichActive=0;enrichDecoy=0;enrichAUC=n/a;enrichMargin=n/a | case=4qlm-c-di-amp-riboswitch;rank=1;top=mode:1;decoys=0;margin=n/a;topRMSD=0.000;bestDecoyRMSD=n/a;contactSpec=n/a;clashPen=n/a;enrichSets=0;enrichActive=0;enrichDecoy=0;enrichAUC=n/a;enrichMargin=n/a | case=3d0u-lysine-riboswitch;rank=1;top=mode:1;decoys=0;margin=n/a;topRMSD=0.000;bestDecoyRMSD=n/a;contactSpec=n/a;clashPen=n/a;enrichSets=0;enrichActive=0;enrichDecoy=0;enrichAUC=n/a;enrichMargin=n/a | case=3oww-glycine-riboswitch;rank=1;top=mode:1;decoys=0;margin=n/a;topRMSD=0.000;bestDecoyRMSD=n/a;contactSpec=n/a;clashPen=n/a;enrichSets=0;enrichActive=0;enrichDecoy=0;enrichAUC=n/a;enrichMargin=n/a
-0.120000,-0.500000,-0.350000,-0.220000,2.830460,0.725,-0.738,8,41,1423,1.000000,4.166294,0.562,0.000,0.000,8.224,26.605369,0.000000,0.000000,2.157895,1.000000,case=t6-thrombin-vina;rank=1;top=mode:1;decoys=0;margin=n/a;topRMSD=0.000;bestDecoyRMSD=n/a;contactSpec=n/a;clashPen=n/a;enrichSets=0;enrichActive=0;enrichDecoy=0;enrichAUC=n/a;enrichMargin=n/a | case=4q9r-spinach-2zy;rank=1;top=mode:1;decoys=10;margin=26.605;topRMSD=0.000;bestDecoyRMSD=8.224;contactSpec=0.000;clashPen=0.000;enrichSets=0;enrichActive=0;enrichDecoy=0;enrichAUC=n/a;enrichMargin=n/a | case=1fmn-fmn-riboswitch;rank=1;top=mode:1;decoys=0;margin=n/a;topRMSD=0.000;bestDecoyRMSD=n/a;contactSpec=n/a;clashPen=n/a;enrichSets=1;enrichActive=1;enrichDecoy=60;enrichAUC=1.000;enrichMargin=9.924 | case=1fmn-fmn-riboswitch-mg;rank=1;top=mode:1;decoys=0;margin=n/a;topRMSD=0.000;bestDecoyRMSD=n/a;contactSpec=n/a;clashPen=n/a;enrichSets=0;enrichActive=0;enrichDecoy=0;enrichAUC=n/a;enrichMargin=n/a | case=2g9c-purine-riboswitch;rank=1;top=mode:1;decoys=0;margin=n/a;topRMSD=0.000;bestDecoyRMSD=n/a;contactSpec=n/a;clashPen=n/a;enrichSets=1;enrichActive=7;enrichDecoy=88;enrichAUC=0.657;enrichMargin=-0.906 | case=4rzd-preq1-riboswitch;rank=1;top=mode:1;decoys=0;margin=n/a;topRMSD=0.000;bestDecoyRMSD=n/a;contactSpec=n/a;clashPen=n/a;enrichSets=1;enrichActive=5;enrichDecoy=74;enrichAUC=0.500;enrichMargin=0.000 | case=2gdi-tpp-riboswitch;rank=1;top=mode:1;decoys=0;margin=n/a;topRMSD=0.000;bestDecoyRMSD=n/a;contactSpec=n/a;clashPen=n/a;enrichSets=1;enrichActive=7;enrichDecoy=266;enrichAUC=0.630;enrichMargin=-14.656 | case=2ygh-sam-riboswitch;rank=1;top=mode:1;decoys=0;margin=n/a;topRMSD=0.000;bestDecoyRMSD=n/a;contactSpec=n/a;clashPen=n/a;enrichSets=1;enrichActive=3;enrichDecoy=238;enrichAUC=0.821;enrichMargin=-1.032 | case=3b4b-glms-riboswitch;rank=1;top=mode:1;decoys=0;margin=n/a;topRMSD=0.000;bestDecoyRMSD=n/a;contactSpec=n/a;clashPen=n/a;enrichSets=1;enrichActive=4;enrichDecoy=165;enrichAUC=0.750;enrichMargin=0.500 | case=2hoj-tpp-riboswitch;rank=1;top=mode:1;decoys=0;margin=n/a;topRMSD=0.000;bestDecoyRMSD=n/a;contactSpec=n/a;clashPen=n/a;enrichSets=2;enrichActive=14;enrichDecoy=532;enrichAUC=0.714;enrichMargin=1.000 | case=3sd3-thf-riboswitch;rank=1;top=mode:1;decoys=0;margin=n/a;topRMSD=0.000;bestDecoyRMSD=n/a;contactSpec=n/a;clashPen=n/a;enrichSets=0;enrichActive=0;enrichDecoy=0;enrichAUC=n/a;enrichMargin=n/a | case=5dhb-gmp-primer-template;rank=1;top=mode:1;decoys=0;margin=n/a;topRMSD=0.000;bestDecoyRMSD=n/a;contactSpec=n/a;clashPen=n/a;enrichSets=0;enrichActive=0;enrichDecoy=0;enrichAUC=n/a;enrichMargin=n/a | case=6c64-mango-ii-ekm;rank=1;top=mode:1;decoys=0;margin=n/a;topRMSD=0.000;bestDecoyRMSD=n/a;contactSpec=n/a;clashPen=n/a;enrichSets=0;enrichActive=0;enrichDecoy=0;enrichAUC=n/a;enrichMargin=n/a | case=5bjp-corn-dfho;rank=1;top=mode:1;decoys=0;margin=n/a;topRMSD=0.000;bestDecoyRMSD=n/a;contactSpec=n/a;clashPen=n/a;enrichSets=0;enrichActive=0;enrichDecoy=0;enrichAUC=n/a;enrichMargin=n/a | case=6wzs-ztp-riboswitch;rank=1;top=mode:1;decoys=0;margin=n/a;topRMSD=0.000;bestDecoyRMSD=n/a;contactSpec=n/a;clashPen=n/a;enrichSets=0;enrichActive=0;enrichDecoy=0;enrichAUC=n/a;enrichMargin=n/a | case=3irw-c-di-gmp-riboswitch;rank=1;top=mode:1;decoys=0;margin=n/a;topRMSD=0.000;bestDecoyRMSD=n/a;contactSpec=n/a;clashPen=n/a;enrichSets=0;enrichActive=0;enrichDecoy=0;enrichAUC=n/a;enrichMargin=n/a | case=4qlm-c-di-amp-riboswitch;rank=1;top=mode:1;decoys=0;margin=n/a;topRMSD=0.000;bestDecoyRMSD=n/a;contactSpec=n/a;clashPen=n/a;enrichSets=0;enrichActive=0;enrichDecoy=0;enrichAUC=n/a;enrichMargin=n/a | case=3d0u-lysine-riboswitch;rank=1;top=mode:1;decoys=0;margin=n/a;topRMSD=0.000;bestDecoyRMSD=n/a;contactSpec=n/a;clashPen=n/a;enrichSets=0;enrichActive=0;enrichDecoy=0;enrichAUC=n/a;enrichMargin=n/a | case=3oww-glycine-riboswitch;rank=1;top=mode:1;decoys=0;margin=n/a;topRMSD=0.000;bestDecoyRMSD=n/a;contactSpec=n/a;clashPen=n/a;enrichSets=0;enrichActive=0;enrichDecoy=0;enrichAUC=n/a;enrichMargin=n/a
-0.120000,-0.500000,-0.350000,-0.350000,2.830460,0.725,-0.738,8,41,1423,1.000000,4.166294,0.562,0.000,0.000,8.224,26.605369,0.000000,0.000000,2.157895,1.000000,case=t6-thrombin-vina;rank=1;top=mode:1;decoys=0;margin=n/a;topRMSD=0.000;bestDecoyRMSD=n/a;contactSpec=n/a;clashPen=n/a;enrichSets=0;enrichActive=0;enrichDecoy=0;enrichAUC=n/a;enrichMargin=n/a | case=4q9r-spinach-2zy;rank=1;top=mode:1;decoys=10;margin=26.605;topRMSD=0.000;bestDecoyRMSD=8.224;contactSpec=0.000;clashPen=0.000;enrichSets=0;enrichActive=0;enrichDecoy=0;enrichAUC=n/a;enrichMargin=n/a | case=1fmn-fmn-riboswitch;rank=1;top=mode:1;decoys=0;margin=n/a;topRMSD=0.000;bestDecoyRMSD=n/a;contactSpec=n/a;clashPen=n/a;enrichSets=1;enrichActive=1;enrichDecoy=60;enrichAUC=1.000;enrichMargin=9.924 | case=1fmn-fmn-riboswitch-mg;rank=1;top=mode:1;decoys=0;margin=n/a;topRMSD=0.000;bestDecoyRMSD=n/a;contactSpec=n/a;clashPen=n/a;enrichSets=0;enrichActive=0;enrichDecoy=0;enrichAUC=n/a;enrichMargin=n/a | case=2g9c-purine-riboswitch;rank=1;top=mode:1;decoys=0;margin=n/a;topRMSD=0.000;bestDecoyRMSD=n/a;contactSpec=n/a;clashPen=n/a;enrichSets=1;enrichActive=7;enrichDecoy=88;enrichAUC=0.657;enrichMargin=-0.906 | case=4rzd-preq1-riboswitch;rank=1;top=mode:1;decoys=0;margin=n/a;topRMSD=0.000;bestDecoyRMSD=n/a;contactSpec=n/a;clashPen=n/a;enrichSets=1;enrichActive=5;enrichDecoy=74;enrichAUC=0.500;enrichMargin=0.000 | case=2gdi-tpp-riboswitch;rank=1;top=mode:1;decoys=0;margin=n/a;topRMSD=0.000;bestDecoyRMSD=n/a;contactSpec=n/a;clashPen=n/a;enrichSets=1;enrichActive=7;enrichDecoy=266;enrichAUC=0.630;enrichMargin=-14.656 | case=2ygh-sam-riboswitch;rank=1;top=mode:1;decoys=0;margin=n/a;topRMSD=0.000;bestDecoyRMSD=n/a;contactSpec=n/a;clashPen=n/a;enrichSets=1;enrichActive=3;enrichDecoy=238;enrichAUC=0.821;enrichMargin=-1.032 | case=3b4b-glms-riboswitch;rank=1;top=mode:1;decoys=0;margin=n/a;topRMSD=0.000;bestDecoyRMSD=n/a;contactSpec=n/a;clashPen=n/a;enrichSets=1;enrichActive=4;enrichDecoy=165;enrichAUC=0.750;enrichMargin=0.500 | case=2hoj-tpp-riboswitch;rank=1;top=mode:1;decoys=0;margin=n/a;topRMSD=0.000;bestDecoyRMSD=n/a;contactSpec=n/a;clashPen=n/a;enrichSets=2;enrichActive=14;enrichDecoy=532;enrichAUC=0.714;enrichMargin=1.000 | case=3sd3-thf-riboswitch;rank=1;top=mode:1;decoys=0;margin=n/a;topRMSD=0.000;bestDecoyRMSD=n/a;contactSpec=n/a;clashPen=n/a;enrichSets=0;enrichActive=0;enrichDecoy=0;enrichAUC=n/a;enrichMargin=n/a | case=5dhb-gmp-primer-template;rank=1;top=mode:1;decoys=0;margin=n/a;topRMSD=0.000;bestDecoyRMSD=n/a;contactSpec=n/a;clashPen=n/a;enrichSets=0;enrichActive=0;enrichDecoy=0;enrichAUC=n/a;enrichMargin=n/a | case=6c64-mango-ii-ekm;rank=1;top=mode:1;decoys=0;margin=n/a;topRMSD=0.000;bestDecoyRMSD=n/a;contactSpec=n/a;clashPen=n/a;enrichSets=0;enrichActive=0;enrichDecoy=0;enrichAUC=n/a;enrichMargin=n/a | case=5bjp-corn-dfho;rank=1;top=mode:1;decoys=0;margin=n/a;topRMSD=0.000;bestDecoyRMSD=n/a;contactSpec=n/a;clashPen=n/a;enrichSets=0;enrichActive=0;enrichDecoy=0;enrichAUC=n/a;enrichMargin=n/a | case=6wzs-ztp-riboswitch;rank=1;top=mode:1;decoys=0;margin=n/a;topRMSD=0.000;bestDecoyRMSD=n/a;contactSpec=n/a;clashPen=n/a;enrichSets=0;enrichActive=0;enrichDecoy=0;enrichAUC=n/a;enrichMargin=n/a | case=3irw-c-di-gmp-riboswitch;rank=1;top=mode:1;decoys=0;margin=n/a;topRMSD=0.000;bestDecoyRMSD=n/a;contactSpec=n/a;clashPen=n/a;enrichSets=0;enrichActive=0;enrichDecoy=0;enrichAUC=n/a;enrichMargin=n/a | case=4qlm-c-di-amp-riboswitch;rank=1;top=mode:1;decoys=0;margin=n/a;topRMSD=0.000;bestDecoyRMSD=n/a;contactSpec=n/a;clashPen=n/a;enrichSets=0;enrichActive=0;enrichDecoy=0;enrichAUC=n/a;enrichMargin=n/a | case=3d0u-lysine-riboswitch;rank=1;top=mode:1;decoys=0;margin=n/a;topRMSD=0.000;bestDecoyRMSD=n/a;contactSpec=n/a;clashPen=n/a;enrichSets=0;enrichActive=0;enrichDecoy=0;enrichAUC=n/a;enrichMargin=n/a | case=3oww-glycine-riboswitch;rank=1;top=mode:1;decoys=0;margin=n/a;topRMSD=0.000;bestDecoyRMSD=n/a;contactSpec=n/a;clashPen=n/a;enrichSets=0;enrichActive=0;enrichDecoy=0;enrichAUC=n/a;enrichMargin=n/a
-0.240000,-0.500000,-0.250000,-0.100000,2.837568,0.725,-0.741,8,41,1423,1.000000,4.189865,0.562,0.000,0.000,8.224,26.615408,0.000000,0.000000,2.157895,1.000000,case=t6-thrombin-vina;rank=1;top=mode:1;decoys=0;margin=n/a;topRMSD=0.000;bestDecoyRMSD=n/a;contactSpec=n/a;clashPen=n/a;enrichSets=0;enrichActive=0;enrichDecoy=0;enrichAUC=n/a;enrichMargin=n/a | case=4q9r-spinach-2zy;rank=1;top=mode:1;decoys=10;margin=26.615;topRMSD=0.000;bestDecoyRMSD=8.224;contactSpec=0.000;clashPen=0.000;enrichSets=0;enrichActive=0;enrichDecoy=0;enrichAUC=n/a;enrichMargin=n/a | case=1fmn-fmn-riboswitch;rank=1;top=mode:1;decoys=0;margin=n/a;topRMSD=0.000;bestDecoyRMSD=n/a;contactSpec=n/a;clashPen=n/a;enrichSets=1;enrichActive=1;enrichDecoy=60;enrichAUC=1.000;enrichMargin=9.991 | case=1fmn-fmn-riboswitch-mg;rank=1;top=mode:1;decoys=0;margin=n/a;topRMSD=0.000;bestDecoyRMSD=n/a;contactSpec=n/a;clashPen=n/a;enrichSets=0;enrichActive=0;enrichDecoy=0;enrichAUC=n/a;enrichMargin=n/a | case=2g9c-purine-riboswitch;rank=1;top=mode:1;decoys=0;margin=n/a;topRMSD=0.000;bestDecoyRMSD=n/a;contactSpec=n/a;clashPen=n/a;enrichSets=1;enrichActive=7;enrichDecoy=88;enrichAUC=0.659;enrichMargin=-0.905 | case=4rzd-preq1-riboswitch;rank=1;top=mode:1;decoys=0;margin=n/a;topRMSD=0.000;bestDecoyRMSD=n/a;contactSpec=n/a;clashPen=n/a;enrichSets=1;enrichActive=5;enrichDecoy=74;enrichAUC=0.500;enrichMargin=0.000 | case=2gdi-tpp-riboswitch;rank=1;top=mode:1;decoys=0;margin=n/a;topRMSD=0.000;bestDecoyRMSD=n/a;contactSpec=n/a;clashPen=n/a;enrichSets=1;enrichActive=7;enrichDecoy=266;enrichAUC=0.632;enrichMargin=-14.673 | case=2ygh-sam-riboswitch;rank=1;top=mode:1;decoys=0;margin=n/a;topRMSD=0.000;bestDecoyRMSD=n/a;contactSpec=n/a;clashPen=n/a;enrichSets=1;enrichActive=3;enrichDecoy=238;enrichAUC=0.819;enrichMargin=-1.098 | case=3b4b-glms-riboswitch;rank=1;top=mode:1;decoys=0;margin=n/a;topRMSD=0.000;bestDecoyRMSD=n/a;contactSpec=n/a;clashPen=n/a;enrichSets=1;enrichActive=4;enrichDecoy=165;enrichAUC=0.750;enrichMargin=0.500 | case=2hoj-tpp-riboswitch;rank=1;top=mode:1;decoys=0;margin=n/a;topRMSD=0.000;bestDecoyRMSD=n/a;contactSpec=n/a;clashPen=n/a;enrichSets=2;enrichActive=14;enrichDecoy=532;enrichAUC=0.714;enrichMargin=1.000 | case=3sd3-thf-riboswitch;rank=1;top=mode:1;decoys=0;margin=n/a;topRMSD=0.000;bestDecoyRMSD=n/a;contactSpec=n/a;clashPen=n/a;enrichSets=0;enrichActive=0;enrichDecoy=0;enrichAUC=n/a;enrichMargin=n/a | case=5dhb-gmp-primer-template;rank=1;top=mode:1;decoys=0;margin=n/a;topRMSD=0.000;bestDecoyRMSD=n/a;contactSpec=n/a;clashPen=n/a;enrichSets=0;enrichActive=0;enrichDecoy=0;enrichAUC=n/a;enrichMargin=n/a | case=6c64-mango-ii-ekm;rank=1;top=mode:1;decoys=0;margin=n/a;topRMSD=0.000;bestDecoyRMSD=n/a;contactSpec=n/a;clashPen=n/a;enrichSets=0;enrichActive=0;enrichDecoy=0;enrichAUC=n/a;enrichMargin=n/a | case=5bjp-corn-dfho;rank=1;top=mode:1;decoys=0;margin=n/a;topRMSD=0.000;bestDecoyRMSD=n/a;contactSpec=n/a;clashPen=n/a;enrichSets=0;enrichActive=0;enrichDecoy=0;enrichAUC=n/a;enrichMargin=n/a | case=6wzs-ztp-riboswitch;rank=1;top=mode:1;decoys=0;margin=n/a;topRMSD=0.000;bestDecoyRMSD=n/a;contactSpec=n/a;clashPen=n/a;enrichSets=0;enrichActive=0;enrichDecoy=0;enrichAUC=n/a;enrichMargin=n/a | case=3irw-c-di-gmp-riboswitch;rank=1;top=mode:1;decoys=0;margin=n/a;topRMSD=0.000;bestDecoyRMSD=n/a;contactSpec=n/a;clashPen=n/a;enrichSets=0;enrichActive=0;enrichDecoy=0;enrichAUC=n/a;enrichMargin=n/a | case=4qlm-c-di-amp-riboswitch;rank=1;top=mode:1;decoys=0;margin=n/a;topRMSD=0.000;bestDecoyRMSD=n/a;contactSpec=n/a;clashPen=n/a;enrichSets=0;enrichActive=0;enrichDecoy=0;enrichAUC=n/a;enrichMargin=n/a | case=3d0u-lysine-riboswitch;rank=1;top=mode:1;decoys=0;margin=n/a;topRMSD=0.000;bestDecoyRMSD=n/a;contactSpec=n/a;clashPen=n/a;enrichSets=0;enrichActive=0;enrichDecoy=0;enrichAUC=n/a;enrichMargin=n/a | case=3oww-glycine-riboswitch;rank=1;top=mode:1;decoys=0;margin=n/a;topRMSD=0.000;bestDecoyRMSD=n/a;contactSpec=n/a;clashPen=n/a;enrichSets=0;enrichActive=0;enrichDecoy=0;enrichAUC=n/a;enrichMargin=n/a
-0.240000,-0.500000,-0.250000,-0.220000,2.837568,0.725,-0.741,8,41,1423,1.000000,4.189865,0.562,0.000,0.000,8.224,26.615408,0.000000,0.000000,2.157895,1.000000,case=t6-thrombin-vina;rank=1;top=mode:1;decoys=0;margin=n/a;topRMSD=0.000;bestDecoyRMSD=n/a;contactSpec=n/a;clashPen=n/a;enrichSets=0;enrichActive=0;enrichDecoy=0;enrichAUC=n/a;enrichMargin=n/a | case=4q9r-spinach-2zy;rank=1;top=mode:1;decoys=10;margin=26.615;topRMSD=0.000;bestDecoyRMSD=8.224;contactSpec=0.000;clashPen=0.000;enrichSets=0;enrichActive=0;enrichDecoy=0;enrichAUC=n/a;enrichMargin=n/a | case=1fmn-fmn-riboswitch;rank=1;top=mode:1;decoys=0;margin=n/a;topRMSD=0.000;bestDecoyRMSD=n/a;contactSpec=n/a;clashPen=n/a;enrichSets=1;enrichActive=1;enrichDecoy=60;enrichAUC=1.000;enrichMargin=9.991 | case=1fmn-fmn-riboswitch-mg;rank=1;top=mode:1;decoys=0;margin=n/a;topRMSD=0.000;bestDecoyRMSD=n/a;contactSpec=n/a;clashPen=n/a;enrichSets=0;enrichActive=0;enrichDecoy=0;enrichAUC=n/a;enrichMargin=n/a | case=2g9c-purine-riboswitch;rank=1;top=mode:1;decoys=0;margin=n/a;topRMSD=0.000;bestDecoyRMSD=n/a;contactSpec=n/a;clashPen=n/a;enrichSets=1;enrichActive=7;enrichDecoy=88;enrichAUC=0.659;enrichMargin=-0.905 | case=4rzd-preq1-riboswitch;rank=1;top=mode:1;decoys=0;margin=n/a;topRMSD=0.000;bestDecoyRMSD=n/a;contactSpec=n/a;clashPen=n/a;enrichSets=1;enrichActive=5;enrichDecoy=74;enrichAUC=0.500;enrichMargin=0.000 | case=2gdi-tpp-riboswitch;rank=1;top=mode:1;decoys=0;margin=n/a;topRMSD=0.000;bestDecoyRMSD=n/a;contactSpec=n/a;clashPen=n/a;enrichSets=1;enrichActive=7;enrichDecoy=266;enrichAUC=0.632;enrichMargin=-14.673 | case=2ygh-sam-riboswitch;rank=1;top=mode:1;decoys=0;margin=n/a;topRMSD=0.000;bestDecoyRMSD=n/a;contactSpec=n/a;clashPen=n/a;enrichSets=1;enrichActive=3;enrichDecoy=238;enrichAUC=0.819;enrichMargin=-1.098 | case=3b4b-glms-riboswitch;rank=1;top=mode:1;decoys=0;margin=n/a;topRMSD=0.000;bestDecoyRMSD=n/a;contactSpec=n/a;clashPen=n/a;enrichSets=1;enrichActive=4;enrichDecoy=165;enrichAUC=0.750;enrichMargin=0.500 | case=2hoj-tpp-riboswitch;rank=1;top=mode:1;decoys=0;margin=n/a;topRMSD=0.000;bestDecoyRMSD=n/a;contactSpec=n/a;clashPen=n/a;enrichSets=2;enrichActive=14;enrichDecoy=532;enrichAUC=0.714;enrichMargin=1.000 | case=3sd3-thf-riboswitch;rank=1;top=mode:1;decoys=0;margin=n/a;topRMSD=0.000;bestDecoyRMSD=n/a;contactSpec=n/a;clashPen=n/a;enrichSets=0;enrichActive=0;enrichDecoy=0;enrichAUC=n/a;enrichMargin=n/a | case=5dhb-gmp-primer-template;rank=1;top=mode:1;decoys=0;margin=n/a;topRMSD=0.000;bestDecoyRMSD=n/a;contactSpec=n/a;clashPen=n/a;enrichSets=0;enrichActive=0;enrichDecoy=0;enrichAUC=n/a;enrichMargin=n/a | case=6c64-mango-ii-ekm;rank=1;top=mode:1;decoys=0;margin=n/a;topRMSD=0.000;bestDecoyRMSD=n/a;contactSpec=n/a;clashPen=n/a;enrichSets=0;enrichActive=0;enrichDecoy=0;enrichAUC=n/a;enrichMargin=n/a | case=5bjp-corn-dfho;rank=1;top=mode:1;decoys=0;margin=n/a;topRMSD=0.000;bestDecoyRMSD=n/a;contactSpec=n/a;clashPen=n/a;enrichSets=0;enrichActive=0;enrichDecoy=0;enrichAUC=n/a;enrichMargin=n/a | case=6wzs-ztp-riboswitch;rank=1;top=mode:1;decoys=0;margin=n/a;topRMSD=0.000;bestDecoyRMSD=n/a;contactSpec=n/a;clashPen=n/a;enrichSets=0;enrichActive=0;enrichDecoy=0;enrichAUC=n/a;enrichMargin=n/a | case=3irw-c-di-gmp-riboswitch;rank=1;top=mode:1;decoys=0;margin=n/a;topRMSD=0.000;bestDecoyRMSD=n/a;contactSpec=n/a;clashPen=n/a;enrichSets=0;enrichActive=0;enrichDecoy=0;enrichAUC=n/a;enrichMargin=n/a | case=4qlm-c-di-amp-riboswitch;rank=1;top=mode:1;decoys=0;margin=n/a;topRMSD=0.000;bestDecoyRMSD=n/a;contactSpec=n/a;clashPen=n/a;enrichSets=0;enrichActive=0;enrichDecoy=0;enrichAUC=n/a;enrichMargin=n/a | case=3d0u-lysine-riboswitch;rank=1;top=mode:1;decoys=0;margin=n/a;topRMSD=0.000;bestDecoyRMSD=n/a;contactSpec=n/a;clashPen=n/a;enrichSets=0;enrichActive=0;enrichDecoy=0;enrichAUC=n/a;enrichMargin=n/a | case=3oww-glycine-riboswitch;rank=1;top=mode:1;decoys=0;margin=n/a;topRMSD=0.000;bestDecoyRMSD=n/a;contactSpec=n/a;clashPen=n/a;enrichSets=0;enrichActive=0;enrichDecoy=0;enrichAUC=n/a;enrichMargin=n/a
-0.240000,-0.500000,-0.250000,-0.350000,2.837568,0.725,-0.741,8,41,1423,1.000000,4.189865,0.562,0.000,0.000,8.224,26.615408,0.000000,0.000000,2.157895,1.000000,case=t6-thrombin-vina;rank=1;top=mode:1;decoys=0;margin=n/a;topRMSD=0.000;bestDecoyRMSD=n/a;contactSpec=n/a;clashPen=n/a;enrichSets=0;enrichActive=0;enrichDecoy=0;enrichAUC=n/a;enrichMargin=n/a | case=4q9r-spinach-2zy;rank=1;top=mode:1;decoys=10;margin=26.615;topRMSD=0.000;bestDecoyRMSD=8.224;contactSpec=0.000;clashPen=0.000;enrichSets=0;enrichActive=0;enrichDecoy=0;enrichAUC=n/a;enrichMargin=n/a | case=1fmn-fmn-riboswitch;rank=1;top=mode:1;decoys=0;margin=n/a;topRMSD=0.000;bestDecoyRMSD=n/a;contactSpec=n/a;clashPen=n/a;enrichSets=1;enrichActive=1;enrichDecoy=60;enrichAUC=1.000;enrichMargin=9.991 | case=1fmn-fmn-riboswitch-mg;rank=1;top=mode:1;decoys=0;margin=n/a;topRMSD=0.000;bestDecoyRMSD=n/a;contactSpec=n/a;clashPen=n/a;enrichSets=0;enrichActive=0;enrichDecoy=0;enrichAUC=n/a;enrichMargin=n/a | case=2g9c-purine-riboswitch;rank=1;top=mode:1;decoys=0;margin=n/a;topRMSD=0.000;bestDecoyRMSD=n/a;contactSpec=n/a;clashPen=n/a;enrichSets=1;enrichActive=7;enrichDecoy=88;enrichAUC=0.659;enrichMargin=-0.905 | case=4rzd-preq1-riboswitch;rank=1;top=mode:1;decoys=0;margin=n/a;topRMSD=0.000;bestDecoyRMSD=n/a;contactSpec=n/a;clashPen=n/a;enrichSets=1;enrichActive=5;enrichDecoy=74;enrichAUC=0.500;enrichMargin=0.000 | case=2gdi-tpp-riboswitch;rank=1;top=mode:1;decoys=0;margin=n/a;topRMSD=0.000;bestDecoyRMSD=n/a;contactSpec=n/a;clashPen=n/a;enrichSets=1;enrichActive=7;enrichDecoy=266;enrichAUC=0.632;enrichMargin=-14.673 | case=2ygh-sam-riboswitch;rank=1;top=mode:1;decoys=0;margin=n/a;topRMSD=0.000;bestDecoyRMSD=n/a;contactSpec=n/a;clashPen=n/a;enrichSets=1;enrichActive=3;enrichDecoy=238;enrichAUC=0.819;enrichMargin=-1.098 | case=3b4b-glms-riboswitch;rank=1;top=mode:1;decoys=0;margin=n/a;topRMSD=0.000;bestDecoyRMSD=n/a;contactSpec=n/a;clashPen=n/a;enrichSets=1;enrichActive=4;enrichDecoy=165;enrichAUC=0.750;enrichMargin=0.500 | case=2hoj-tpp-riboswitch;rank=1;top=mode:1;decoys=0;margin=n/a;topRMSD=0.000;bestDecoyRMSD=n/a;contactSpec=n/a;clashPen=n/a;enrichSets=2;enrichActive=14;enrichDecoy=532;enrichAUC=0.714;enrichMargin=1.000 | case=3sd3-thf-riboswitch;rank=1;top=mode:1;decoys=0;margin=n/a;topRMSD=0.000;bestDecoyRMSD=n/a;contactSpec=n/a;clashPen=n/a;enrichSets=0;enrichActive=0;enrichDecoy=0;enrichAUC=n/a;enrichMargin=n/a | case=5dhb-gmp-primer-template;rank=1;top=mode:1;decoys=0;margin=n/a;topRMSD=0.000;bestDecoyRMSD=n/a;contactSpec=n/a;clashPen=n/a;enrichSets=0;enrichActive=0;enrichDecoy=0;enrichAUC=n/a;enrichMargin=n/a | case=6c64-mango-ii-ekm;rank=1;top=mode:1;decoys=0;margin=n/a;topRMSD=0.000;bestDecoyRMSD=n/a;contactSpec=n/a;clashPen=n/a;enrichSets=0;enrichActive=0;enrichDecoy=0;enrichAUC=n/a;enrichMargin=n/a | case=5bjp-corn-dfho;rank=1;top=mode:1;decoys=0;margin=n/a;topRMSD=0.000;bestDecoyRMSD=n/a;contactSpec=n/a;clashPen=n/a;enrichSets=0;enrichActive=0;enrichDecoy=0;enrichAUC=n/a;enrichMargin=n/a | case=6wzs-ztp-riboswitch;rank=1;top=mode:1;decoys=0;margin=n/a;topRMSD=0.000;bestDecoyRMSD=n/a;contactSpec=n/a;clashPen=n/a;enrichSets=0;enrichActive=0;enrichDecoy=0;enrichAUC=n/a;enrichMargin=n/a | case=3irw-c-di-gmp-riboswitch;rank=1;top=mode:1;decoys=0;margin=n/a;topRMSD=0.000;bestDecoyRMSD=n/a;contactSpec=n/a;clashPen=n/a;enrichSets=0;enrichActive=0;enrichDecoy=0;enrichAUC=n/a;enrichMargin=n/a | case=4qlm-c-di-amp-riboswitch;rank=1;top=mode:1;decoys=0;margin=n/a;topRMSD=0.000;bestDecoyRMSD=n/a;contactSpec=n/a;clashPen=n/a;enrichSets=0;enrichActive=0;enrichDecoy=0;enrichAUC=n/a;enrichMargin=n/a | case=3d0u-lysine-riboswitch;rank=1;top=mode:1;decoys=0;margin=n/a;topRMSD=0.000;bestDecoyRMSD=n/a;contactSpec=n/a;clashPen=n/a;enrichSets=0;enrichActive=0;enrichDecoy=0;enrichAUC=n/a;enrichMargin=n/a | case=3oww-glycine-riboswitch;rank=1;top=mode:1;decoys=0;margin=n/a;topRMSD=0.000;bestDecoyRMSD=n/a;contactSpec=n/a;clashPen=n/a;enrichSets=0;enrichActive=0;enrichDecoy=0;enrichAUC=n/a;enrichMargin=n/a
-0.080000,-0.500000,-0.350000,-0.100000,2.838365,0.724,-0.745,8,41,1423,1.000000,4.177444,0.562,0.000,0.000,8.224,26.605379,0.000000,0.000000,2.157895,1.000000,case=t6-thrombin-vina;rank=1;top=mode:1;decoys=0;margin=n/a;topRMSD=0.000;bestDecoyRMSD=n/a;contactSpec=n/a;clashPen=n/a;enrichSets=0;enrichActive=0;enrichDecoy=0;enrichAUC=n/a;enrichMargin=n/a | case=4q9r-spinach-2zy;rank=1;top=mode:1;decoys=10;margin=26.605;topRMSD=0.000;bestDecoyRMSD=8.224;contactSpec=0.000;clashPen=0.000;enrichSets=0;enrichActive=0;enrichDecoy=0;enrichAUC=n/a;enrichMargin=n/a | case=1fmn-fmn-riboswitch;rank=1;top=mode:1;decoys=0;margin=n/a;topRMSD=0.000;bestDecoyRMSD=n/a;contactSpec=n/a;clashPen=n/a;enrichSets=1;enrichActive=1;enrichDecoy=60;enrichAUC=1.000;enrichMargin=9.854 | case=1fmn-fmn-riboswitch-mg;rank=1;top=mode:1;decoys=0;margin=n/a;topRMSD=0.000;bestDecoyRMSD=n/a;contactSpec=n/a;clashPen=n/a;enrichSets=0;enrichActive=0;enrichDecoy=0;enrichAUC=n/a;enrichMargin=n/a | case=2g9c-purine-riboswitch;rank=1;top=mode:1;decoys=0;margin=n/a;topRMSD=0.000;bestDecoyRMSD=n/a;contactSpec=n/a;clashPen=n/a;enrichSets=1;enrichActive=7;enrichDecoy=88;enrichAUC=0.656;enrichMargin=-0.906 | case=4rzd-preq1-riboswitch;rank=1;top=mode:1;decoys=0;margin=n/a;topRMSD=0.000;bestDecoyRMSD=n/a;contactSpec=n/a;clashPen=n/a;enrichSets=1;enrichActive=5;enrichDecoy=74;enrichAUC=0.500;enrichMargin=0.000 | case=2gdi-tpp-riboswitch;rank=1;top=mode:1;decoys=0;margin=n/a;topRMSD=0.000;bestDecoyRMSD=n/a;contactSpec=n/a;clashPen=n/a;enrichSets=1;enrichActive=7;enrichDecoy=266;enrichAUC=0.628;enrichMargin=-14.651 | case=2ygh-sam-riboswitch;rank=1;top=mode:1;decoys=0;margin=n/a;topRMSD=0.000;bestDecoyRMSD=n/a;contactSpec=n/a;clashPen=n/a;enrichSets=1;enrichActive=3;enrichDecoy=238;enrichAUC=0.821;enrichMargin=-1.010 | case=3b4b-glms-riboswitch;rank=1;top=mode:1;decoys=0;margin=n/a;topRMSD=0.000;bestDecoyRMSD=n/a;contactSpec=n/a;clashPen=n/a;enrichSets=1;enrichActive=4;enrichDecoy=165;enrichAUC=0.750;enrichMargin=0.500 | case=2hoj-tpp-riboswitch;rank=1;top=mode:1;decoys=0;margin=n/a;topRMSD=0.000;bestDecoyRMSD=n/a;contactSpec=n/a;clashPen=n/a;enrichSets=2;enrichActive=14;enrichDecoy=532;enrichAUC=0.714;enrichMargin=1.000 | case=3sd3-thf-riboswitch;rank=1;top=mode:1;decoys=0;margin=n/a;topRMSD=0.000;bestDecoyRMSD=n/a;contactSpec=n/a;clashPen=n/a;enrichSets=0;enrichActive=0;enrichDecoy=0;enrichAUC=n/a;enrichMargin=n/a | case=5dhb-gmp-primer-template;rank=1;top=mode:1;decoys=0;margin=n/a;topRMSD=0.000;bestDecoyRMSD=n/a;contactSpec=n/a;clashPen=n/a;enrichSets=0;enrichActive=0;enrichDecoy=0;enrichAUC=n/a;enrichMargin=n/a | case=6c64-mango-ii-ekm;rank=1;top=mode:1;decoys=0;margin=n/a;topRMSD=0.000;bestDecoyRMSD=n/a;contactSpec=n/a;clashPen=n/a;enrichSets=0;enrichActive=0;enrichDecoy=0;enrichAUC=n/a;enrichMargin=n/a | case=5bjp-corn-dfho;rank=1;top=mode:1;decoys=0;margin=n/a;topRMSD=0.000;bestDecoyRMSD=n/a;contactSpec=n/a;clashPen=n/a;enrichSets=0;enrichActive=0;enrichDecoy=0;enrichAUC=n/a;enrichMargin=n/a | case=6wzs-ztp-riboswitch;rank=1;top=mode:1;decoys=0;margin=n/a;topRMSD=0.000;bestDecoyRMSD=n/a;contactSpec=n/a;clashPen=n/a;enrichSets=0;enrichActive=0;enrichDecoy=0;enrichAUC=n/a;enrichMargin=n/a | case=3irw-c-di-gmp-riboswitch;rank=1;top=mode:1;decoys=0;margin=n/a;topRMSD=0.000;bestDecoyRMSD=n/a;contactSpec=n/a;clashPen=n/a;enrichSets=0;enrichActive=0;enrichDecoy=0;enrichAUC=n/a;enrichMargin=n/a | case=4qlm-c-di-amp-riboswitch;rank=1;top=mode:1;decoys=0;margin=n/a;topRMSD=0.000;bestDecoyRMSD=n/a;contactSpec=n/a;clashPen=n/a;enrichSets=0;enrichActive=0;enrichDecoy=0;enrichAUC=n/a;enrichMargin=n/a | case=3d0u-lysine-riboswitch;rank=1;top=mode:1;decoys=0;margin=n/a;topRMSD=0.000;bestDecoyRMSD=n/a;contactSpec=n/a;clashPen=n/a;enrichSets=0;enrichActive=0;enrichDecoy=0;enrichAUC=n/a;enrichMargin=n/a | case=3oww-glycine-riboswitch;rank=1;top=mode:1;decoys=0;margin=n/a;topRMSD=0.000;bestDecoyRMSD=n/a;contactSpec=n/a;clashPen=n/a;enrichSets=0;enrichActive=0;enrichDecoy=0;enrichAUC=n/a;enrichMargin=n/a
-0.080000,-0.500000,-0.350000,-0.220000,2.838365,0.724,-0.745,8,41,1423,1.000000,4.177444,0.562,0.000,0.000,8.224,26.605379,0.000000,0.000000,2.157895,1.000000,case=t6-thrombin-vina;rank=1;top=mode:1;decoys=0;margin=n/a;topRMSD=0.000;bestDecoyRMSD=n/a;contactSpec=n/a;clashPen=n/a;enrichSets=0;enrichActive=0;enrichDecoy=0;enrichAUC=n/a;enrichMargin=n/a | case=4q9r-spinach-2zy;rank=1;top=mode:1;decoys=10;margin=26.605;topRMSD=0.000;bestDecoyRMSD=8.224;contactSpec=0.000;clashPen=0.000;enrichSets=0;enrichActive=0;enrichDecoy=0;enrichAUC=n/a;enrichMargin=n/a | case=1fmn-fmn-riboswitch;rank=1;top=mode:1;decoys=0;margin=n/a;topRMSD=0.000;bestDecoyRMSD=n/a;contactSpec=n/a;clashPen=n/a;enrichSets=1;enrichActive=1;enrichDecoy=60;enrichAUC=1.000;enrichMargin=9.854 | case=1fmn-fmn-riboswitch-mg;rank=1;top=mode:1;decoys=0;margin=n/a;topRMSD=0.000;bestDecoyRMSD=n/a;contactSpec=n/a;clashPen=n/a;enrichSets=0;enrichActive=0;enrichDecoy=0;enrichAUC=n/a;enrichMargin=n/a | case=2g9c-purine-riboswitch;rank=1;top=mode:1;decoys=0;margin=n/a;topRMSD=0.000;bestDecoyRMSD=n/a;contactSpec=n/a;clashPen=n/a;enrichSets=1;enrichActive=7;enrichDecoy=88;enrichAUC=0.656;enrichMargin=-0.906 | case=4rzd-preq1-riboswitch;rank=1;top=mode:1;decoys=0;margin=n/a;topRMSD=0.000;bestDecoyRMSD=n/a;contactSpec=n/a;clashPen=n/a;enrichSets=1;enrichActive=5;enrichDecoy=74;enrichAUC=0.500;enrichMargin=0.000 | case=2gdi-tpp-riboswitch;rank=1;top=mode:1;decoys=0;margin=n/a;topRMSD=0.000;bestDecoyRMSD=n/a;contactSpec=n/a;clashPen=n/a;enrichSets=1;enrichActive=7;enrichDecoy=266;enrichAUC=0.628;enrichMargin=-14.651 | case=2ygh-sam-riboswitch;rank=1;top=mode:1;decoys=0;margin=n/a;topRMSD=0.000;bestDecoyRMSD=n/a;contactSpec=n/a;clashPen=n/a;enrichSets=1;enrichActive=3;enrichDecoy=238;enrichAUC=0.821;enrichMargin=-1.010 | case=3b4b-glms-riboswitch;rank=1;top=mode:1;decoys=0;margin=n/a;topRMSD=0.000;bestDecoyRMSD=n/a;contactSpec=n/a;clashPen=n/a;enrichSets=1;enrichActive=4;enrichDecoy=165;enrichAUC=0.750;enrichMargin=0.500 | case=2hoj-tpp-riboswitch;rank=1;top=mode:1;decoys=0;margin=n/a;topRMSD=0.000;bestDecoyRMSD=n/a;contactSpec=n/a;clashPen=n/a;enrichSets=2;enrichActive=14;enrichDecoy=532;enrichAUC=0.714;enrichMargin=1.000 | case=3sd3-thf-riboswitch;rank=1;top=mode:1;decoys=0;margin=n/a;topRMSD=0.000;bestDecoyRMSD=n/a;contactSpec=n/a;clashPen=n/a;enrichSets=0;enrichActive=0;enrichDecoy=0;enrichAUC=n/a;enrichMargin=n/a | case=5dhb-gmp-primer-template;rank=1;top=mode:1;decoys=0;margin=n/a;topRMSD=0.000;bestDecoyRMSD=n/a;contactSpec=n/a;clashPen=n/a;enrichSets=0;enrichActive=0;enrichDecoy=0;enrichAUC=n/a;enrichMargin=n/a | case=6c64-mango-ii-ekm;rank=1;top=mode:1;decoys=0;margin=n/a;topRMSD=0.000;bestDecoyRMSD=n/a;contactSpec=n/a;clashPen=n/a;enrichSets=0;enrichActive=0;enrichDecoy=0;enrichAUC=n/a;enrichMargin=n/a | case=5bjp-corn-dfho;rank=1;top=mode:1;decoys=0;margin=n/a;topRMSD=0.000;bestDecoyRMSD=n/a;contactSpec=n/a;clashPen=n/a;enrichSets=0;enrichActive=0;enrichDecoy=0;enrichAUC=n/a;enrichMargin=n/a | case=6wzs-ztp-riboswitch;rank=1;top=mode:1;decoys=0;margin=n/a;topRMSD=0.000;bestDecoyRMSD=n/a;contactSpec=n/a;clashPen=n/a;enrichSets=0;enrichActive=0;enrichDecoy=0;enrichAUC=n/a;enrichMargin=n/a | case=3irw-c-di-gmp-riboswitch;rank=1;top=mode:1;decoys=0;margin=n/a;topRMSD=0.000;bestDecoyRMSD=n/a;contactSpec=n/a;clashPen=n/a;enrichSets=0;enrichActive=0;enrichDecoy=0;enrichAUC=n/a;enrichMargin=n/a | case=4qlm-c-di-amp-riboswitch;rank=1;top=mode:1;decoys=0;margin=n/a;topRMSD=0.000;bestDecoyRMSD=n/a;contactSpec=n/a;clashPen=n/a;enrichSets=0;enrichActive=0;enrichDecoy=0;enrichAUC=n/a;enrichMargin=n/a | case=3d0u-lysine-riboswitch;rank=1;top=mode:1;decoys=0;margin=n/a;topRMSD=0.000;bestDecoyRMSD=n/a;contactSpec=n/a;clashPen=n/a;enrichSets=0;enrichActive=0;enrichDecoy=0;enrichAUC=n/a;enrichMargin=n/a | case=3oww-glycine-riboswitch;rank=1;top=mode:1;decoys=0;margin=n/a;topRMSD=0.000;bestDecoyRMSD=n/a;contactSpec=n/a;clashPen=n/a;enrichSets=0;enrichActive=0;enrichDecoy=0;enrichAUC=n/a;enrichMargin=n/a
-0.080000,-0.500000,-0.350000,-0.350000,2.838365,0.724,-0.745,8,41,1423,1.000000,4.177444,0.562,0.000,0.000,8.224,26.605379,0.000000,0.000000,2.157895,1.000000,case=t6-thrombin-vina;rank=1;top=mode:1;decoys=0;margin=n/a;topRMSD=0.000;bestDecoyRMSD=n/a;contactSpec=n/a;clashPen=n/a;enrichSets=0;enrichActive=0;enrichDecoy=0;enrichAUC=n/a;enrichMargin=n/a | case=4q9r-spinach-2zy;rank=1;top=mode:1;decoys=10;margin=26.605;topRMSD=0.000;bestDecoyRMSD=8.224;contactSpec=0.000;clashPen=0.000;enrichSets=0;enrichActive=0;enrichDecoy=0;enrichAUC=n/a;enrichMargin=n/a | case=1fmn-fmn-riboswitch;rank=1;top=mode:1;decoys=0;margin=n/a;topRMSD=0.000;bestDecoyRMSD=n/a;contactSpec=n/a;clashPen=n/a;enrichSets=1;enrichActive=1;enrichDecoy=60;enrichAUC=1.000;enrichMargin=9.854 | case=1fmn-fmn-riboswitch-mg;rank=1;top=mode:1;decoys=0;margin=n/a;topRMSD=0.000;bestDecoyRMSD=n/a;contactSpec=n/a;clashPen=n/a;enrichSets=0;enrichActive=0;enrichDecoy=0;enrichAUC=n/a;enrichMargin=n/a | case=2g9c-purine-riboswitch;rank=1;top=mode:1;decoys=0;margin=n/a;topRMSD=0.000;bestDecoyRMSD=n/a;contactSpec=n/a;clashPen=n/a;enrichSets=1;enrichActive=7;enrichDecoy=88;enrichAUC=0.656;enrichMargin=-0.906 | case=4rzd-preq1-riboswitch;rank=1;top=mode:1;decoys=0;margin=n/a;topRMSD=0.000;bestDecoyRMSD=n/a;contactSpec=n/a;clashPen=n/a;enrichSets=1;enrichActive=5;enrichDecoy=74;enrichAUC=0.500;enrichMargin=0.000 | case=2gdi-tpp-riboswitch;rank=1;top=mode:1;decoys=0;margin=n/a;topRMSD=0.000;bestDecoyRMSD=n/a;contactSpec=n/a;clashPen=n/a;enrichSets=1;enrichActive=7;enrichDecoy=266;enrichAUC=0.628;enrichMargin=-14.651 | case=2ygh-sam-riboswitch;rank=1;top=mode:1;decoys=0;margin=n/a;topRMSD=0.000;bestDecoyRMSD=n/a;contactSpec=n/a;clashPen=n/a;enrichSets=1;enrichActive=3;enrichDecoy=238;enrichAUC=0.821;enrichMargin=-1.010 | case=3b4b-glms-riboswitch;rank=1;top=mode:1;decoys=0;margin=n/a;topRMSD=0.000;bestDecoyRMSD=n/a;contactSpec=n/a;clashPen=n/a;enrichSets=1;enrichActive=4;enrichDecoy=165;enrichAUC=0.750;enrichMargin=0.500 | case=2hoj-tpp-riboswitch;rank=1;top=mode:1;decoys=0;margin=n/a;topRMSD=0.000;bestDecoyRMSD=n/a;contactSpec=n/a;clashPen=n/a;enrichSets=2;enrichActive=14;enrichDecoy=532;enrichAUC=0.714;enrichMargin=1.000 | case=3sd3-thf-riboswitch;rank=1;top=mode:1;decoys=0;margin=n/a;topRMSD=0.000;bestDecoyRMSD=n/a;contactSpec=n/a;clashPen=n/a;enrichSets=0;enrichActive=0;enrichDecoy=0;enrichAUC=n/a;enrichMargin=n/a | case=5dhb-gmp-primer-template;rank=1;top=mode:1;decoys=0;margin=n/a;topRMSD=0.000;bestDecoyRMSD=n/a;contactSpec=n/a;clashPen=n/a;enrichSets=0;enrichActive=0;enrichDecoy=0;enrichAUC=n/a;enrichMargin=n/a | case=6c64-mango-ii-ekm;rank=1;top=mode:1;decoys=0;margin=n/a;topRMSD=0.000;bestDecoyRMSD=n/a;contactSpec=n/a;clashPen=n/a;enrichSets=0;enrichActive=0;enrichDecoy=0;enrichAUC=n/a;enrichMargin=n/a | case=5bjp-corn-dfho;rank=1;top=mode:1;decoys=0;margin=n/a;topRMSD=0.000;bestDecoyRMSD=n/a;contactSpec=n/a;clashPen=n/a;enrichSets=0;enrichActive=0;enrichDecoy=0;enrichAUC=n/a;enrichMargin=n/a | case=6wzs-ztp-riboswitch;rank=1;top=mode:1;decoys=0;margin=n/a;topRMSD=0.000;bestDecoyRMSD=n/a;contactSpec=n/a;clashPen=n/a;enrichSets=0;enrichActive=0;enrichDecoy=0;enrichAUC=n/a;enrichMargin=n/a | case=3irw-c-di-gmp-riboswitch;rank=1;top=mode:1;decoys=0;margin=n/a;topRMSD=0.000;bestDecoyRMSD=n/a;contactSpec=n/a;clashPen=n/a;enrichSets=0;enrichActive=0;enrichDecoy=0;enrichAUC=n/a;enrichMargin=n/a | case=4qlm-c-di-amp-riboswitch;rank=1;top=mode:1;decoys=0;margin=n/a;topRMSD=0.000;bestDecoyRMSD=n/a;contactSpec=n/a;clashPen=n/a;enrichSets=0;enrichActive=0;enrichDecoy=0;enrichAUC=n/a;enrichMargin=n/a | case=3d0u-lysine-riboswitch;rank=1;top=mode:1;decoys=0;margin=n/a;topRMSD=0.000;bestDecoyRMSD=n/a;contactSpec=n/a;clashPen=n/a;enrichSets=0;enrichActive=0;enrichDecoy=0;enrichAUC=n/a;enrichMargin=n/a | case=3oww-glycine-riboswitch;rank=1;top=mode:1;decoys=0;margin=n/a;topRMSD=0.000;bestDecoyRMSD=n/a;contactSpec=n/a;clashPen=n/a;enrichSets=0;enrichActive=0;enrichDecoy=0;enrichAUC=n/a;enrichMargin=n/a
-0.180000,-0.500000,-0.250000,-0.100000,2.849041,0.725,-0.750,8,41,1423,1.000000,4.206590,0.562,0.000,0.000,8.224,26.615422,0.000000,0.000000,2.157895,1.000000,case=t6-thrombin-vina;rank=1;top=mode:1;decoys=0;margin=n/a;topRMSD=0.000;bestDecoyRMSD=n/a;contactSpec=n/a;clashPen=n/a;enrichSets=0;enrichActive=0;enrichDecoy=0;enrichAUC=n/a;enrichMargin=n/a | case=4q9r-spinach-2zy;rank=1;top=mode:1;decoys=10;margin=26.615;topRMSD=0.000;bestDecoyRMSD=8.224;contactSpec=0.000;clashPen=0.000;enrichSets=0;enrichActive=0;enrichDecoy=0;enrichAUC=n/a;enrichMargin=n/a | case=1fmn-fmn-riboswitch;rank=1;top=mode:1;decoys=0;margin=n/a;topRMSD=0.000;bestDecoyRMSD=n/a;contactSpec=n/a;clashPen=n/a;enrichSets=1;enrichActive=1;enrichDecoy=60;enrichAUC=1.000;enrichMargin=9.887 | case=1fmn-fmn-riboswitch-mg;rank=1;top=mode:1;decoys=0;margin=n/a;topRMSD=0.000;bestDecoyRMSD=n/a;contactSpec=n/a;clashPen=n/a;enrichSets=0;enrichActive=0;enrichDecoy=0;enrichAUC=n/a;enrichMargin=n/a | case=2g9c-purine-riboswitch;rank=1;top=mode:1;decoys=0;margin=n/a;topRMSD=0.000;bestDecoyRMSD=n/a;contactSpec=n/a;clashPen=n/a;enrichSets=1;enrichActive=7;enrichDecoy=88;enrichAUC=0.657;enrichMargin=-0.906 | case=4rzd-preq1-riboswitch;rank=1;top=mode:1;decoys=0;margin=n/a;topRMSD=0.000;bestDecoyRMSD=n/a;contactSpec=n/a;clashPen=n/a;enrichSets=1;enrichActive=5;enrichDecoy=74;enrichAUC=0.500;enrichMargin=0.000 | case=2gdi-tpp-riboswitch;rank=1;top=mode:1;decoys=0;margin=n/a;topRMSD=0.000;bestDecoyRMSD=n/a;contactSpec=n/a;clashPen=n/a;enrichSets=1;enrichActive=7;enrichDecoy=266;enrichAUC=0.631;enrichMargin=-14.664 | case=2ygh-sam-riboswitch;rank=1;top=mode:1;decoys=0;margin=n/a;topRMSD=0.000;bestDecoyRMSD=n/a;contactSpec=n/a;clashPen=n/a;enrichSets=1;enrichActive=3;enrichDecoy=238;enrichAUC=0.819;enrichMargin=-1.065 | case=3b4b-glms-riboswitch;rank=1;top=mode:1;decoys=0;margin=n/a;topRMSD=0.000;bestDecoyRMSD=n/a;contactSpec=n/a;clashPen=n/a;enrichSets=1;enrichActive=4;enrichDecoy=165;enrichAUC=0.750;enrichMargin=0.500 | case=2hoj-tpp-riboswitch;rank=1;top=mode:1;decoys=0;margin=n/a;topRMSD=0.000;bestDecoyRMSD=n/a;contactSpec=n/a;clashPen=n/a;enrichSets=2;enrichActive=14;enrichDecoy=532;enrichAUC=0.714;enrichMargin=1.000 | case=3sd3-thf-riboswitch;rank=1;top=mode:1;decoys=0;margin=n/a;topRMSD=0.000;bestDecoyRMSD=n/a;contactSpec=n/a;clashPen=n/a;enrichSets=0;enrichActive=0;enrichDecoy=0;enrichAUC=n/a;enrichMargin=n/a | case=5dhb-gmp-primer-template;rank=1;top=mode:1;decoys=0;margin=n/a;topRMSD=0.000;bestDecoyRMSD=n/a;contactSpec=n/a;clashPen=n/a;enrichSets=0;enrichActive=0;enrichDecoy=0;enrichAUC=n/a;enrichMargin=n/a | case=6c64-mango-ii-ekm;rank=1;top=mode:1;decoys=0;margin=n/a;topRMSD=0.000;bestDecoyRMSD=n/a;contactSpec=n/a;clashPen=n/a;enrichSets=0;enrichActive=0;enrichDecoy=0;enrichAUC=n/a;enrichMargin=n/a | case=5bjp-corn-dfho;rank=1;top=mode:1;decoys=0;margin=n/a;topRMSD=0.000;bestDecoyRMSD=n/a;contactSpec=n/a;clashPen=n/a;enrichSets=0;enrichActive=0;enrichDecoy=0;enrichAUC=n/a;enrichMargin=n/a | case=6wzs-ztp-riboswitch;rank=1;top=mode:1;decoys=0;margin=n/a;topRMSD=0.000;bestDecoyRMSD=n/a;contactSpec=n/a;clashPen=n/a;enrichSets=0;enrichActive=0;enrichDecoy=0;enrichAUC=n/a;enrichMargin=n/a | case=3irw-c-di-gmp-riboswitch;rank=1;top=mode:1;decoys=0;margin=n/a;topRMSD=0.000;bestDecoyRMSD=n/a;contactSpec=n/a;clashPen=n/a;enrichSets=0;enrichActive=0;enrichDecoy=0;enrichAUC=n/a;enrichMargin=n/a | case=4qlm-c-di-amp-riboswitch;rank=1;top=mode:1;decoys=0;margin=n/a;topRMSD=0.000;bestDecoyRMSD=n/a;contactSpec=n/a;clashPen=n/a;enrichSets=0;enrichActive=0;enrichDecoy=0;enrichAUC=n/a;enrichMargin=n/a | case=3d0u-lysine-riboswitch;rank=1;top=mode:1;decoys=0;margin=n/a;topRMSD=0.000;bestDecoyRMSD=n/a;contactSpec=n/a;clashPen=n/a;enrichSets=0;enrichActive=0;enrichDecoy=0;enrichAUC=n/a;enrichMargin=n/a | case=3oww-glycine-riboswitch;rank=1;top=mode:1;decoys=0;margin=n/a;topRMSD=0.000;bestDecoyRMSD=n/a;contactSpec=n/a;clashPen=n/a;enrichSets=0;enrichActive=0;enrichDecoy=0;enrichAUC=n/a;enrichMargin=n/a
-0.180000,-0.500000,-0.250000,-0.220000,2.849041,0.725,-0.750,8,41,1423,1.000000,4.206590,0.562,0.000,0.000,8.224,26.615422,0.000000,0.000000,2.157895,1.000000,case=t6-thrombin-vina;rank=1;top=mode:1;decoys=0;margin=n/a;topRMSD=0.000;bestDecoyRMSD=n/a;contactSpec=n/a;clashPen=n/a;enrichSets=0;enrichActive=0;enrichDecoy=0;enrichAUC=n/a;enrichMargin=n/a | case=4q9r-spinach-2zy;rank=1;top=mode:1;decoys=10;margin=26.615;topRMSD=0.000;bestDecoyRMSD=8.224;contactSpec=0.000;clashPen=0.000;enrichSets=0;enrichActive=0;enrichDecoy=0;enrichAUC=n/a;enrichMargin=n/a | case=1fmn-fmn-riboswitch;rank=1;top=mode:1;decoys=0;margin=n/a;topRMSD=0.000;bestDecoyRMSD=n/a;contactSpec=n/a;clashPen=n/a;enrichSets=1;enrichActive=1;enrichDecoy=60;enrichAUC=1.000;enrichMargin=9.887 | case=1fmn-fmn-riboswitch-mg;rank=1;top=mode:1;decoys=0;margin=n/a;topRMSD=0.000;bestDecoyRMSD=n/a;contactSpec=n/a;clashPen=n/a;enrichSets=0;enrichActive=0;enrichDecoy=0;enrichAUC=n/a;enrichMargin=n/a | case=2g9c-purine-riboswitch;rank=1;top=mode:1;decoys=0;margin=n/a;topRMSD=0.000;bestDecoyRMSD=n/a;contactSpec=n/a;clashPen=n/a;enrichSets=1;enrichActive=7;enrichDecoy=88;enrichAUC=0.657;enrichMargin=-0.906 | case=4rzd-preq1-riboswitch;rank=1;top=mode:1;decoys=0;margin=n/a;topRMSD=0.000;bestDecoyRMSD=n/a;contactSpec=n/a;clashPen=n/a;enrichSets=1;enrichActive=5;enrichDecoy=74;enrichAUC=0.500;enrichMargin=0.000 | case=2gdi-tpp-riboswitch;rank=1;top=mode:1;decoys=0;margin=n/a;topRMSD=0.000;bestDecoyRMSD=n/a;contactSpec=n/a;clashPen=n/a;enrichSets=1;enrichActive=7;enrichDecoy=266;enrichAUC=0.631;enrichMargin=-14.664 | case=2ygh-sam-riboswitch;rank=1;top=mode:1;decoys=0;margin=n/a;topRMSD=0.000;bestDecoyRMSD=n/a;contactSpec=n/a;clashPen=n/a;enrichSets=1;enrichActive=3;enrichDecoy=238;enrichAUC=0.819;enrichMargin=-1.065 | case=3b4b-glms-riboswitch;rank=1;top=mode:1;decoys=0;margin=n/a;topRMSD=0.000;bestDecoyRMSD=n/a;contactSpec=n/a;clashPen=n/a;enrichSets=1;enrichActive=4;enrichDecoy=165;enrichAUC=0.750;enrichMargin=0.500 | case=2hoj-tpp-riboswitch;rank=1;top=mode:1;decoys=0;margin=n/a;topRMSD=0.000;bestDecoyRMSD=n/a;contactSpec=n/a;clashPen=n/a;enrichSets=2;enrichActive=14;enrichDecoy=532;enrichAUC=0.714;enrichMargin=1.000 | case=3sd3-thf-riboswitch;rank=1;top=mode:1;decoys=0;margin=n/a;topRMSD=0.000;bestDecoyRMSD=n/a;contactSpec=n/a;clashPen=n/a;enrichSets=0;enrichActive=0;enrichDecoy=0;enrichAUC=n/a;enrichMargin=n/a | case=5dhb-gmp-primer-template;rank=1;top=mode:1;decoys=0;margin=n/a;topRMSD=0.000;bestDecoyRMSD=n/a;contactSpec=n/a;clashPen=n/a;enrichSets=0;enrichActive=0;enrichDecoy=0;enrichAUC=n/a;enrichMargin=n/a | case=6c64-mango-ii-ekm;rank=1;top=mode:1;decoys=0;margin=n/a;topRMSD=0.000;bestDecoyRMSD=n/a;contactSpec=n/a;clashPen=n/a;enrichSets=0;enrichActive=0;enrichDecoy=0;enrichAUC=n/a;enrichMargin=n/a | case=5bjp-corn-dfho;rank=1;top=mode:1;decoys=0;margin=n/a;topRMSD=0.000;bestDecoyRMSD=n/a;contactSpec=n/a;clashPen=n/a;enrichSets=0;enrichActive=0;enrichDecoy=0;enrichAUC=n/a;enrichMargin=n/a | case=6wzs-ztp-riboswitch;rank=1;top=mode:1;decoys=0;margin=n/a;topRMSD=0.000;bestDecoyRMSD=n/a;contactSpec=n/a;clashPen=n/a;enrichSets=0;enrichActive=0;enrichDecoy=0;enrichAUC=n/a;enrichMargin=n/a | case=3irw-c-di-gmp-riboswitch;rank=1;top=mode:1;decoys=0;margin=n/a;topRMSD=0.000;bestDecoyRMSD=n/a;contactSpec=n/a;clashPen=n/a;enrichSets=0;enrichActive=0;enrichDecoy=0;enrichAUC=n/a;enrichMargin=n/a | case=4qlm-c-di-amp-riboswitch;rank=1;top=mode:1;decoys=0;margin=n/a;topRMSD=0.000;bestDecoyRMSD=n/a;contactSpec=n/a;clashPen=n/a;enrichSets=0;enrichActive=0;enrichDecoy=0;enrichAUC=n/a;enrichMargin=n/a | case=3d0u-lysine-riboswitch;rank=1;top=mode:1;decoys=0;margin=n/a;topRMSD=0.000;bestDecoyRMSD=n/a;contactSpec=n/a;clashPen=n/a;enrichSets=0;enrichActive=0;enrichDecoy=0;enrichAUC=n/a;enrichMargin=n/a | case=3oww-glycine-riboswitch;rank=1;top=mode:1;decoys=0;margin=n/a;topRMSD=0.000;bestDecoyRMSD=n/a;contactSpec=n/a;clashPen=n/a;enrichSets=0;enrichActive=0;enrichDecoy=0;enrichAUC=n/a;enrichMargin=n/a
-0.180000,-0.500000,-0.250000,-0.350000,2.849041,0.725,-0.750,8,41,1423,1.000000,4.206590,0.562,0.000,0.000,8.224,26.615422,0.000000,0.000000,2.157895,1.000000,case=t6-thrombin-vina;rank=1;top=mode:1;decoys=0;margin=n/a;topRMSD=0.000;bestDecoyRMSD=n/a;contactSpec=n/a;clashPen=n/a;enrichSets=0;enrichActive=0;enrichDecoy=0;enrichAUC=n/a;enrichMargin=n/a | case=4q9r-spinach-2zy;rank=1;top=mode:1;decoys=10;margin=26.615;topRMSD=0.000;bestDecoyRMSD=8.224;contactSpec=0.000;clashPen=0.000;enrichSets=0;enrichActive=0;enrichDecoy=0;enrichAUC=n/a;enrichMargin=n/a | case=1fmn-fmn-riboswitch;rank=1;top=mode:1;decoys=0;margin=n/a;topRMSD=0.000;bestDecoyRMSD=n/a;contactSpec=n/a;clashPen=n/a;enrichSets=1;enrichActive=1;enrichDecoy=60;enrichAUC=1.000;enrichMargin=9.887 | case=1fmn-fmn-riboswitch-mg;rank=1;top=mode:1;decoys=0;margin=n/a;topRMSD=0.000;bestDecoyRMSD=n/a;contactSpec=n/a;clashPen=n/a;enrichSets=0;enrichActive=0;enrichDecoy=0;enrichAUC=n/a;enrichMargin=n/a | case=2g9c-purine-riboswitch;rank=1;top=mode:1;decoys=0;margin=n/a;topRMSD=0.000;bestDecoyRMSD=n/a;contactSpec=n/a;clashPen=n/a;enrichSets=1;enrichActive=7;enrichDecoy=88;enrichAUC=0.657;enrichMargin=-0.906 | case=4rzd-preq1-riboswitch;rank=1;top=mode:1;decoys=0;margin=n/a;topRMSD=0.000;bestDecoyRMSD=n/a;contactSpec=n/a;clashPen=n/a;enrichSets=1;enrichActive=5;enrichDecoy=74;enrichAUC=0.500;enrichMargin=0.000 | case=2gdi-tpp-riboswitch;rank=1;top=mode:1;decoys=0;margin=n/a;topRMSD=0.000;bestDecoyRMSD=n/a;contactSpec=n/a;clashPen=n/a;enrichSets=1;enrichActive=7;enrichDecoy=266;enrichAUC=0.631;enrichMargin=-14.664 | case=2ygh-sam-riboswitch;rank=1;top=mode:1;decoys=0;margin=n/a;topRMSD=0.000;bestDecoyRMSD=n/a;contactSpec=n/a;clashPen=n/a;enrichSets=1;enrichActive=3;enrichDecoy=238;enrichAUC=0.819;enrichMargin=-1.065 | case=3b4b-glms-riboswitch;rank=1;top=mode:1;decoys=0;margin=n/a;topRMSD=0.000;bestDecoyRMSD=n/a;contactSpec=n/a;clashPen=n/a;enrichSets=1;enrichActive=4;enrichDecoy=165;enrichAUC=0.750;enrichMargin=0.500 | case=2hoj-tpp-riboswitch;rank=1;top=mode:1;decoys=0;margin=n/a;topRMSD=0.000;bestDecoyRMSD=n/a;contactSpec=n/a;clashPen=n/a;enrichSets=2;enrichActive=14;enrichDecoy=532;enrichAUC=0.714;enrichMargin=1.000 | case=3sd3-thf-riboswitch;rank=1;top=mode:1;decoys=0;margin=n/a;topRMSD=0.000;bestDecoyRMSD=n/a;contactSpec=n/a;clashPen=n/a;enrichSets=0;enrichActive=0;enrichDecoy=0;enrichAUC=n/a;enrichMargin=n/a | case=5dhb-gmp-primer-template;rank=1;top=mode:1;decoys=0;margin=n/a;topRMSD=0.000;bestDecoyRMSD=n/a;contactSpec=n/a;clashPen=n/a;enrichSets=0;enrichActive=0;enrichDecoy=0;enrichAUC=n/a;enrichMargin=n/a | case=6c64-mango-ii-ekm;rank=1;top=mode:1;decoys=0;margin=n/a;topRMSD=0.000;bestDecoyRMSD=n/a;contactSpec=n/a;clashPen=n/a;enrichSets=0;enrichActive=0;enrichDecoy=0;enrichAUC=n/a;enrichMargin=n/a | case=5bjp-corn-dfho;rank=1;top=mode:1;decoys=0;margin=n/a;topRMSD=0.000;bestDecoyRMSD=n/a;contactSpec=n/a;clashPen=n/a;enrichSets=0;enrichActive=0;enrichDecoy=0;enrichAUC=n/a;enrichMargin=n/a | case=6wzs-ztp-riboswitch;rank=1;top=mode:1;decoys=0;margin=n/a;topRMSD=0.000;bestDecoyRMSD=n/a;contactSpec=n/a;clashPen=n/a;enrichSets=0;enrichActive=0;enrichDecoy=0;enrichAUC=n/a;enrichMargin=n/a | case=3irw-c-di-gmp-riboswitch;rank=1;top=mode:1;decoys=0;margin=n/a;topRMSD=0.000;bestDecoyRMSD=n/a;contactSpec=n/a;clashPen=n/a;enrichSets=0;enrichActive=0;enrichDecoy=0;enrichAUC=n/a;enrichMargin=n/a | case=4qlm-c-di-amp-riboswitch;rank=1;top=mode:1;decoys=0;margin=n/a;topRMSD=0.000;bestDecoyRMSD=n/a;contactSpec=n/a;clashPen=n/a;enrichSets=0;enrichActive=0;enrichDecoy=0;enrichAUC=n/a;enrichMargin=n/a | case=3d0u-lysine-riboswitch;rank=1;top=mode:1;decoys=0;margin=n/a;topRMSD=0.000;bestDecoyRMSD=n/a;contactSpec=n/a;clashPen=n/a;enrichSets=0;enrichActive=0;enrichDecoy=0;enrichAUC=n/a;enrichMargin=n/a | case=3oww-glycine-riboswitch;rank=1;top=mode:1;decoys=0;margin=n/a;topRMSD=0.000;bestDecoyRMSD=n/a;contactSpec=n/a;clashPen=n/a;enrichSets=0;enrichActive=0;enrichDecoy=0;enrichAUC=n/a;enrichMargin=n/a
-0.320000,-0.500000,-0.150000,-0.100000,2.854229,0.726,-0.752,8,41,1423,1.000000,4.224586,0.562,0.000,0.000,8.224,26.625456,0.000000,0.000000,2.157895,1.000000,case=t6-thrombin-vina;rank=1;top=mode:1;decoys=0;margin=n/a;topRMSD=0.000;bestDecoyRMSD=n/a;contactSpec=n/a;clashPen=n/a;enrichSets=0;enrichActive=0;enrichDecoy=0;enrichAUC=n/a;enrichMargin=n/a | case=4q9r-spinach-2zy;rank=1;top=mode:1;decoys=10;margin=26.625;topRMSD=0.000;bestDecoyRMSD=8.224;contactSpec=0.000;clashPen=0.000;enrichSets=0;enrichActive=0;enrichDecoy=0;enrichAUC=n/a;enrichMargin=n/a | case=1fmn-fmn-riboswitch;rank=1;top=mode:1;decoys=0;margin=n/a;topRMSD=0.000;bestDecoyRMSD=n/a;contactSpec=n/a;clashPen=n/a;enrichSets=1;enrichActive=1;enrichDecoy=60;enrichAUC=1.000;enrichMargin=9.989 | case=1fmn-fmn-riboswitch-mg;rank=1;top=mode:1;decoys=0;margin=n/a;topRMSD=0.000;bestDecoyRMSD=n/a;contactSpec=n/a;clashPen=n/a;enrichSets=0;enrichActive=0;enrichDecoy=0;enrichAUC=n/a;enrichMargin=n/a | case=2g9c-purine-riboswitch;rank=1;top=mode:1;decoys=0;margin=n/a;topRMSD=0.000;bestDecoyRMSD=n/a;contactSpec=n/a;clashPen=n/a;enrichSets=1;enrichActive=7;enrichDecoy=88;enrichAUC=0.661;enrichMargin=-0.905 | case=4rzd-preq1-riboswitch;rank=1;top=mode:1;decoys=0;margin=n/a;topRMSD=0.000;bestDecoyRMSD=n/a;contactSpec=n/a;clashPen=n/a;enrichSets=1;enrichActive=5;enrichDecoy=74;enrichAUC=0.500;enrichMargin=0.000 | case=2gdi-tpp-riboswitch;rank=1;top=mode:1;decoys=0;margin=n/a;topRMSD=0.000;bestDecoyRMSD=n/a;contactSpec=n/a;clashPen=n/a;enrichSets=1;enrichActive=7;enrichDecoy=266;enrichAUC=0.634;enrichMargin=-14.684 | case=2ygh-sam-riboswitch;rank=1;top=mode:1;decoys=0;margin=n/a;topRMSD=0.000;bestDecoyRMSD=n/a;contactSpec=n/a;clashPen=n/a;enrichSets=1;enrichActive=3;enrichDecoy=238;enrichAUC=0.819;enrichMargin=-1.165 | case=3b4b-glms-riboswitch;rank=1;top=mode:1;decoys=0;margin=n/a;topRMSD=0.000;bestDecoyRMSD=n/a;contactSpec=n/a;clashPen=n/a;enrichSets=1;enrichActive=4;enrichDecoy=165;enrichAUC=0.750;enrichMargin=0.500 | case=2hoj-tpp-riboswitch;rank=1;top=mode:1;decoys=0;margin=n/a;topRMSD=0.000;bestDecoyRMSD=n/a;contactSpec=n/a;clashPen=n/a;enrichSets=2;enrichActive=14;enrichDecoy=532;enrichAUC=0.714;enrichMargin=1.000 | case=3sd3-thf-riboswitch;rank=1;top=mode:1;decoys=0;margin=n/a;topRMSD=0.000;bestDecoyRMSD=n/a;contactSpec=n/a;clashPen=n/a;enrichSets=0;enrichActive=0;enrichDecoy=0;enrichAUC=n/a;enrichMargin=n/a | case=5dhb-gmp-primer-template;rank=1;top=mode:1;decoys=0;margin=n/a;topRMSD=0.000;bestDecoyRMSD=n/a;contactSpec=n/a;clashPen=n/a;enrichSets=0;enrichActive=0;enrichDecoy=0;enrichAUC=n/a;enrichMargin=n/a | case=6c64-mango-ii-ekm;rank=1;top=mode:1;decoys=0;margin=n/a;topRMSD=0.000;bestDecoyRMSD=n/a;contactSpec=n/a;clashPen=n/a;enrichSets=0;enrichActive=0;enrichDecoy=0;enrichAUC=n/a;enrichMargin=n/a | case=5bjp-corn-dfho;rank=1;top=mode:1;decoys=0;margin=n/a;topRMSD=0.000;bestDecoyRMSD=n/a;contactSpec=n/a;clashPen=n/a;enrichSets=0;enrichActive=0;enrichDecoy=0;enrichAUC=n/a;enrichMargin=n/a | case=6wzs-ztp-riboswitch;rank=1;top=mode:1;decoys=0;margin=n/a;topRMSD=0.000;bestDecoyRMSD=n/a;contactSpec=n/a;clashPen=n/a;enrichSets=0;enrichActive=0;enrichDecoy=0;enrichAUC=n/a;enrichMargin=n/a | case=3irw-c-di-gmp-riboswitch;rank=1;top=mode:1;decoys=0;margin=n/a;topRMSD=0.000;bestDecoyRMSD=n/a;contactSpec=n/a;clashPen=n/a;enrichSets=0;enrichActive=0;enrichDecoy=0;enrichAUC=n/a;enrichMargin=n/a | case=4qlm-c-di-amp-riboswitch;rank=1;top=mode:1;decoys=0;margin=n/a;topRMSD=0.000;bestDecoyRMSD=n/a;contactSpec=n/a;clashPen=n/a;enrichSets=0;enrichActive=0;enrichDecoy=0;enrichAUC=n/a;enrichMargin=n/a | case=3d0u-lysine-riboswitch;rank=1;top=mode:1;decoys=0;margin=n/a;topRMSD=0.000;bestDecoyRMSD=n/a;contactSpec=n/a;clashPen=n/a;enrichSets=0;enrichActive=0;enrichDecoy=0;enrichAUC=n/a;enrichMargin=n/a | case=3oww-glycine-riboswitch;rank=1;top=mode:1;decoys=0;margin=n/a;topRMSD=0.000;bestDecoyRMSD=n/a;contactSpec=n/a;clashPen=n/a;enrichSets=0;enrichActive=0;enrichDecoy=0;enrichAUC=n/a;enrichMargin=n/a
-0.320000,-0.500000,-0.150000,-0.220000,2.854229,0.726,-0.752,8,41,1423,1.000000,4.224586,0.562,0.000,0.000,8.224,26.625456,0.000000,0.000000,2.157895,1.000000,case=t6-thrombin-vina;rank=1;top=mode:1;decoys=0;margin=n/a;topRMSD=0.000;bestDecoyRMSD=n/a;contactSpec=n/a;clashPen=n/a;enrichSets=0;enrichActive=0;enrichDecoy=0;enrichAUC=n/a;enrichMargin=n/a | case=4q9r-spinach-2zy;rank=1;top=mode:1;decoys=10;margin=26.625;topRMSD=0.000;bestDecoyRMSD=8.224;contactSpec=0.000;clashPen=0.000;enrichSets=0;enrichActive=0;enrichDecoy=0;enrichAUC=n/a;enrichMargin=n/a | case=1fmn-fmn-riboswitch;rank=1;top=mode:1;decoys=0;margin=n/a;topRMSD=0.000;bestDecoyRMSD=n/a;contactSpec=n/a;clashPen=n/a;enrichSets=1;enrichActive=1;enrichDecoy=60;enrichAUC=1.000;enrichMargin=9.989 | case=1fmn-fmn-riboswitch-mg;rank=1;top=mode:1;decoys=0;margin=n/a;topRMSD=0.000;bestDecoyRMSD=n/a;contactSpec=n/a;clashPen=n/a;enrichSets=0;enrichActive=0;enrichDecoy=0;enrichAUC=n/a;enrichMargin=n/a | case=2g9c-purine-riboswitch;rank=1;top=mode:1;decoys=0;margin=n/a;topRMSD=0.000;bestDecoyRMSD=n/a;contactSpec=n/a;clashPen=n/a;enrichSets=1;enrichActive=7;enrichDecoy=88;enrichAUC=0.661;enrichMargin=-0.905 | case=4rzd-preq1-riboswitch;rank=1;top=mode:1;decoys=0;margin=n/a;topRMSD=0.000;bestDecoyRMSD=n/a;contactSpec=n/a;clashPen=n/a;enrichSets=1;enrichActive=5;enrichDecoy=74;enrichAUC=0.500;enrichMargin=0.000 | case=2gdi-tpp-riboswitch;rank=1;top=mode:1;decoys=0;margin=n/a;topRMSD=0.000;bestDecoyRMSD=n/a;contactSpec=n/a;clashPen=n/a;enrichSets=1;enrichActive=7;enrichDecoy=266;enrichAUC=0.634;enrichMargin=-14.684 | case=2ygh-sam-riboswitch;rank=1;top=mode:1;decoys=0;margin=n/a;topRMSD=0.000;bestDecoyRMSD=n/a;contactSpec=n/a;clashPen=n/a;enrichSets=1;enrichActive=3;enrichDecoy=238;enrichAUC=0.819;enrichMargin=-1.165 | case=3b4b-glms-riboswitch;rank=1;top=mode:1;decoys=0;margin=n/a;topRMSD=0.000;bestDecoyRMSD=n/a;contactSpec=n/a;clashPen=n/a;enrichSets=1;enrichActive=4;enrichDecoy=165;enrichAUC=0.750;enrichMargin=0.500 | case=2hoj-tpp-riboswitch;rank=1;top=mode:1;decoys=0;margin=n/a;topRMSD=0.000;bestDecoyRMSD=n/a;contactSpec=n/a;clashPen=n/a;enrichSets=2;enrichActive=14;enrichDecoy=532;enrichAUC=0.714;enrichMargin=1.000 | case=3sd3-thf-riboswitch;rank=1;top=mode:1;decoys=0;margin=n/a;topRMSD=0.000;bestDecoyRMSD=n/a;contactSpec=n/a;clashPen=n/a;enrichSets=0;enrichActive=0;enrichDecoy=0;enrichAUC=n/a;enrichMargin=n/a | case=5dhb-gmp-primer-template;rank=1;top=mode:1;decoys=0;margin=n/a;topRMSD=0.000;bestDecoyRMSD=n/a;contactSpec=n/a;clashPen=n/a;enrichSets=0;enrichActive=0;enrichDecoy=0;enrichAUC=n/a;enrichMargin=n/a | case=6c64-mango-ii-ekm;rank=1;top=mode:1;decoys=0;margin=n/a;topRMSD=0.000;bestDecoyRMSD=n/a;contactSpec=n/a;clashPen=n/a;enrichSets=0;enrichActive=0;enrichDecoy=0;enrichAUC=n/a;enrichMargin=n/a | case=5bjp-corn-dfho;rank=1;top=mode:1;decoys=0;margin=n/a;topRMSD=0.000;bestDecoyRMSD=n/a;contactSpec=n/a;clashPen=n/a;enrichSets=0;enrichActive=0;enrichDecoy=0;enrichAUC=n/a;enrichMargin=n/a | case=6wzs-ztp-riboswitch;rank=1;top=mode:1;decoys=0;margin=n/a;topRMSD=0.000;bestDecoyRMSD=n/a;contactSpec=n/a;clashPen=n/a;enrichSets=0;enrichActive=0;enrichDecoy=0;enrichAUC=n/a;enrichMargin=n/a | case=3irw-c-di-gmp-riboswitch;rank=1;top=mode:1;decoys=0;margin=n/a;topRMSD=0.000;bestDecoyRMSD=n/a;contactSpec=n/a;clashPen=n/a;enrichSets=0;enrichActive=0;enrichDecoy=0;enrichAUC=n/a;enrichMargin=n/a | case=4qlm-c-di-amp-riboswitch;rank=1;top=mode:1;decoys=0;margin=n/a;topRMSD=0.000;bestDecoyRMSD=n/a;contactSpec=n/a;clashPen=n/a;enrichSets=0;enrichActive=0;enrichDecoy=0;enrichAUC=n/a;enrichMargin=n/a | case=3d0u-lysine-riboswitch;rank=1;top=mode:1;decoys=0;margin=n/a;topRMSD=0.000;bestDecoyRMSD=n/a;contactSpec=n/a;clashPen=n/a;enrichSets=0;enrichActive=0;enrichDecoy=0;enrichAUC=n/a;enrichMargin=n/a | case=3oww-glycine-riboswitch;rank=1;top=mode:1;decoys=0;margin=n/a;topRMSD=0.000;bestDecoyRMSD=n/a;contactSpec=n/a;clashPen=n/a;enrichSets=0;enrichActive=0;enrichDecoy=0;enrichAUC=n/a;enrichMargin=n/a
-0.320000,-0.500000,-0.150000,-0.350000,2.854229,0.726,-0.752,8,41,1423,1.000000,4.224586,0.562,0.000,0.000,8.224,26.625456,0.000000,0.000000,2.157895,1.000000,case=t6-thrombin-vina;rank=1;top=mode:1;decoys=0;margin=n/a;topRMSD=0.000;bestDecoyRMSD=n/a;contactSpec=n/a;clashPen=n/a;enrichSets=0;enrichActive=0;enrichDecoy=0;enrichAUC=n/a;enrichMargin=n/a | case=4q9r-spinach-2zy;rank=1;top=mode:1;decoys=10;margin=26.625;topRMSD=0.000;bestDecoyRMSD=8.224;contactSpec=0.000;clashPen=0.000;enrichSets=0;enrichActive=0;enrichDecoy=0;enrichAUC=n/a;enrichMargin=n/a | case=1fmn-fmn-riboswitch;rank=1;top=mode:1;decoys=0;margin=n/a;topRMSD=0.000;bestDecoyRMSD=n/a;contactSpec=n/a;clashPen=n/a;enrichSets=1;enrichActive=1;enrichDecoy=60;enrichAUC=1.000;enrichMargin=9.989 | case=1fmn-fmn-riboswitch-mg;rank=1;top=mode:1;decoys=0;margin=n/a;topRMSD=0.000;bestDecoyRMSD=n/a;contactSpec=n/a;clashPen=n/a;enrichSets=0;enrichActive=0;enrichDecoy=0;enrichAUC=n/a;enrichMargin=n/a | case=2g9c-purine-riboswitch;rank=1;top=mode:1;decoys=0;margin=n/a;topRMSD=0.000;bestDecoyRMSD=n/a;contactSpec=n/a;clashPen=n/a;enrichSets=1;enrichActive=7;enrichDecoy=88;enrichAUC=0.661;enrichMargin=-0.905 | case=4rzd-preq1-riboswitch;rank=1;top=mode:1;decoys=0;margin=n/a;topRMSD=0.000;bestDecoyRMSD=n/a;contactSpec=n/a;clashPen=n/a;enrichSets=1;enrichActive=5;enrichDecoy=74;enrichAUC=0.500;enrichMargin=0.000 | case=2gdi-tpp-riboswitch;rank=1;top=mode:1;decoys=0;margin=n/a;topRMSD=0.000;bestDecoyRMSD=n/a;contactSpec=n/a;clashPen=n/a;enrichSets=1;enrichActive=7;enrichDecoy=266;enrichAUC=0.634;enrichMargin=-14.684 | case=2ygh-sam-riboswitch;rank=1;top=mode:1;decoys=0;margin=n/a;topRMSD=0.000;bestDecoyRMSD=n/a;contactSpec=n/a;clashPen=n/a;enrichSets=1;enrichActive=3;enrichDecoy=238;enrichAUC=0.819;enrichMargin=-1.165 | case=3b4b-glms-riboswitch;rank=1;top=mode:1;decoys=0;margin=n/a;topRMSD=0.000;bestDecoyRMSD=n/a;contactSpec=n/a;clashPen=n/a;enrichSets=1;enrichActive=4;enrichDecoy=165;enrichAUC=0.750;enrichMargin=0.500 | case=2hoj-tpp-riboswitch;rank=1;top=mode:1;decoys=0;margin=n/a;topRMSD=0.000;bestDecoyRMSD=n/a;contactSpec=n/a;clashPen=n/a;enrichSets=2;enrichActive=14;enrichDecoy=532;enrichAUC=0.714;enrichMargin=1.000 | case=3sd3-thf-riboswitch;rank=1;top=mode:1;decoys=0;margin=n/a;topRMSD=0.000;bestDecoyRMSD=n/a;contactSpec=n/a;clashPen=n/a;enrichSets=0;enrichActive=0;enrichDecoy=0;enrichAUC=n/a;enrichMargin=n/a | case=5dhb-gmp-primer-template;rank=1;top=mode:1;decoys=0;margin=n/a;topRMSD=0.000;bestDecoyRMSD=n/a;contactSpec=n/a;clashPen=n/a;enrichSets=0;enrichActive=0;enrichDecoy=0;enrichAUC=n/a;enrichMargin=n/a | case=6c64-mango-ii-ekm;rank=1;top=mode:1;decoys=0;margin=n/a;topRMSD=0.000;bestDecoyRMSD=n/a;contactSpec=n/a;clashPen=n/a;enrichSets=0;enrichActive=0;enrichDecoy=0;enrichAUC=n/a;enrichMargin=n/a | case=5bjp-corn-dfho;rank=1;top=mode:1;decoys=0;margin=n/a;topRMSD=0.000;bestDecoyRMSD=n/a;contactSpec=n/a;clashPen=n/a;enrichSets=0;enrichActive=0;enrichDecoy=0;enrichAUC=n/a;enrichMargin=n/a | case=6wzs-ztp-riboswitch;rank=1;top=mode:1;decoys=0;margin=n/a;topRMSD=0.000;bestDecoyRMSD=n/a;contactSpec=n/a;clashPen=n/a;enrichSets=0;enrichActive=0;enrichDecoy=0;enrichAUC=n/a;enrichMargin=n/a | case=3irw-c-di-gmp-riboswitch;rank=1;top=mode:1;decoys=0;margin=n/a;topRMSD=0.000;bestDecoyRMSD=n/a;contactSpec=n/a;clashPen=n/a;enrichSets=0;enrichActive=0;enrichDecoy=0;enrichAUC=n/a;enrichMargin=n/a | case=4qlm-c-di-amp-riboswitch;rank=1;top=mode:1;decoys=0;margin=n/a;topRMSD=0.000;bestDecoyRMSD=n/a;contactSpec=n/a;clashPen=n/a;enrichSets=0;enrichActive=0;enrichDecoy=0;enrichAUC=n/a;enrichMargin=n/a | case=3d0u-lysine-riboswitch;rank=1;top=mode:1;decoys=0;margin=n/a;topRMSD=0.000;bestDecoyRMSD=n/a;contactSpec=n/a;clashPen=n/a;enrichSets=0;enrichActive=0;enrichDecoy=0;enrichAUC=n/a;enrichMargin=n/a | case=3oww-glycine-riboswitch;rank=1;top=mode:1;decoys=0;margin=n/a;topRMSD=0.000;bestDecoyRMSD=n/a;contactSpec=n/a;clashPen=n/a;enrichSets=0;enrichActive=0;enrichDecoy=0;enrichAUC=n/a;enrichMargin=n/a
-0.120000,-0.500000,-0.250000,-0.100000,2.859975,0.725,-0.759,8,41,1423,1.000000,4.223315,0.562,0.000,0.000,8.224,26.615437,0.000000,0.000000,2.157895,1.000000,case=t6-thrombin-vina;rank=1;top=mode:1;decoys=0;margin=n/a;topRMSD=0.000;bestDecoyRMSD=n/a;contactSpec=n/a;clashPen=n/a;enrichSets=0;enrichActive=0;enrichDecoy=0;enrichAUC=n/a;enrichMargin=n/a | case=4q9r-spinach-2zy;rank=1;top=mode:1;decoys=10;margin=26.615;topRMSD=0.000;bestDecoyRMSD=8.224;contactSpec=0.000;clashPen=0.000;enrichSets=0;enrichActive=0;enrichDecoy=0;enrichAUC=n/a;enrichMargin=n/a | case=1fmn-fmn-riboswitch;rank=1;top=mode:1;decoys=0;margin=n/a;topRMSD=0.000;bestDecoyRMSD=n/a;contactSpec=n/a;clashPen=n/a;enrichSets=1;enrichActive=1;enrichDecoy=60;enrichAUC=1.000;enrichMargin=9.782 | case=1fmn-fmn-riboswitch-mg;rank=1;top=mode:1;decoys=0;margin=n/a;topRMSD=0.000;bestDecoyRMSD=n/a;contactSpec=n/a;clashPen=n/a;enrichSets=0;enrichActive=0;enrichDecoy=0;enrichAUC=n/a;enrichMargin=n/a | case=2g9c-purine-riboswitch;rank=1;top=mode:1;decoys=0;margin=n/a;topRMSD=0.000;bestDecoyRMSD=n/a;contactSpec=n/a;clashPen=n/a;enrichSets=1;enrichActive=7;enrichDecoy=88;enrichAUC=0.657;enrichMargin=-0.906 | case=4rzd-preq1-riboswitch;rank=1;top=mode:1;decoys=0;margin=n/a;topRMSD=0.000;bestDecoyRMSD=n/a;contactSpec=n/a;clashPen=n/a;enrichSets=1;enrichActive=5;enrichDecoy=74;enrichAUC=0.500;enrichMargin=0.000 | case=2gdi-tpp-riboswitch;rank=1;top=mode:1;decoys=0;margin=n/a;topRMSD=0.000;bestDecoyRMSD=n/a;contactSpec=n/a;clashPen=n/a;enrichSets=1;enrichActive=7;enrichDecoy=266;enrichAUC=0.630;enrichMargin=-14.656 | case=2ygh-sam-riboswitch;rank=1;top=mode:1;decoys=0;margin=n/a;topRMSD=0.000;bestDecoyRMSD=n/a;contactSpec=n/a;clashPen=n/a;enrichSets=1;enrichActive=3;enrichDecoy=238;enrichAUC=0.821;enrichMargin=-1.032 | case=3b4b-glms-riboswitch;rank=1;top=mode:1;decoys=0;margin=n/a;topRMSD=0.000;bestDecoyRMSD=n/a;contactSpec=n/a;clashPen=n/a;enrichSets=1;enrichActive=4;enrichDecoy=165;enrichAUC=0.750;enrichMargin=0.500 | case=2hoj-tpp-riboswitch;rank=1;top=mode:1;decoys=0;margin=n/a;topRMSD=0.000;bestDecoyRMSD=n/a;contactSpec=n/a;clashPen=n/a;enrichSets=2;enrichActive=14;enrichDecoy=532;enrichAUC=0.714;enrichMargin=1.000 | case=3sd3-thf-riboswitch;rank=1;top=mode:1;decoys=0;margin=n/a;topRMSD=0.000;bestDecoyRMSD=n/a;contactSpec=n/a;clashPen=n/a;enrichSets=0;enrichActive=0;enrichDecoy=0;enrichAUC=n/a;enrichMargin=n/a | case=5dhb-gmp-primer-template;rank=1;top=mode:1;decoys=0;margin=n/a;topRMSD=0.000;bestDecoyRMSD=n/a;contactSpec=n/a;clashPen=n/a;enrichSets=0;enrichActive=0;enrichDecoy=0;enrichAUC=n/a;enrichMargin=n/a | case=6c64-mango-ii-ekm;rank=1;top=mode:1;decoys=0;margin=n/a;topRMSD=0.000;bestDecoyRMSD=n/a;contactSpec=n/a;clashPen=n/a;enrichSets=0;enrichActive=0;enrichDecoy=0;enrichAUC=n/a;enrichMargin=n/a | case=5bjp-corn-dfho;rank=1;top=mode:1;decoys=0;margin=n/a;topRMSD=0.000;bestDecoyRMSD=n/a;contactSpec=n/a;clashPen=n/a;enrichSets=0;enrichActive=0;enrichDecoy=0;enrichAUC=n/a;enrichMargin=n/a | case=6wzs-ztp-riboswitch;rank=1;top=mode:1;decoys=0;margin=n/a;topRMSD=0.000;bestDecoyRMSD=n/a;contactSpec=n/a;clashPen=n/a;enrichSets=0;enrichActive=0;enrichDecoy=0;enrichAUC=n/a;enrichMargin=n/a | case=3irw-c-di-gmp-riboswitch;rank=1;top=mode:1;decoys=0;margin=n/a;topRMSD=0.000;bestDecoyRMSD=n/a;contactSpec=n/a;clashPen=n/a;enrichSets=0;enrichActive=0;enrichDecoy=0;enrichAUC=n/a;enrichMargin=n/a | case=4qlm-c-di-amp-riboswitch;rank=1;top=mode:1;decoys=0;margin=n/a;topRMSD=0.000;bestDecoyRMSD=n/a;contactSpec=n/a;clashPen=n/a;enrichSets=0;enrichActive=0;enrichDecoy=0;enrichAUC=n/a;enrichMargin=n/a | case=3d0u-lysine-riboswitch;rank=1;top=mode:1;decoys=0;margin=n/a;topRMSD=0.000;bestDecoyRMSD=n/a;contactSpec=n/a;clashPen=n/a;enrichSets=0;enrichActive=0;enrichDecoy=0;enrichAUC=n/a;enrichMargin=n/a | case=3oww-glycine-riboswitch;rank=1;top=mode:1;decoys=0;margin=n/a;topRMSD=0.000;bestDecoyRMSD=n/a;contactSpec=n/a;clashPen=n/a;enrichSets=0;enrichActive=0;enrichDecoy=0;enrichAUC=n/a;enrichMargin=n/a
-0.120000,-0.500000,-0.250000,-0.220000,2.859975,0.725,-0.759,8,41,1423,1.000000,4.223315,0.562,0.000,0.000,8.224,26.615437,0.000000,0.000000,2.157895,1.000000,case=t6-thrombin-vina;rank=1;top=mode:1;decoys=0;margin=n/a;topRMSD=0.000;bestDecoyRMSD=n/a;contactSpec=n/a;clashPen=n/a;enrichSets=0;enrichActive=0;enrichDecoy=0;enrichAUC=n/a;enrichMargin=n/a | case=4q9r-spinach-2zy;rank=1;top=mode:1;decoys=10;margin=26.615;topRMSD=0.000;bestDecoyRMSD=8.224;contactSpec=0.000;clashPen=0.000;enrichSets=0;enrichActive=0;enrichDecoy=0;enrichAUC=n/a;enrichMargin=n/a | case=1fmn-fmn-riboswitch;rank=1;top=mode:1;decoys=0;margin=n/a;topRMSD=0.000;bestDecoyRMSD=n/a;contactSpec=n/a;clashPen=n/a;enrichSets=1;enrichActive=1;enrichDecoy=60;enrichAUC=1.000;enrichMargin=9.782 | case=1fmn-fmn-riboswitch-mg;rank=1;top=mode:1;decoys=0;margin=n/a;topRMSD=0.000;bestDecoyRMSD=n/a;contactSpec=n/a;clashPen=n/a;enrichSets=0;enrichActive=0;enrichDecoy=0;enrichAUC=n/a;enrichMargin=n/a | case=2g9c-purine-riboswitch;rank=1;top=mode:1;decoys=0;margin=n/a;topRMSD=0.000;bestDecoyRMSD=n/a;contactSpec=n/a;clashPen=n/a;enrichSets=1;enrichActive=7;enrichDecoy=88;enrichAUC=0.657;enrichMargin=-0.906 | case=4rzd-preq1-riboswitch;rank=1;top=mode:1;decoys=0;margin=n/a;topRMSD=0.000;bestDecoyRMSD=n/a;contactSpec=n/a;clashPen=n/a;enrichSets=1;enrichActive=5;enrichDecoy=74;enrichAUC=0.500;enrichMargin=0.000 | case=2gdi-tpp-riboswitch;rank=1;top=mode:1;decoys=0;margin=n/a;topRMSD=0.000;bestDecoyRMSD=n/a;contactSpec=n/a;clashPen=n/a;enrichSets=1;enrichActive=7;enrichDecoy=266;enrichAUC=0.630;enrichMargin=-14.656 | case=2ygh-sam-riboswitch;rank=1;top=mode:1;decoys=0;margin=n/a;topRMSD=0.000;bestDecoyRMSD=n/a;contactSpec=n/a;clashPen=n/a;enrichSets=1;enrichActive=3;enrichDecoy=238;enrichAUC=0.821;enrichMargin=-1.032 | case=3b4b-glms-riboswitch;rank=1;top=mode:1;decoys=0;margin=n/a;topRMSD=0.000;bestDecoyRMSD=n/a;contactSpec=n/a;clashPen=n/a;enrichSets=1;enrichActive=4;enrichDecoy=165;enrichAUC=0.750;enrichMargin=0.500 | case=2hoj-tpp-riboswitch;rank=1;top=mode:1;decoys=0;margin=n/a;topRMSD=0.000;bestDecoyRMSD=n/a;contactSpec=n/a;clashPen=n/a;enrichSets=2;enrichActive=14;enrichDecoy=532;enrichAUC=0.714;enrichMargin=1.000 | case=3sd3-thf-riboswitch;rank=1;top=mode:1;decoys=0;margin=n/a;topRMSD=0.000;bestDecoyRMSD=n/a;contactSpec=n/a;clashPen=n/a;enrichSets=0;enrichActive=0;enrichDecoy=0;enrichAUC=n/a;enrichMargin=n/a | case=5dhb-gmp-primer-template;rank=1;top=mode:1;decoys=0;margin=n/a;topRMSD=0.000;bestDecoyRMSD=n/a;contactSpec=n/a;clashPen=n/a;enrichSets=0;enrichActive=0;enrichDecoy=0;enrichAUC=n/a;enrichMargin=n/a | case=6c64-mango-ii-ekm;rank=1;top=mode:1;decoys=0;margin=n/a;topRMSD=0.000;bestDecoyRMSD=n/a;contactSpec=n/a;clashPen=n/a;enrichSets=0;enrichActive=0;enrichDecoy=0;enrichAUC=n/a;enrichMargin=n/a | case=5bjp-corn-dfho;rank=1;top=mode:1;decoys=0;margin=n/a;topRMSD=0.000;bestDecoyRMSD=n/a;contactSpec=n/a;clashPen=n/a;enrichSets=0;enrichActive=0;enrichDecoy=0;enrichAUC=n/a;enrichMargin=n/a | case=6wzs-ztp-riboswitch;rank=1;top=mode:1;decoys=0;margin=n/a;topRMSD=0.000;bestDecoyRMSD=n/a;contactSpec=n/a;clashPen=n/a;enrichSets=0;enrichActive=0;enrichDecoy=0;enrichAUC=n/a;enrichMargin=n/a | case=3irw-c-di-gmp-riboswitch;rank=1;top=mode:1;decoys=0;margin=n/a;topRMSD=0.000;bestDecoyRMSD=n/a;contactSpec=n/a;clashPen=n/a;enrichSets=0;enrichActive=0;enrichDecoy=0;enrichAUC=n/a;enrichMargin=n/a | case=4qlm-c-di-amp-riboswitch;rank=1;top=mode:1;decoys=0;margin=n/a;topRMSD=0.000;bestDecoyRMSD=n/a;contactSpec=n/a;clashPen=n/a;enrichSets=0;enrichActive=0;enrichDecoy=0;enrichAUC=n/a;enrichMargin=n/a | case=3d0u-lysine-riboswitch;rank=1;top=mode:1;decoys=0;margin=n/a;topRMSD=0.000;bestDecoyRMSD=n/a;contactSpec=n/a;clashPen=n/a;enrichSets=0;enrichActive=0;enrichDecoy=0;enrichAUC=n/a;enrichMargin=n/a | case=3oww-glycine-riboswitch;rank=1;top=mode:1;decoys=0;margin=n/a;topRMSD=0.000;bestDecoyRMSD=n/a;contactSpec=n/a;clashPen=n/a;enrichSets=0;enrichActive=0;enrichDecoy=0;enrichAUC=n/a;enrichMargin=n/a
-0.120000,-0.500000,-0.250000,-0.350000,2.859975,0.725,-0.759,8,41,1423,1.000000,4.223315,0.562,0.000,0.000,8.224,26.615437,0.000000,0.000000,2.157895,1.000000,case=t6-thrombin-vina;rank=1;top=mode:1;decoys=0;margin=n/a;topRMSD=0.000;bestDecoyRMSD=n/a;contactSpec=n/a;clashPen=n/a;enrichSets=0;enrichActive=0;enrichDecoy=0;enrichAUC=n/a;enrichMargin=n/a | case=4q9r-spinach-2zy;rank=1;top=mode:1;decoys=10;margin=26.615;topRMSD=0.000;bestDecoyRMSD=8.224;contactSpec=0.000;clashPen=0.000;enrichSets=0;enrichActive=0;enrichDecoy=0;enrichAUC=n/a;enrichMargin=n/a | case=1fmn-fmn-riboswitch;rank=1;top=mode:1;decoys=0;margin=n/a;topRMSD=0.000;bestDecoyRMSD=n/a;contactSpec=n/a;clashPen=n/a;enrichSets=1;enrichActive=1;enrichDecoy=60;enrichAUC=1.000;enrichMargin=9.782 | case=1fmn-fmn-riboswitch-mg;rank=1;top=mode:1;decoys=0;margin=n/a;topRMSD=0.000;bestDecoyRMSD=n/a;contactSpec=n/a;clashPen=n/a;enrichSets=0;enrichActive=0;enrichDecoy=0;enrichAUC=n/a;enrichMargin=n/a | case=2g9c-purine-riboswitch;rank=1;top=mode:1;decoys=0;margin=n/a;topRMSD=0.000;bestDecoyRMSD=n/a;contactSpec=n/a;clashPen=n/a;enrichSets=1;enrichActive=7;enrichDecoy=88;enrichAUC=0.657;enrichMargin=-0.906 | case=4rzd-preq1-riboswitch;rank=1;top=mode:1;decoys=0;margin=n/a;topRMSD=0.000;bestDecoyRMSD=n/a;contactSpec=n/a;clashPen=n/a;enrichSets=1;enrichActive=5;enrichDecoy=74;enrichAUC=0.500;enrichMargin=0.000 | case=2gdi-tpp-riboswitch;rank=1;top=mode:1;decoys=0;margin=n/a;topRMSD=0.000;bestDecoyRMSD=n/a;contactSpec=n/a;clashPen=n/a;enrichSets=1;enrichActive=7;enrichDecoy=266;enrichAUC=0.630;enrichMargin=-14.656 | case=2ygh-sam-riboswitch;rank=1;top=mode:1;decoys=0;margin=n/a;topRMSD=0.000;bestDecoyRMSD=n/a;contactSpec=n/a;clashPen=n/a;enrichSets=1;enrichActive=3;enrichDecoy=238;enrichAUC=0.821;enrichMargin=-1.032 | case=3b4b-glms-riboswitch;rank=1;top=mode:1;decoys=0;margin=n/a;topRMSD=0.000;bestDecoyRMSD=n/a;contactSpec=n/a;clashPen=n/a;enrichSets=1;enrichActive=4;enrichDecoy=165;enrichAUC=0.750;enrichMargin=0.500 | case=2hoj-tpp-riboswitch;rank=1;top=mode:1;decoys=0;margin=n/a;topRMSD=0.000;bestDecoyRMSD=n/a;contactSpec=n/a;clashPen=n/a;enrichSets=2;enrichActive=14;enrichDecoy=532;enrichAUC=0.714;enrichMargin=1.000 | case=3sd3-thf-riboswitch;rank=1;top=mode:1;decoys=0;margin=n/a;topRMSD=0.000;bestDecoyRMSD=n/a;contactSpec=n/a;clashPen=n/a;enrichSets=0;enrichActive=0;enrichDecoy=0;enrichAUC=n/a;enrichMargin=n/a | case=5dhb-gmp-primer-template;rank=1;top=mode:1;decoys=0;margin=n/a;topRMSD=0.000;bestDecoyRMSD=n/a;contactSpec=n/a;clashPen=n/a;enrichSets=0;enrichActive=0;enrichDecoy=0;enrichAUC=n/a;enrichMargin=n/a | case=6c64-mango-ii-ekm;rank=1;top=mode:1;decoys=0;margin=n/a;topRMSD=0.000;bestDecoyRMSD=n/a;contactSpec=n/a;clashPen=n/a;enrichSets=0;enrichActive=0;enrichDecoy=0;enrichAUC=n/a;enrichMargin=n/a | case=5bjp-corn-dfho;rank=1;top=mode:1;decoys=0;margin=n/a;topRMSD=0.000;bestDecoyRMSD=n/a;contactSpec=n/a;clashPen=n/a;enrichSets=0;enrichActive=0;enrichDecoy=0;enrichAUC=n/a;enrichMargin=n/a | case=6wzs-ztp-riboswitch;rank=1;top=mode:1;decoys=0;margin=n/a;topRMSD=0.000;bestDecoyRMSD=n/a;contactSpec=n/a;clashPen=n/a;enrichSets=0;enrichActive=0;enrichDecoy=0;enrichAUC=n/a;enrichMargin=n/a | case=3irw-c-di-gmp-riboswitch;rank=1;top=mode:1;decoys=0;margin=n/a;topRMSD=0.000;bestDecoyRMSD=n/a;contactSpec=n/a;clashPen=n/a;enrichSets=0;enrichActive=0;enrichDecoy=0;enrichAUC=n/a;enrichMargin=n/a | case=4qlm-c-di-amp-riboswitch;rank=1;top=mode:1;decoys=0;margin=n/a;topRMSD=0.000;bestDecoyRMSD=n/a;contactSpec=n/a;clashPen=n/a;enrichSets=0;enrichActive=0;enrichDecoy=0;enrichAUC=n/a;enrichMargin=n/a | case=3d0u-lysine-riboswitch;rank=1;top=mode:1;decoys=0;margin=n/a;topRMSD=0.000;bestDecoyRMSD=n/a;contactSpec=n/a;clashPen=n/a;enrichSets=0;enrichActive=0;enrichDecoy=0;enrichAUC=n/a;enrichMargin=n/a | case=3oww-glycine-riboswitch;rank=1;top=mode:1;decoys=0;margin=n/a;topRMSD=0.000;bestDecoyRMSD=n/a;contactSpec=n/a;clashPen=n/a;enrichSets=0;enrichActive=0;enrichDecoy=0;enrichAUC=n/a;enrichMargin=n/a
-0.240000,-0.500000,-0.150000,-0.100000,2.867083,0.725,-0.761,8,41,1423,1.000000,4.246886,0.562,0.000,0.000,8.224,26.625475,0.000000,0.000000,2.157895,1.000000,case=t6-thrombin-vina;rank=1;top=mode:1;decoys=0;margin=n/a;topRMSD=0.000;bestDecoyRMSD=n/a;contactSpec=n/a;clashPen=n/a;enrichSets=0;enrichActive=0;enrichDecoy=0;enrichAUC=n/a;enrichMargin=n/a | case=4q9r-spinach-2zy;rank=1;top=mode:1;decoys=10;margin=26.625;topRMSD=0.000;bestDecoyRMSD=8.224;contactSpec=0.000;clashPen=0.000;enrichSets=0;enrichActive=0;enrichDecoy=0;enrichAUC=n/a;enrichMargin=n/a | case=1fmn-fmn-riboswitch;rank=1;top=mode:1;decoys=0;margin=n/a;topRMSD=0.000;bestDecoyRMSD=n/a;contactSpec=n/a;clashPen=n/a;enrichSets=1;enrichActive=1;enrichDecoy=60;enrichAUC=1.000;enrichMargin=9.849 | case=1fmn-fmn-riboswitch-mg;rank=1;top=mode:1;decoys=0;margin=n/a;topRMSD=0.000;bestDecoyRMSD=n/a;contactSpec=n/a;clashPen=n/a;enrichSets=0;enrichActive=0;enrichDecoy=0;enrichAUC=n/a;enrichMargin=n/a | case=2g9c-purine-riboswitch;rank=1;top=mode:1;decoys=0;margin=n/a;topRMSD=0.000;bestDecoyRMSD=n/a;contactSpec=n/a;clashPen=n/a;enrichSets=1;enrichActive=7;enrichDecoy=88;enrichAUC=0.659;enrichMargin=-0.905 | case=4rzd-preq1-riboswitch;rank=1;top=mode:1;decoys=0;margin=n/a;topRMSD=0.000;bestDecoyRMSD=n/a;contactSpec=n/a;clashPen=n/a;enrichSets=1;enrichActive=5;enrichDecoy=74;enrichAUC=0.500;enrichMargin=0.000 | case=2gdi-tpp-riboswitch;rank=1;top=mode:1;decoys=0;margin=n/a;topRMSD=0.000;bestDecoyRMSD=n/a;contactSpec=n/a;clashPen=n/a;enrichSets=1;enrichActive=7;enrichDecoy=266;enrichAUC=0.632;enrichMargin=-14.673 | case=2ygh-sam-riboswitch;rank=1;top=mode:1;decoys=0;margin=n/a;topRMSD=0.000;bestDecoyRMSD=n/a;contactSpec=n/a;clashPen=n/a;enrichSets=1;enrichActive=3;enrichDecoy=238;enrichAUC=0.819;enrichMargin=-1.098 | case=3b4b-glms-riboswitch;rank=1;top=mode:1;decoys=0;margin=n/a;topRMSD=0.000;bestDecoyRMSD=n/a;contactSpec=n/a;clashPen=n/a;enrichSets=1;enrichActive=4;enrichDecoy=165;enrichAUC=0.750;enrichMargin=0.500 | case=2hoj-tpp-riboswitch;rank=1;top=mode:1;decoys=0;margin=n/a;topRMSD=0.000;bestDecoyRMSD=n/a;contactSpec=n/a;clashPen=n/a;enrichSets=2;enrichActive=14;enrichDecoy=532;enrichAUC=0.714;enrichMargin=1.000 | case=3sd3-thf-riboswitch;rank=1;top=mode:1;decoys=0;margin=n/a;topRMSD=0.000;bestDecoyRMSD=n/a;contactSpec=n/a;clashPen=n/a;enrichSets=0;enrichActive=0;enrichDecoy=0;enrichAUC=n/a;enrichMargin=n/a | case=5dhb-gmp-primer-template;rank=1;top=mode:1;decoys=0;margin=n/a;topRMSD=0.000;bestDecoyRMSD=n/a;contactSpec=n/a;clashPen=n/a;enrichSets=0;enrichActive=0;enrichDecoy=0;enrichAUC=n/a;enrichMargin=n/a | case=6c64-mango-ii-ekm;rank=1;top=mode:1;decoys=0;margin=n/a;topRMSD=0.000;bestDecoyRMSD=n/a;contactSpec=n/a;clashPen=n/a;enrichSets=0;enrichActive=0;enrichDecoy=0;enrichAUC=n/a;enrichMargin=n/a | case=5bjp-corn-dfho;rank=1;top=mode:1;decoys=0;margin=n/a;topRMSD=0.000;bestDecoyRMSD=n/a;contactSpec=n/a;clashPen=n/a;enrichSets=0;enrichActive=0;enrichDecoy=0;enrichAUC=n/a;enrichMargin=n/a | case=6wzs-ztp-riboswitch;rank=1;top=mode:1;decoys=0;margin=n/a;topRMSD=0.000;bestDecoyRMSD=n/a;contactSpec=n/a;clashPen=n/a;enrichSets=0;enrichActive=0;enrichDecoy=0;enrichAUC=n/a;enrichMargin=n/a | case=3irw-c-di-gmp-riboswitch;rank=1;top=mode:1;decoys=0;margin=n/a;topRMSD=0.000;bestDecoyRMSD=n/a;contactSpec=n/a;clashPen=n/a;enrichSets=0;enrichActive=0;enrichDecoy=0;enrichAUC=n/a;enrichMargin=n/a | case=4qlm-c-di-amp-riboswitch;rank=1;top=mode:1;decoys=0;margin=n/a;topRMSD=0.000;bestDecoyRMSD=n/a;contactSpec=n/a;clashPen=n/a;enrichSets=0;enrichActive=0;enrichDecoy=0;enrichAUC=n/a;enrichMargin=n/a | case=3d0u-lysine-riboswitch;rank=1;top=mode:1;decoys=0;margin=n/a;topRMSD=0.000;bestDecoyRMSD=n/a;contactSpec=n/a;clashPen=n/a;enrichSets=0;enrichActive=0;enrichDecoy=0;enrichAUC=n/a;enrichMargin=n/a | case=3oww-glycine-riboswitch;rank=1;top=mode:1;decoys=0;margin=n/a;topRMSD=0.000;bestDecoyRMSD=n/a;contactSpec=n/a;clashPen=n/a;enrichSets=0;enrichActive=0;enrichDecoy=0;enrichAUC=n/a;enrichMargin=n/a
-0.240000,-0.500000,-0.150000,-0.220000,2.867083,0.725,-0.761,8,41,1423,1.000000,4.246886,0.562,0.000,0.000,8.224,26.625475,0.000000,0.000000,2.157895,1.000000,case=t6-thrombin-vina;rank=1;top=mode:1;decoys=0;margin=n/a;topRMSD=0.000;bestDecoyRMSD=n/a;contactSpec=n/a;clashPen=n/a;enrichSets=0;enrichActive=0;enrichDecoy=0;enrichAUC=n/a;enrichMargin=n/a | case=4q9r-spinach-2zy;rank=1;top=mode:1;decoys=10;margin=26.625;topRMSD=0.000;bestDecoyRMSD=8.224;contactSpec=0.000;clashPen=0.000;enrichSets=0;enrichActive=0;enrichDecoy=0;enrichAUC=n/a;enrichMargin=n/a | case=1fmn-fmn-riboswitch;rank=1;top=mode:1;decoys=0;margin=n/a;topRMSD=0.000;bestDecoyRMSD=n/a;contactSpec=n/a;clashPen=n/a;enrichSets=1;enrichActive=1;enrichDecoy=60;enrichAUC=1.000;enrichMargin=9.849 | case=1fmn-fmn-riboswitch-mg;rank=1;top=mode:1;decoys=0;margin=n/a;topRMSD=0.000;bestDecoyRMSD=n/a;contactSpec=n/a;clashPen=n/a;enrichSets=0;enrichActive=0;enrichDecoy=0;enrichAUC=n/a;enrichMargin=n/a | case=2g9c-purine-riboswitch;rank=1;top=mode:1;decoys=0;margin=n/a;topRMSD=0.000;bestDecoyRMSD=n/a;contactSpec=n/a;clashPen=n/a;enrichSets=1;enrichActive=7;enrichDecoy=88;enrichAUC=0.659;enrichMargin=-0.905 | case=4rzd-preq1-riboswitch;rank=1;top=mode:1;decoys=0;margin=n/a;topRMSD=0.000;bestDecoyRMSD=n/a;contactSpec=n/a;clashPen=n/a;enrichSets=1;enrichActive=5;enrichDecoy=74;enrichAUC=0.500;enrichMargin=0.000 | case=2gdi-tpp-riboswitch;rank=1;top=mode:1;decoys=0;margin=n/a;topRMSD=0.000;bestDecoyRMSD=n/a;contactSpec=n/a;clashPen=n/a;enrichSets=1;enrichActive=7;enrichDecoy=266;enrichAUC=0.632;enrichMargin=-14.673 | case=2ygh-sam-riboswitch;rank=1;top=mode:1;decoys=0;margin=n/a;topRMSD=0.000;bestDecoyRMSD=n/a;contactSpec=n/a;clashPen=n/a;enrichSets=1;enrichActive=3;enrichDecoy=238;enrichAUC=0.819;enrichMargin=-1.098 | case=3b4b-glms-riboswitch;rank=1;top=mode:1;decoys=0;margin=n/a;topRMSD=0.000;bestDecoyRMSD=n/a;contactSpec=n/a;clashPen=n/a;enrichSets=1;enrichActive=4;enrichDecoy=165;enrichAUC=0.750;enrichMargin=0.500 | case=2hoj-tpp-riboswitch;rank=1;top=mode:1;decoys=0;margin=n/a;topRMSD=0.000;bestDecoyRMSD=n/a;contactSpec=n/a;clashPen=n/a;enrichSets=2;enrichActive=14;enrichDecoy=532;enrichAUC=0.714;enrichMargin=1.000 | case=3sd3-thf-riboswitch;rank=1;top=mode:1;decoys=0;margin=n/a;topRMSD=0.000;bestDecoyRMSD=n/a;contactSpec=n/a;clashPen=n/a;enrichSets=0;enrichActive=0;enrichDecoy=0;enrichAUC=n/a;enrichMargin=n/a | case=5dhb-gmp-primer-template;rank=1;top=mode:1;decoys=0;margin=n/a;topRMSD=0.000;bestDecoyRMSD=n/a;contactSpec=n/a;clashPen=n/a;enrichSets=0;enrichActive=0;enrichDecoy=0;enrichAUC=n/a;enrichMargin=n/a | case=6c64-mango-ii-ekm;rank=1;top=mode:1;decoys=0;margin=n/a;topRMSD=0.000;bestDecoyRMSD=n/a;contactSpec=n/a;clashPen=n/a;enrichSets=0;enrichActive=0;enrichDecoy=0;enrichAUC=n/a;enrichMargin=n/a | case=5bjp-corn-dfho;rank=1;top=mode:1;decoys=0;margin=n/a;topRMSD=0.000;bestDecoyRMSD=n/a;contactSpec=n/a;clashPen=n/a;enrichSets=0;enrichActive=0;enrichDecoy=0;enrichAUC=n/a;enrichMargin=n/a | case=6wzs-ztp-riboswitch;rank=1;top=mode:1;decoys=0;margin=n/a;topRMSD=0.000;bestDecoyRMSD=n/a;contactSpec=n/a;clashPen=n/a;enrichSets=0;enrichActive=0;enrichDecoy=0;enrichAUC=n/a;enrichMargin=n/a | case=3irw-c-di-gmp-riboswitch;rank=1;top=mode:1;decoys=0;margin=n/a;topRMSD=0.000;bestDecoyRMSD=n/a;contactSpec=n/a;clashPen=n/a;enrichSets=0;enrichActive=0;enrichDecoy=0;enrichAUC=n/a;enrichMargin=n/a | case=4qlm-c-di-amp-riboswitch;rank=1;top=mode:1;decoys=0;margin=n/a;topRMSD=0.000;bestDecoyRMSD=n/a;contactSpec=n/a;clashPen=n/a;enrichSets=0;enrichActive=0;enrichDecoy=0;enrichAUC=n/a;enrichMargin=n/a | case=3d0u-lysine-riboswitch;rank=1;top=mode:1;decoys=0;margin=n/a;topRMSD=0.000;bestDecoyRMSD=n/a;contactSpec=n/a;clashPen=n/a;enrichSets=0;enrichActive=0;enrichDecoy=0;enrichAUC=n/a;enrichMargin=n/a | case=3oww-glycine-riboswitch;rank=1;top=mode:1;decoys=0;margin=n/a;topRMSD=0.000;bestDecoyRMSD=n/a;contactSpec=n/a;clashPen=n/a;enrichSets=0;enrichActive=0;enrichDecoy=0;enrichAUC=n/a;enrichMargin=n/a
-0.240000,-0.500000,-0.150000,-0.350000,2.867083,0.725,-0.761,8,41,1423,1.000000,4.246886,0.562,0.000,0.000,8.224,26.625475,0.000000,0.000000,2.157895,1.000000,case=t6-thrombin-vina;rank=1;top=mode:1;decoys=0;margin=n/a;topRMSD=0.000;bestDecoyRMSD=n/a;contactSpec=n/a;clashPen=n/a;enrichSets=0;enrichActive=0;enrichDecoy=0;enrichAUC=n/a;enrichMargin=n/a | case=4q9r-spinach-2zy;rank=1;top=mode:1;decoys=10;margin=26.625;topRMSD=0.000;bestDecoyRMSD=8.224;contactSpec=0.000;clashPen=0.000;enrichSets=0;enrichActive=0;enrichDecoy=0;enrichAUC=n/a;enrichMargin=n/a | case=1fmn-fmn-riboswitch;rank=1;top=mode:1;decoys=0;margin=n/a;topRMSD=0.000;bestDecoyRMSD=n/a;contactSpec=n/a;clashPen=n/a;enrichSets=1;enrichActive=1;enrichDecoy=60;enrichAUC=1.000;enrichMargin=9.849 | case=1fmn-fmn-riboswitch-mg;rank=1;top=mode:1;decoys=0;margin=n/a;topRMSD=0.000;bestDecoyRMSD=n/a;contactSpec=n/a;clashPen=n/a;enrichSets=0;enrichActive=0;enrichDecoy=0;enrichAUC=n/a;enrichMargin=n/a | case=2g9c-purine-riboswitch;rank=1;top=mode:1;decoys=0;margin=n/a;topRMSD=0.000;bestDecoyRMSD=n/a;contactSpec=n/a;clashPen=n/a;enrichSets=1;enrichActive=7;enrichDecoy=88;enrichAUC=0.659;enrichMargin=-0.905 | case=4rzd-preq1-riboswitch;rank=1;top=mode:1;decoys=0;margin=n/a;topRMSD=0.000;bestDecoyRMSD=n/a;contactSpec=n/a;clashPen=n/a;enrichSets=1;enrichActive=5;enrichDecoy=74;enrichAUC=0.500;enrichMargin=0.000 | case=2gdi-tpp-riboswitch;rank=1;top=mode:1;decoys=0;margin=n/a;topRMSD=0.000;bestDecoyRMSD=n/a;contactSpec=n/a;clashPen=n/a;enrichSets=1;enrichActive=7;enrichDecoy=266;enrichAUC=0.632;enrichMargin=-14.673 | case=2ygh-sam-riboswitch;rank=1;top=mode:1;decoys=0;margin=n/a;topRMSD=0.000;bestDecoyRMSD=n/a;contactSpec=n/a;clashPen=n/a;enrichSets=1;enrichActive=3;enrichDecoy=238;enrichAUC=0.819;enrichMargin=-1.098 | case=3b4b-glms-riboswitch;rank=1;top=mode:1;decoys=0;margin=n/a;topRMSD=0.000;bestDecoyRMSD=n/a;contactSpec=n/a;clashPen=n/a;enrichSets=1;enrichActive=4;enrichDecoy=165;enrichAUC=0.750;enrichMargin=0.500 | case=2hoj-tpp-riboswitch;rank=1;top=mode:1;decoys=0;margin=n/a;topRMSD=0.000;bestDecoyRMSD=n/a;contactSpec=n/a;clashPen=n/a;enrichSets=2;enrichActive=14;enrichDecoy=532;enrichAUC=0.714;enrichMargin=1.000 | case=3sd3-thf-riboswitch;rank=1;top=mode:1;decoys=0;margin=n/a;topRMSD=0.000;bestDecoyRMSD=n/a;contactSpec=n/a;clashPen=n/a;enrichSets=0;enrichActive=0;enrichDecoy=0;enrichAUC=n/a;enrichMargin=n/a | case=5dhb-gmp-primer-template;rank=1;top=mode:1;decoys=0;margin=n/a;topRMSD=0.000;bestDecoyRMSD=n/a;contactSpec=n/a;clashPen=n/a;enrichSets=0;enrichActive=0;enrichDecoy=0;enrichAUC=n/a;enrichMargin=n/a | case=6c64-mango-ii-ekm;rank=1;top=mode:1;decoys=0;margin=n/a;topRMSD=0.000;bestDecoyRMSD=n/a;contactSpec=n/a;clashPen=n/a;enrichSets=0;enrichActive=0;enrichDecoy=0;enrichAUC=n/a;enrichMargin=n/a | case=5bjp-corn-dfho;rank=1;top=mode:1;decoys=0;margin=n/a;topRMSD=0.000;bestDecoyRMSD=n/a;contactSpec=n/a;clashPen=n/a;enrichSets=0;enrichActive=0;enrichDecoy=0;enrichAUC=n/a;enrichMargin=n/a | case=6wzs-ztp-riboswitch;rank=1;top=mode:1;decoys=0;margin=n/a;topRMSD=0.000;bestDecoyRMSD=n/a;contactSpec=n/a;clashPen=n/a;enrichSets=0;enrichActive=0;enrichDecoy=0;enrichAUC=n/a;enrichMargin=n/a | case=3irw-c-di-gmp-riboswitch;rank=1;top=mode:1;decoys=0;margin=n/a;topRMSD=0.000;bestDecoyRMSD=n/a;contactSpec=n/a;clashPen=n/a;enrichSets=0;enrichActive=0;enrichDecoy=0;enrichAUC=n/a;enrichMargin=n/a | case=4qlm-c-di-amp-riboswitch;rank=1;top=mode:1;decoys=0;margin=n/a;topRMSD=0.000;bestDecoyRMSD=n/a;contactSpec=n/a;clashPen=n/a;enrichSets=0;enrichActive=0;enrichDecoy=0;enrichAUC=n/a;enrichMargin=n/a | case=3d0u-lysine-riboswitch;rank=1;top=mode:1;decoys=0;margin=n/a;topRMSD=0.000;bestDecoyRMSD=n/a;contactSpec=n/a;clashPen=n/a;enrichSets=0;enrichActive=0;enrichDecoy=0;enrichAUC=n/a;enrichMargin=n/a | case=3oww-glycine-riboswitch;rank=1;top=mode:1;decoys=0;margin=n/a;topRMSD=0.000;bestDecoyRMSD=n/a;contactSpec=n/a;clashPen=n/a;enrichSets=0;enrichActive=0;enrichDecoy=0;enrichAUC=n/a;enrichMargin=n/a
-0.080000,-0.500000,-0.250000,-0.100000,2.867880,0.724,-0.765,8,41,1423,1.000000,4.234465,0.562,0.000,0.000,8.224,26.615447,0.000000,0.000000,2.157895,1.000000,case=t6-thrombin-vina;rank=1;top=mode:1;decoys=0;margin=n/a;topRMSD=0.000;bestDecoyRMSD=n/a;contactSpec=n/a;clashPen=n/a;enrichSets=0;enrichActive=0;enrichDecoy=0;enrichAUC=n/a;enrichMargin=n/a | case=4q9r-spinach-2zy;rank=1;top=mode:1;decoys=10;margin=26.615;topRMSD=0.000;bestDecoyRMSD=8.224;contactSpec=0.000;clashPen=0.000;enrichSets=0;enrichActive=0;enrichDecoy=0;enrichAUC=n/a;enrichMargin=n/a | case=1fmn-fmn-riboswitch;rank=1;top=mode:1;decoys=0;margin=n/a;topRMSD=0.000;bestDecoyRMSD=n/a;contactSpec=n/a;clashPen=n/a;enrichSets=1;enrichActive=1;enrichDecoy=60;enrichAUC=1.000;enrichMargin=9.712 | case=1fmn-fmn-riboswitch-mg;rank=1;top=mode:1;decoys=0;margin=n/a;topRMSD=0.000;bestDecoyRMSD=n/a;contactSpec=n/a;clashPen=n/a;enrichSets=0;enrichActive=0;enrichDecoy=0;enrichAUC=n/a;enrichMargin=n/a | case=2g9c-purine-riboswitch;rank=1;top=mode:1;decoys=0;margin=n/a;topRMSD=0.000;bestDecoyRMSD=n/a;contactSpec=n/a;clashPen=n/a;enrichSets=1;enrichActive=7;enrichDecoy=88;enrichAUC=0.656;enrichMargin=-0.906 | case=4rzd-preq1-riboswitch;rank=1;top=mode:1;decoys=0;margin=n/a;topRMSD=0.000;bestDecoyRMSD=n/a;contactSpec=n/a;clashPen=n/a;enrichSets=1;enrichActive=5;enrichDecoy=74;enrichAUC=0.500;enrichMargin=0.000 | case=2gdi-tpp-riboswitch;rank=1;top=mode:1;decoys=0;margin=n/a;topRMSD=0.000;bestDecoyRMSD=n/a;contactSpec=n/a;clashPen=n/a;enrichSets=1;enrichActive=7;enrichDecoy=266;enrichAUC=0.628;enrichMargin=-14.651 | case=2ygh-sam-riboswitch;rank=1;top=mode:1;decoys=0;margin=n/a;topRMSD=0.000;bestDecoyRMSD=n/a;contactSpec=n/a;clashPen=n/a;enrichSets=1;enrichActive=3;enrichDecoy=238;enrichAUC=0.821;enrichMargin=-1.010 | case=3b4b-glms-riboswitch;rank=1;top=mode:1;decoys=0;margin=n/a;topRMSD=0.000;bestDecoyRMSD=n/a;contactSpec=n/a;clashPen=n/a;enrichSets=1;enrichActive=4;enrichDecoy=165;enrichAUC=0.750;enrichMargin=0.500 | case=2hoj-tpp-riboswitch;rank=1;top=mode:1;decoys=0;margin=n/a;topRMSD=0.000;bestDecoyRMSD=n/a;contactSpec=n/a;clashPen=n/a;enrichSets=2;enrichActive=14;enrichDecoy=532;enrichAUC=0.714;enrichMargin=1.000 | case=3sd3-thf-riboswitch;rank=1;top=mode:1;decoys=0;margin=n/a;topRMSD=0.000;bestDecoyRMSD=n/a;contactSpec=n/a;clashPen=n/a;enrichSets=0;enrichActive=0;enrichDecoy=0;enrichAUC=n/a;enrichMargin=n/a | case=5dhb-gmp-primer-template;rank=1;top=mode:1;decoys=0;margin=n/a;topRMSD=0.000;bestDecoyRMSD=n/a;contactSpec=n/a;clashPen=n/a;enrichSets=0;enrichActive=0;enrichDecoy=0;enrichAUC=n/a;enrichMargin=n/a | case=6c64-mango-ii-ekm;rank=1;top=mode:1;decoys=0;margin=n/a;topRMSD=0.000;bestDecoyRMSD=n/a;contactSpec=n/a;clashPen=n/a;enrichSets=0;enrichActive=0;enrichDecoy=0;enrichAUC=n/a;enrichMargin=n/a | case=5bjp-corn-dfho;rank=1;top=mode:1;decoys=0;margin=n/a;topRMSD=0.000;bestDecoyRMSD=n/a;contactSpec=n/a;clashPen=n/a;enrichSets=0;enrichActive=0;enrichDecoy=0;enrichAUC=n/a;enrichMargin=n/a | case=6wzs-ztp-riboswitch;rank=1;top=mode:1;decoys=0;margin=n/a;topRMSD=0.000;bestDecoyRMSD=n/a;contactSpec=n/a;clashPen=n/a;enrichSets=0;enrichActive=0;enrichDecoy=0;enrichAUC=n/a;enrichMargin=n/a | case=3irw-c-di-gmp-riboswitch;rank=1;top=mode:1;decoys=0;margin=n/a;topRMSD=0.000;bestDecoyRMSD=n/a;contactSpec=n/a;clashPen=n/a;enrichSets=0;enrichActive=0;enrichDecoy=0;enrichAUC=n/a;enrichMargin=n/a | case=4qlm-c-di-amp-riboswitch;rank=1;top=mode:1;decoys=0;margin=n/a;topRMSD=0.000;bestDecoyRMSD=n/a;contactSpec=n/a;clashPen=n/a;enrichSets=0;enrichActive=0;enrichDecoy=0;enrichAUC=n/a;enrichMargin=n/a | case=3d0u-lysine-riboswitch;rank=1;top=mode:1;decoys=0;margin=n/a;topRMSD=0.000;bestDecoyRMSD=n/a;contactSpec=n/a;clashPen=n/a;enrichSets=0;enrichActive=0;enrichDecoy=0;enrichAUC=n/a;enrichMargin=n/a | case=3oww-glycine-riboswitch;rank=1;top=mode:1;decoys=0;margin=n/a;topRMSD=0.000;bestDecoyRMSD=n/a;contactSpec=n/a;clashPen=n/a;enrichSets=0;enrichActive=0;enrichDecoy=0;enrichAUC=n/a;enrichMargin=n/a
-0.080000,-0.500000,-0.250000,-0.220000,2.867880,0.724,-0.765,8,41,1423,1.000000,4.234465,0.562,0.000,0.000,8.224,26.615447,0.000000,0.000000,2.157895,1.000000,case=t6-thrombin-vina;rank=1;top=mode:1;decoys=0;margin=n/a;topRMSD=0.000;bestDecoyRMSD=n/a;contactSpec=n/a;clashPen=n/a;enrichSets=0;enrichActive=0;enrichDecoy=0;enrichAUC=n/a;enrichMargin=n/a | case=4q9r-spinach-2zy;rank=1;top=mode:1;decoys=10;margin=26.615;topRMSD=0.000;bestDecoyRMSD=8.224;contactSpec=0.000;clashPen=0.000;enrichSets=0;enrichActive=0;enrichDecoy=0;enrichAUC=n/a;enrichMargin=n/a | case=1fmn-fmn-riboswitch;rank=1;top=mode:1;decoys=0;margin=n/a;topRMSD=0.000;bestDecoyRMSD=n/a;contactSpec=n/a;clashPen=n/a;enrichSets=1;enrichActive=1;enrichDecoy=60;enrichAUC=1.000;enrichMargin=9.712 | case=1fmn-fmn-riboswitch-mg;rank=1;top=mode:1;decoys=0;margin=n/a;topRMSD=0.000;bestDecoyRMSD=n/a;contactSpec=n/a;clashPen=n/a;enrichSets=0;enrichActive=0;enrichDecoy=0;enrichAUC=n/a;enrichMargin=n/a | case=2g9c-purine-riboswitch;rank=1;top=mode:1;decoys=0;margin=n/a;topRMSD=0.000;bestDecoyRMSD=n/a;contactSpec=n/a;clashPen=n/a;enrichSets=1;enrichActive=7;enrichDecoy=88;enrichAUC=0.656;enrichMargin=-0.906 | case=4rzd-preq1-riboswitch;rank=1;top=mode:1;decoys=0;margin=n/a;topRMSD=0.000;bestDecoyRMSD=n/a;contactSpec=n/a;clashPen=n/a;enrichSets=1;enrichActive=5;enrichDecoy=74;enrichAUC=0.500;enrichMargin=0.000 | case=2gdi-tpp-riboswitch;rank=1;top=mode:1;decoys=0;margin=n/a;topRMSD=0.000;bestDecoyRMSD=n/a;contactSpec=n/a;clashPen=n/a;enrichSets=1;enrichActive=7;enrichDecoy=266;enrichAUC=0.628;enrichMargin=-14.651 | case=2ygh-sam-riboswitch;rank=1;top=mode:1;decoys=0;margin=n/a;topRMSD=0.000;bestDecoyRMSD=n/a;contactSpec=n/a;clashPen=n/a;enrichSets=1;enrichActive=3;enrichDecoy=238;enrichAUC=0.821;enrichMargin=-1.010 | case=3b4b-glms-riboswitch;rank=1;top=mode:1;decoys=0;margin=n/a;topRMSD=0.000;bestDecoyRMSD=n/a;contactSpec=n/a;clashPen=n/a;enrichSets=1;enrichActive=4;enrichDecoy=165;enrichAUC=0.750;enrichMargin=0.500 | case=2hoj-tpp-riboswitch;rank=1;top=mode:1;decoys=0;margin=n/a;topRMSD=0.000;bestDecoyRMSD=n/a;contactSpec=n/a;clashPen=n/a;enrichSets=2;enrichActive=14;enrichDecoy=532;enrichAUC=0.714;enrichMargin=1.000 | case=3sd3-thf-riboswitch;rank=1;top=mode:1;decoys=0;margin=n/a;topRMSD=0.000;bestDecoyRMSD=n/a;contactSpec=n/a;clashPen=n/a;enrichSets=0;enrichActive=0;enrichDecoy=0;enrichAUC=n/a;enrichMargin=n/a | case=5dhb-gmp-primer-template;rank=1;top=mode:1;decoys=0;margin=n/a;topRMSD=0.000;bestDecoyRMSD=n/a;contactSpec=n/a;clashPen=n/a;enrichSets=0;enrichActive=0;enrichDecoy=0;enrichAUC=n/a;enrichMargin=n/a | case=6c64-mango-ii-ekm;rank=1;top=mode:1;decoys=0;margin=n/a;topRMSD=0.000;bestDecoyRMSD=n/a;contactSpec=n/a;clashPen=n/a;enrichSets=0;enrichActive=0;enrichDecoy=0;enrichAUC=n/a;enrichMargin=n/a | case=5bjp-corn-dfho;rank=1;top=mode:1;decoys=0;margin=n/a;topRMSD=0.000;bestDecoyRMSD=n/a;contactSpec=n/a;clashPen=n/a;enrichSets=0;enrichActive=0;enrichDecoy=0;enrichAUC=n/a;enrichMargin=n/a | case=6wzs-ztp-riboswitch;rank=1;top=mode:1;decoys=0;margin=n/a;topRMSD=0.000;bestDecoyRMSD=n/a;contactSpec=n/a;clashPen=n/a;enrichSets=0;enrichActive=0;enrichDecoy=0;enrichAUC=n/a;enrichMargin=n/a | case=3irw-c-di-gmp-riboswitch;rank=1;top=mode:1;decoys=0;margin=n/a;topRMSD=0.000;bestDecoyRMSD=n/a;contactSpec=n/a;clashPen=n/a;enrichSets=0;enrichActive=0;enrichDecoy=0;enrichAUC=n/a;enrichMargin=n/a | case=4qlm-c-di-amp-riboswitch;rank=1;top=mode:1;decoys=0;margin=n/a;topRMSD=0.000;bestDecoyRMSD=n/a;contactSpec=n/a;clashPen=n/a;enrichSets=0;enrichActive=0;enrichDecoy=0;enrichAUC=n/a;enrichMargin=n/a | case=3d0u-lysine-riboswitch;rank=1;top=mode:1;decoys=0;margin=n/a;topRMSD=0.000;bestDecoyRMSD=n/a;contactSpec=n/a;clashPen=n/a;enrichSets=0;enrichActive=0;enrichDecoy=0;enrichAUC=n/a;enrichMargin=n/a | case=3oww-glycine-riboswitch;rank=1;top=mode:1;decoys=0;margin=n/a;topRMSD=0.000;bestDecoyRMSD=n/a;contactSpec=n/a;clashPen=n/a;enrichSets=0;enrichActive=0;enrichDecoy=0;enrichAUC=n/a;enrichMargin=n/a
-0.080000,-0.500000,-0.250000,-0.350000,2.867880,0.724,-0.765,8,41,1423,1.000000,4.234465,0.562,0.000,0.000,8.224,26.615447,0.000000,0.000000,2.157895,1.000000,case=t6-thrombin-vina;rank=1;top=mode:1;decoys=0;margin=n/a;topRMSD=0.000;bestDecoyRMSD=n/a;contactSpec=n/a;clashPen=n/a;enrichSets=0;enrichActive=0;enrichDecoy=0;enrichAUC=n/a;enrichMargin=n/a | case=4q9r-spinach-2zy;rank=1;top=mode:1;decoys=10;margin=26.615;topRMSD=0.000;bestDecoyRMSD=8.224;contactSpec=0.000;clashPen=0.000;enrichSets=0;enrichActive=0;enrichDecoy=0;enrichAUC=n/a;enrichMargin=n/a | case=1fmn-fmn-riboswitch;rank=1;top=mode:1;decoys=0;margin=n/a;topRMSD=0.000;bestDecoyRMSD=n/a;contactSpec=n/a;clashPen=n/a;enrichSets=1;enrichActive=1;enrichDecoy=60;enrichAUC=1.000;enrichMargin=9.712 | case=1fmn-fmn-riboswitch-mg;rank=1;top=mode:1;decoys=0;margin=n/a;topRMSD=0.000;bestDecoyRMSD=n/a;contactSpec=n/a;clashPen=n/a;enrichSets=0;enrichActive=0;enrichDecoy=0;enrichAUC=n/a;enrichMargin=n/a | case=2g9c-purine-riboswitch;rank=1;top=mode:1;decoys=0;margin=n/a;topRMSD=0.000;bestDecoyRMSD=n/a;contactSpec=n/a;clashPen=n/a;enrichSets=1;enrichActive=7;enrichDecoy=88;enrichAUC=0.656;enrichMargin=-0.906 | case=4rzd-preq1-riboswitch;rank=1;top=mode:1;decoys=0;margin=n/a;topRMSD=0.000;bestDecoyRMSD=n/a;contactSpec=n/a;clashPen=n/a;enrichSets=1;enrichActive=5;enrichDecoy=74;enrichAUC=0.500;enrichMargin=0.000 | case=2gdi-tpp-riboswitch;rank=1;top=mode:1;decoys=0;margin=n/a;topRMSD=0.000;bestDecoyRMSD=n/a;contactSpec=n/a;clashPen=n/a;enrichSets=1;enrichActive=7;enrichDecoy=266;enrichAUC=0.628;enrichMargin=-14.651 | case=2ygh-sam-riboswitch;rank=1;top=mode:1;decoys=0;margin=n/a;topRMSD=0.000;bestDecoyRMSD=n/a;contactSpec=n/a;clashPen=n/a;enrichSets=1;enrichActive=3;enrichDecoy=238;enrichAUC=0.821;enrichMargin=-1.010 | case=3b4b-glms-riboswitch;rank=1;top=mode:1;decoys=0;margin=n/a;topRMSD=0.000;bestDecoyRMSD=n/a;contactSpec=n/a;clashPen=n/a;enrichSets=1;enrichActive=4;enrichDecoy=165;enrichAUC=0.750;enrichMargin=0.500 | case=2hoj-tpp-riboswitch;rank=1;top=mode:1;decoys=0;margin=n/a;topRMSD=0.000;bestDecoyRMSD=n/a;contactSpec=n/a;clashPen=n/a;enrichSets=2;enrichActive=14;enrichDecoy=532;enrichAUC=0.714;enrichMargin=1.000 | case=3sd3-thf-riboswitch;rank=1;top=mode:1;decoys=0;margin=n/a;topRMSD=0.000;bestDecoyRMSD=n/a;contactSpec=n/a;clashPen=n/a;enrichSets=0;enrichActive=0;enrichDecoy=0;enrichAUC=n/a;enrichMargin=n/a | case=5dhb-gmp-primer-template;rank=1;top=mode:1;decoys=0;margin=n/a;topRMSD=0.000;bestDecoyRMSD=n/a;contactSpec=n/a;clashPen=n/a;enrichSets=0;enrichActive=0;enrichDecoy=0;enrichAUC=n/a;enrichMargin=n/a | case=6c64-mango-ii-ekm;rank=1;top=mode:1;decoys=0;margin=n/a;topRMSD=0.000;bestDecoyRMSD=n/a;contactSpec=n/a;clashPen=n/a;enrichSets=0;enrichActive=0;enrichDecoy=0;enrichAUC=n/a;enrichMargin=n/a | case=5bjp-corn-dfho;rank=1;top=mode:1;decoys=0;margin=n/a;topRMSD=0.000;bestDecoyRMSD=n/a;contactSpec=n/a;clashPen=n/a;enrichSets=0;enrichActive=0;enrichDecoy=0;enrichAUC=n/a;enrichMargin=n/a | case=6wzs-ztp-riboswitch;rank=1;top=mode:1;decoys=0;margin=n/a;topRMSD=0.000;bestDecoyRMSD=n/a;contactSpec=n/a;clashPen=n/a;enrichSets=0;enrichActive=0;enrichDecoy=0;enrichAUC=n/a;enrichMargin=n/a | case=3irw-c-di-gmp-riboswitch;rank=1;top=mode:1;decoys=0;margin=n/a;topRMSD=0.000;bestDecoyRMSD=n/a;contactSpec=n/a;clashPen=n/a;enrichSets=0;enrichActive=0;enrichDecoy=0;enrichAUC=n/a;enrichMargin=n/a | case=4qlm-c-di-amp-riboswitch;rank=1;top=mode:1;decoys=0;margin=n/a;topRMSD=0.000;bestDecoyRMSD=n/a;contactSpec=n/a;clashPen=n/a;enrichSets=0;enrichActive=0;enrichDecoy=0;enrichAUC=n/a;enrichMargin=n/a | case=3d0u-lysine-riboswitch;rank=1;top=mode:1;decoys=0;margin=n/a;topRMSD=0.000;bestDecoyRMSD=n/a;contactSpec=n/a;clashPen=n/a;enrichSets=0;enrichActive=0;enrichDecoy=0;enrichAUC=n/a;enrichMargin=n/a | case=3oww-glycine-riboswitch;rank=1;top=mode:1;decoys=0;margin=n/a;topRMSD=0.000;bestDecoyRMSD=n/a;contactSpec=n/a;clashPen=n/a;enrichSets=0;enrichActive=0;enrichDecoy=0;enrichAUC=n/a;enrichMargin=n/a
-0.180000,-0.500000,-0.150000,-0.100000,2.878557,0.725,-0.770,8,41,1423,1.000000,4.263611,0.562,0.000,0.000,8.224,26.625490,0.000000,0.000000,2.157895,1.000000,case=t6-thrombin-vina;rank=1;top=mode:1;decoys=0;margin=n/a;topRMSD=0.000;bestDecoyRMSD=n/a;contactSpec=n/a;clashPen=n/a;enrichSets=0;enrichActive=0;enrichDecoy=0;enrichAUC=n/a;enrichMargin=n/a | case=4q9r-spinach-2zy;rank=1;top=mode:1;decoys=10;margin=26.625;topRMSD=0.000;bestDecoyRMSD=8.224;contactSpec=0.000;clashPen=0.000;enrichSets=0;enrichActive=0;enrichDecoy=0;enrichAUC=n/a;enrichMargin=n/a | case=1fmn-fmn-riboswitch;rank=1;top=mode:1;decoys=0;margin=n/a;topRMSD=0.000;bestDecoyRMSD=n/a;contactSpec=n/a;clashPen=n/a;enrichSets=1;enrichActive=1;enrichDecoy=60;enrichAUC=1.000;enrichMargin=9.744 | case=1fmn-fmn-riboswitch-mg;rank=1;top=mode:1;decoys=0;margin=n/a;topRMSD=0.000;bestDecoyRMSD=n/a;contactSpec=n/a;clashPen=n/a;enrichSets=0;enrichActive=0;enrichDecoy=0;enrichAUC=n/a;enrichMargin=n/a | case=2g9c-purine-riboswitch;rank=1;top=mode:1;decoys=0;margin=n/a;topRMSD=0.000;bestDecoyRMSD=n/a;contactSpec=n/a;clashPen=n/a;enrichSets=1;enrichActive=7;enrichDecoy=88;enrichAUC=0.657;enrichMargin=-0.906 | case=4rzd-preq1-riboswitch;rank=1;top=mode:1;decoys=0;margin=n/a;topRMSD=0.000;bestDecoyRMSD=n/a;contactSpec=n/a;clashPen=n/a;enrichSets=1;enrichActive=5;enrichDecoy=74;enrichAUC=0.500;enrichMargin=0.000 | case=2gdi-tpp-riboswitch;rank=1;top=mode:1;decoys=0;margin=n/a;topRMSD=0.000;bestDecoyRMSD=n/a;contactSpec=n/a;clashPen=n/a;enrichSets=1;enrichActive=7;enrichDecoy=266;enrichAUC=0.631;enrichMargin=-14.664 | case=2ygh-sam-riboswitch;rank=1;top=mode:1;decoys=0;margin=n/a;topRMSD=0.000;bestDecoyRMSD=n/a;contactSpec=n/a;clashPen=n/a;enrichSets=1;enrichActive=3;enrichDecoy=238;enrichAUC=0.819;enrichMargin=-1.065 | case=3b4b-glms-riboswitch;rank=1;top=mode:1;decoys=0;margin=n/a;topRMSD=0.000;bestDecoyRMSD=n/a;contactSpec=n/a;clashPen=n/a;enrichSets=1;enrichActive=4;enrichDecoy=165;enrichAUC=0.750;enrichMargin=0.500 | case=2hoj-tpp-riboswitch;rank=1;top=mode:1;decoys=0;margin=n/a;topRMSD=0.000;bestDecoyRMSD=n/a;contactSpec=n/a;clashPen=n/a;enrichSets=2;enrichActive=14;enrichDecoy=532;enrichAUC=0.714;enrichMargin=1.000 | case=3sd3-thf-riboswitch;rank=1;top=mode:1;decoys=0;margin=n/a;topRMSD=0.000;bestDecoyRMSD=n/a;contactSpec=n/a;clashPen=n/a;enrichSets=0;enrichActive=0;enrichDecoy=0;enrichAUC=n/a;enrichMargin=n/a | case=5dhb-gmp-primer-template;rank=1;top=mode:1;decoys=0;margin=n/a;topRMSD=0.000;bestDecoyRMSD=n/a;contactSpec=n/a;clashPen=n/a;enrichSets=0;enrichActive=0;enrichDecoy=0;enrichAUC=n/a;enrichMargin=n/a | case=6c64-mango-ii-ekm;rank=1;top=mode:1;decoys=0;margin=n/a;topRMSD=0.000;bestDecoyRMSD=n/a;contactSpec=n/a;clashPen=n/a;enrichSets=0;enrichActive=0;enrichDecoy=0;enrichAUC=n/a;enrichMargin=n/a | case=5bjp-corn-dfho;rank=1;top=mode:1;decoys=0;margin=n/a;topRMSD=0.000;bestDecoyRMSD=n/a;contactSpec=n/a;clashPen=n/a;enrichSets=0;enrichActive=0;enrichDecoy=0;enrichAUC=n/a;enrichMargin=n/a | case=6wzs-ztp-riboswitch;rank=1;top=mode:1;decoys=0;margin=n/a;topRMSD=0.000;bestDecoyRMSD=n/a;contactSpec=n/a;clashPen=n/a;enrichSets=0;enrichActive=0;enrichDecoy=0;enrichAUC=n/a;enrichMargin=n/a | case=3irw-c-di-gmp-riboswitch;rank=1;top=mode:1;decoys=0;margin=n/a;topRMSD=0.000;bestDecoyRMSD=n/a;contactSpec=n/a;clashPen=n/a;enrichSets=0;enrichActive=0;enrichDecoy=0;enrichAUC=n/a;enrichMargin=n/a | case=4qlm-c-di-amp-riboswitch;rank=1;top=mode:1;decoys=0;margin=n/a;topRMSD=0.000;bestDecoyRMSD=n/a;contactSpec=n/a;clashPen=n/a;enrichSets=0;enrichActive=0;enrichDecoy=0;enrichAUC=n/a;enrichMargin=n/a | case=3d0u-lysine-riboswitch;rank=1;top=mode:1;decoys=0;margin=n/a;topRMSD=0.000;bestDecoyRMSD=n/a;contactSpec=n/a;clashPen=n/a;enrichSets=0;enrichActive=0;enrichDecoy=0;enrichAUC=n/a;enrichMargin=n/a | case=3oww-glycine-riboswitch;rank=1;top=mode:1;decoys=0;margin=n/a;topRMSD=0.000;bestDecoyRMSD=n/a;contactSpec=n/a;clashPen=n/a;enrichSets=0;enrichActive=0;enrichDecoy=0;enrichAUC=n/a;enrichMargin=n/a
-0.180000,-0.500000,-0.150000,-0.220000,2.878557,0.725,-0.770,8,41,1423,1.000000,4.263611,0.562,0.000,0.000,8.224,26.625490,0.000000,0.000000,2.157895,1.000000,case=t6-thrombin-vina;rank=1;top=mode:1;decoys=0;margin=n/a;topRMSD=0.000;bestDecoyRMSD=n/a;contactSpec=n/a;clashPen=n/a;enrichSets=0;enrichActive=0;enrichDecoy=0;enrichAUC=n/a;enrichMargin=n/a | case=4q9r-spinach-2zy;rank=1;top=mode:1;decoys=10;margin=26.625;topRMSD=0.000;bestDecoyRMSD=8.224;contactSpec=0.000;clashPen=0.000;enrichSets=0;enrichActive=0;enrichDecoy=0;enrichAUC=n/a;enrichMargin=n/a | case=1fmn-fmn-riboswitch;rank=1;top=mode:1;decoys=0;margin=n/a;topRMSD=0.000;bestDecoyRMSD=n/a;contactSpec=n/a;clashPen=n/a;enrichSets=1;enrichActive=1;enrichDecoy=60;enrichAUC=1.000;enrichMargin=9.744 | case=1fmn-fmn-riboswitch-mg;rank=1;top=mode:1;decoys=0;margin=n/a;topRMSD=0.000;bestDecoyRMSD=n/a;contactSpec=n/a;clashPen=n/a;enrichSets=0;enrichActive=0;enrichDecoy=0;enrichAUC=n/a;enrichMargin=n/a | case=2g9c-purine-riboswitch;rank=1;top=mode:1;decoys=0;margin=n/a;topRMSD=0.000;bestDecoyRMSD=n/a;contactSpec=n/a;clashPen=n/a;enrichSets=1;enrichActive=7;enrichDecoy=88;enrichAUC=0.657;enrichMargin=-0.906 | case=4rzd-preq1-riboswitch;rank=1;top=mode:1;decoys=0;margin=n/a;topRMSD=0.000;bestDecoyRMSD=n/a;contactSpec=n/a;clashPen=n/a;enrichSets=1;enrichActive=5;enrichDecoy=74;enrichAUC=0.500;enrichMargin=0.000 | case=2gdi-tpp-riboswitch;rank=1;top=mode:1;decoys=0;margin=n/a;topRMSD=0.000;bestDecoyRMSD=n/a;contactSpec=n/a;clashPen=n/a;enrichSets=1;enrichActive=7;enrichDecoy=266;enrichAUC=0.631;enrichMargin=-14.664 | case=2ygh-sam-riboswitch;rank=1;top=mode:1;decoys=0;margin=n/a;topRMSD=0.000;bestDecoyRMSD=n/a;contactSpec=n/a;clashPen=n/a;enrichSets=1;enrichActive=3;enrichDecoy=238;enrichAUC=0.819;enrichMargin=-1.065 | case=3b4b-glms-riboswitch;rank=1;top=mode:1;decoys=0;margin=n/a;topRMSD=0.000;bestDecoyRMSD=n/a;contactSpec=n/a;clashPen=n/a;enrichSets=1;enrichActive=4;enrichDecoy=165;enrichAUC=0.750;enrichMargin=0.500 | case=2hoj-tpp-riboswitch;rank=1;top=mode:1;decoys=0;margin=n/a;topRMSD=0.000;bestDecoyRMSD=n/a;contactSpec=n/a;clashPen=n/a;enrichSets=2;enrichActive=14;enrichDecoy=532;enrichAUC=0.714;enrichMargin=1.000 | case=3sd3-thf-riboswitch;rank=1;top=mode:1;decoys=0;margin=n/a;topRMSD=0.000;bestDecoyRMSD=n/a;contactSpec=n/a;clashPen=n/a;enrichSets=0;enrichActive=0;enrichDecoy=0;enrichAUC=n/a;enrichMargin=n/a | case=5dhb-gmp-primer-template;rank=1;top=mode:1;decoys=0;margin=n/a;topRMSD=0.000;bestDecoyRMSD=n/a;contactSpec=n/a;clashPen=n/a;enrichSets=0;enrichActive=0;enrichDecoy=0;enrichAUC=n/a;enrichMargin=n/a | case=6c64-mango-ii-ekm;rank=1;top=mode:1;decoys=0;margin=n/a;topRMSD=0.000;bestDecoyRMSD=n/a;contactSpec=n/a;clashPen=n/a;enrichSets=0;enrichActive=0;enrichDecoy=0;enrichAUC=n/a;enrichMargin=n/a | case=5bjp-corn-dfho;rank=1;top=mode:1;decoys=0;margin=n/a;topRMSD=0.000;bestDecoyRMSD=n/a;contactSpec=n/a;clashPen=n/a;enrichSets=0;enrichActive=0;enrichDecoy=0;enrichAUC=n/a;enrichMargin=n/a | case=6wzs-ztp-riboswitch;rank=1;top=mode:1;decoys=0;margin=n/a;topRMSD=0.000;bestDecoyRMSD=n/a;contactSpec=n/a;clashPen=n/a;enrichSets=0;enrichActive=0;enrichDecoy=0;enrichAUC=n/a;enrichMargin=n/a | case=3irw-c-di-gmp-riboswitch;rank=1;top=mode:1;decoys=0;margin=n/a;topRMSD=0.000;bestDecoyRMSD=n/a;contactSpec=n/a;clashPen=n/a;enrichSets=0;enrichActive=0;enrichDecoy=0;enrichAUC=n/a;enrichMargin=n/a | case=4qlm-c-di-amp-riboswitch;rank=1;top=mode:1;decoys=0;margin=n/a;topRMSD=0.000;bestDecoyRMSD=n/a;contactSpec=n/a;clashPen=n/a;enrichSets=0;enrichActive=0;enrichDecoy=0;enrichAUC=n/a;enrichMargin=n/a | case=3d0u-lysine-riboswitch;rank=1;top=mode:1;decoys=0;margin=n/a;topRMSD=0.000;bestDecoyRMSD=n/a;contactSpec=n/a;clashPen=n/a;enrichSets=0;enrichActive=0;enrichDecoy=0;enrichAUC=n/a;enrichMargin=n/a | case=3oww-glycine-riboswitch;rank=1;top=mode:1;decoys=0;margin=n/a;topRMSD=0.000;bestDecoyRMSD=n/a;contactSpec=n/a;clashPen=n/a;enrichSets=0;enrichActive=0;enrichDecoy=0;enrichAUC=n/a;enrichMargin=n/a
-0.180000,-0.500000,-0.150000,-0.350000,2.878557,0.725,-0.770,8,41,1423,1.000000,4.263611,0.562,0.000,0.000,8.224,26.625490,0.000000,0.000000,2.157895,1.000000,case=t6-thrombin-vina;rank=1;top=mode:1;decoys=0;margin=n/a;topRMSD=0.000;bestDecoyRMSD=n/a;contactSpec=n/a;clashPen=n/a;enrichSets=0;enrichActive=0;enrichDecoy=0;enrichAUC=n/a;enrichMargin=n/a | case=4q9r-spinach-2zy;rank=1;top=mode:1;decoys=10;margin=26.625;topRMSD=0.000;bestDecoyRMSD=8.224;contactSpec=0.000;clashPen=0.000;enrichSets=0;enrichActive=0;enrichDecoy=0;enrichAUC=n/a;enrichMargin=n/a | case=1fmn-fmn-riboswitch;rank=1;top=mode:1;decoys=0;margin=n/a;topRMSD=0.000;bestDecoyRMSD=n/a;contactSpec=n/a;clashPen=n/a;enrichSets=1;enrichActive=1;enrichDecoy=60;enrichAUC=1.000;enrichMargin=9.744 | case=1fmn-fmn-riboswitch-mg;rank=1;top=mode:1;decoys=0;margin=n/a;topRMSD=0.000;bestDecoyRMSD=n/a;contactSpec=n/a;clashPen=n/a;enrichSets=0;enrichActive=0;enrichDecoy=0;enrichAUC=n/a;enrichMargin=n/a | case=2g9c-purine-riboswitch;rank=1;top=mode:1;decoys=0;margin=n/a;topRMSD=0.000;bestDecoyRMSD=n/a;contactSpec=n/a;clashPen=n/a;enrichSets=1;enrichActive=7;enrichDecoy=88;enrichAUC=0.657;enrichMargin=-0.906 | case=4rzd-preq1-riboswitch;rank=1;top=mode:1;decoys=0;margin=n/a;topRMSD=0.000;bestDecoyRMSD=n/a;contactSpec=n/a;clashPen=n/a;enrichSets=1;enrichActive=5;enrichDecoy=74;enrichAUC=0.500;enrichMargin=0.000 | case=2gdi-tpp-riboswitch;rank=1;top=mode:1;decoys=0;margin=n/a;topRMSD=0.000;bestDecoyRMSD=n/a;contactSpec=n/a;clashPen=n/a;enrichSets=1;enrichActive=7;enrichDecoy=266;enrichAUC=0.631;enrichMargin=-14.664 | case=2ygh-sam-riboswitch;rank=1;top=mode:1;decoys=0;margin=n/a;topRMSD=0.000;bestDecoyRMSD=n/a;contactSpec=n/a;clashPen=n/a;enrichSets=1;enrichActive=3;enrichDecoy=238;enrichAUC=0.819;enrichMargin=-1.065 | case=3b4b-glms-riboswitch;rank=1;top=mode:1;decoys=0;margin=n/a;topRMSD=0.000;bestDecoyRMSD=n/a;contactSpec=n/a;clashPen=n/a;enrichSets=1;enrichActive=4;enrichDecoy=165;enrichAUC=0.750;enrichMargin=0.500 | case=2hoj-tpp-riboswitch;rank=1;top=mode:1;decoys=0;margin=n/a;topRMSD=0.000;bestDecoyRMSD=n/a;contactSpec=n/a;clashPen=n/a;enrichSets=2;enrichActive=14;enrichDecoy=532;enrichAUC=0.714;enrichMargin=1.000 | case=3sd3-thf-riboswitch;rank=1;top=mode:1;decoys=0;margin=n/a;topRMSD=0.000;bestDecoyRMSD=n/a;contactSpec=n/a;clashPen=n/a;enrichSets=0;enrichActive=0;enrichDecoy=0;enrichAUC=n/a;enrichMargin=n/a | case=5dhb-gmp-primer-template;rank=1;top=mode:1;decoys=0;margin=n/a;topRMSD=0.000;bestDecoyRMSD=n/a;contactSpec=n/a;clashPen=n/a;enrichSets=0;enrichActive=0;enrichDecoy=0;enrichAUC=n/a;enrichMargin=n/a | case=6c64-mango-ii-ekm;rank=1;top=mode:1;decoys=0;margin=n/a;topRMSD=0.000;bestDecoyRMSD=n/a;contactSpec=n/a;clashPen=n/a;enrichSets=0;enrichActive=0;enrichDecoy=0;enrichAUC=n/a;enrichMargin=n/a | case=5bjp-corn-dfho;rank=1;top=mode:1;decoys=0;margin=n/a;topRMSD=0.000;bestDecoyRMSD=n/a;contactSpec=n/a;clashPen=n/a;enrichSets=0;enrichActive=0;enrichDecoy=0;enrichAUC=n/a;enrichMargin=n/a | case=6wzs-ztp-riboswitch;rank=1;top=mode:1;decoys=0;margin=n/a;topRMSD=0.000;bestDecoyRMSD=n/a;contactSpec=n/a;clashPen=n/a;enrichSets=0;enrichActive=0;enrichDecoy=0;enrichAUC=n/a;enrichMargin=n/a | case=3irw-c-di-gmp-riboswitch;rank=1;top=mode:1;decoys=0;margin=n/a;topRMSD=0.000;bestDecoyRMSD=n/a;contactSpec=n/a;clashPen=n/a;enrichSets=0;enrichActive=0;enrichDecoy=0;enrichAUC=n/a;enrichMargin=n/a | case=4qlm-c-di-amp-riboswitch;rank=1;top=mode:1;decoys=0;margin=n/a;topRMSD=0.000;bestDecoyRMSD=n/a;contactSpec=n/a;clashPen=n/a;enrichSets=0;enrichActive=0;enrichDecoy=0;enrichAUC=n/a;enrichMargin=n/a | case=3d0u-lysine-riboswitch;rank=1;top=mode:1;decoys=0;margin=n/a;topRMSD=0.000;bestDecoyRMSD=n/a;contactSpec=n/a;clashPen=n/a;enrichSets=0;enrichActive=0;enrichDecoy=0;enrichAUC=n/a;enrichMargin=n/a | case=3oww-glycine-riboswitch;rank=1;top=mode:1;decoys=0;margin=n/a;topRMSD=0.000;bestDecoyRMSD=n/a;contactSpec=n/a;clashPen=n/a;enrichSets=0;enrichActive=0;enrichDecoy=0;enrichAUC=n/a;enrichMargin=n/a
-0.120000,-0.500000,-0.150000,-0.100000,2.889490,0.725,-0.779,8,41,1423,1.000000,4.280337,0.562,0.000,0.000,8.224,26.625505,0.000000,0.000000,2.157895,1.000000,case=t6-thrombin-vina;rank=1;top=mode:1;decoys=0;margin=n/a;topRMSD=0.000;bestDecoyRMSD=n/a;contactSpec=n/a;clashPen=n/a;enrichSets=0;enrichActive=0;enrichDecoy=0;enrichAUC=n/a;enrichMargin=n/a | case=4q9r-spinach-2zy;rank=1;top=mode:1;decoys=10;margin=26.626;topRMSD=0.000;bestDecoyRMSD=8.224;contactSpec=0.000;clashPen=0.000;enrichSets=0;enrichActive=0;enrichDecoy=0;enrichAUC=n/a;enrichMargin=n/a | case=1fmn-fmn-riboswitch;rank=1;top=mode:1;decoys=0;margin=n/a;topRMSD=0.000;bestDecoyRMSD=n/a;contactSpec=n/a;clashPen=n/a;enrichSets=1;enrichActive=1;enrichDecoy=60;enrichAUC=1.000;enrichMargin=9.639 | case=1fmn-fmn-riboswitch-mg;rank=1;top=mode:1;decoys=0;margin=n/a;topRMSD=0.000;bestDecoyRMSD=n/a;contactSpec=n/a;clashPen=n/a;enrichSets=0;enrichActive=0;enrichDecoy=0;enrichAUC=n/a;enrichMargin=n/a | case=2g9c-purine-riboswitch;rank=1;top=mode:1;decoys=0;margin=n/a;topRMSD=0.000;bestDecoyRMSD=n/a;contactSpec=n/a;clashPen=n/a;enrichSets=1;enrichActive=7;enrichDecoy=88;enrichAUC=0.657;enrichMargin=-0.906 | case=4rzd-preq1-riboswitch;rank=1;top=mode:1;decoys=0;margin=n/a;topRMSD=0.000;bestDecoyRMSD=n/a;contactSpec=n/a;clashPen=n/a;enrichSets=1;enrichActive=5;enrichDecoy=74;enrichAUC=0.500;enrichMargin=0.000 | case=2gdi-tpp-riboswitch;rank=1;top=mode:1;decoys=0;margin=n/a;topRMSD=0.000;bestDecoyRMSD=n/a;contactSpec=n/a;clashPen=n/a;enrichSets=1;enrichActive=7;enrichDecoy=266;enrichAUC=0.630;enrichMargin=-14.656 | case=2ygh-sam-riboswitch;rank=1;top=mode:1;decoys=0;margin=n/a;topRMSD=0.000;bestDecoyRMSD=n/a;contactSpec=n/a;clashPen=n/a;enrichSets=1;enrichActive=3;enrichDecoy=238;enrichAUC=0.821;enrichMargin=-1.032 | case=3b4b-glms-riboswitch;rank=1;top=mode:1;decoys=0;margin=n/a;topRMSD=0.000;bestDecoyRMSD=n/a;contactSpec=n/a;clashPen=n/a;enrichSets=1;enrichActive=4;enrichDecoy=165;enrichAUC=0.750;enrichMargin=0.500 | case=2hoj-tpp-riboswitch;rank=1;top=mode:1;decoys=0;margin=n/a;topRMSD=0.000;bestDecoyRMSD=n/a;contactSpec=n/a;clashPen=n/a;enrichSets=2;enrichActive=14;enrichDecoy=532;enrichAUC=0.714;enrichMargin=1.000 | case=3sd3-thf-riboswitch;rank=1;top=mode:1;decoys=0;margin=n/a;topRMSD=0.000;bestDecoyRMSD=n/a;contactSpec=n/a;clashPen=n/a;enrichSets=0;enrichActive=0;enrichDecoy=0;enrichAUC=n/a;enrichMargin=n/a | case=5dhb-gmp-primer-template;rank=1;top=mode:1;decoys=0;margin=n/a;topRMSD=0.000;bestDecoyRMSD=n/a;contactSpec=n/a;clashPen=n/a;enrichSets=0;enrichActive=0;enrichDecoy=0;enrichAUC=n/a;enrichMargin=n/a | case=6c64-mango-ii-ekm;rank=1;top=mode:1;decoys=0;margin=n/a;topRMSD=0.000;bestDecoyRMSD=n/a;contactSpec=n/a;clashPen=n/a;enrichSets=0;enrichActive=0;enrichDecoy=0;enrichAUC=n/a;enrichMargin=n/a | case=5bjp-corn-dfho;rank=1;top=mode:1;decoys=0;margin=n/a;topRMSD=0.000;bestDecoyRMSD=n/a;contactSpec=n/a;clashPen=n/a;enrichSets=0;enrichActive=0;enrichDecoy=0;enrichAUC=n/a;enrichMargin=n/a | case=6wzs-ztp-riboswitch;rank=1;top=mode:1;decoys=0;margin=n/a;topRMSD=0.000;bestDecoyRMSD=n/a;contactSpec=n/a;clashPen=n/a;enrichSets=0;enrichActive=0;enrichDecoy=0;enrichAUC=n/a;enrichMargin=n/a | case=3irw-c-di-gmp-riboswitch;rank=1;top=mode:1;decoys=0;margin=n/a;topRMSD=0.000;bestDecoyRMSD=n/a;contactSpec=n/a;clashPen=n/a;enrichSets=0;enrichActive=0;enrichDecoy=0;enrichAUC=n/a;enrichMargin=n/a | case=4qlm-c-di-amp-riboswitch;rank=1;top=mode:1;decoys=0;margin=n/a;topRMSD=0.000;bestDecoyRMSD=n/a;contactSpec=n/a;clashPen=n/a;enrichSets=0;enrichActive=0;enrichDecoy=0;enrichAUC=n/a;enrichMargin=n/a | case=3d0u-lysine-riboswitch;rank=1;top=mode:1;decoys=0;margin=n/a;topRMSD=0.000;bestDecoyRMSD=n/a;contactSpec=n/a;clashPen=n/a;enrichSets=0;enrichActive=0;enrichDecoy=0;enrichAUC=n/a;enrichMargin=n/a | case=3oww-glycine-riboswitch;rank=1;top=mode:1;decoys=0;margin=n/a;topRMSD=0.000;bestDecoyRMSD=n/a;contactSpec=n/a;clashPen=n/a;enrichSets=0;enrichActive=0;enrichDecoy=0;enrichAUC=n/a;enrichMargin=n/a
-0.120000,-0.500000,-0.150000,-0.220000,2.889490,0.725,-0.779,8,41,1423,1.000000,4.280337,0.562,0.000,0.000,8.224,26.625505,0.000000,0.000000,2.157895,1.000000,case=t6-thrombin-vina;rank=1;top=mode:1;decoys=0;margin=n/a;topRMSD=0.000;bestDecoyRMSD=n/a;contactSpec=n/a;clashPen=n/a;enrichSets=0;enrichActive=0;enrichDecoy=0;enrichAUC=n/a;enrichMargin=n/a | case=4q9r-spinach-2zy;rank=1;top=mode:1;decoys=10;margin=26.626;topRMSD=0.000;bestDecoyRMSD=8.224;contactSpec=0.000;clashPen=0.000;enrichSets=0;enrichActive=0;enrichDecoy=0;enrichAUC=n/a;enrichMargin=n/a | case=1fmn-fmn-riboswitch;rank=1;top=mode:1;decoys=0;margin=n/a;topRMSD=0.000;bestDecoyRMSD=n/a;contactSpec=n/a;clashPen=n/a;enrichSets=1;enrichActive=1;enrichDecoy=60;enrichAUC=1.000;enrichMargin=9.639 | case=1fmn-fmn-riboswitch-mg;rank=1;top=mode:1;decoys=0;margin=n/a;topRMSD=0.000;bestDecoyRMSD=n/a;contactSpec=n/a;clashPen=n/a;enrichSets=0;enrichActive=0;enrichDecoy=0;enrichAUC=n/a;enrichMargin=n/a | case=2g9c-purine-riboswitch;rank=1;top=mode:1;decoys=0;margin=n/a;topRMSD=0.000;bestDecoyRMSD=n/a;contactSpec=n/a;clashPen=n/a;enrichSets=1;enrichActive=7;enrichDecoy=88;enrichAUC=0.657;enrichMargin=-0.906 | case=4rzd-preq1-riboswitch;rank=1;top=mode:1;decoys=0;margin=n/a;topRMSD=0.000;bestDecoyRMSD=n/a;contactSpec=n/a;clashPen=n/a;enrichSets=1;enrichActive=5;enrichDecoy=74;enrichAUC=0.500;enrichMargin=0.000 | case=2gdi-tpp-riboswitch;rank=1;top=mode:1;decoys=0;margin=n/a;topRMSD=0.000;bestDecoyRMSD=n/a;contactSpec=n/a;clashPen=n/a;enrichSets=1;enrichActive=7;enrichDecoy=266;enrichAUC=0.630;enrichMargin=-14.656 | case=2ygh-sam-riboswitch;rank=1;top=mode:1;decoys=0;margin=n/a;topRMSD=0.000;bestDecoyRMSD=n/a;contactSpec=n/a;clashPen=n/a;enrichSets=1;enrichActive=3;enrichDecoy=238;enrichAUC=0.821;enrichMargin=-1.032 | case=3b4b-glms-riboswitch;rank=1;top=mode:1;decoys=0;margin=n/a;topRMSD=0.000;bestDecoyRMSD=n/a;contactSpec=n/a;clashPen=n/a;enrichSets=1;enrichActive=4;enrichDecoy=165;enrichAUC=0.750;enrichMargin=0.500 | case=2hoj-tpp-riboswitch;rank=1;top=mode:1;decoys=0;margin=n/a;topRMSD=0.000;bestDecoyRMSD=n/a;contactSpec=n/a;clashPen=n/a;enrichSets=2;enrichActive=14;enrichDecoy=532;enrichAUC=0.714;enrichMargin=1.000 | case=3sd3-thf-riboswitch;rank=1;top=mode:1;decoys=0;margin=n/a;topRMSD=0.000;bestDecoyRMSD=n/a;contactSpec=n/a;clashPen=n/a;enrichSets=0;enrichActive=0;enrichDecoy=0;enrichAUC=n/a;enrichMargin=n/a | case=5dhb-gmp-primer-template;rank=1;top=mode:1;decoys=0;margin=n/a;topRMSD=0.000;bestDecoyRMSD=n/a;contactSpec=n/a;clashPen=n/a;enrichSets=0;enrichActive=0;enrichDecoy=0;enrichAUC=n/a;enrichMargin=n/a | case=6c64-mango-ii-ekm;rank=1;top=mode:1;decoys=0;margin=n/a;topRMSD=0.000;bestDecoyRMSD=n/a;contactSpec=n/a;clashPen=n/a;enrichSets=0;enrichActive=0;enrichDecoy=0;enrichAUC=n/a;enrichMargin=n/a | case=5bjp-corn-dfho;rank=1;top=mode:1;decoys=0;margin=n/a;topRMSD=0.000;bestDecoyRMSD=n/a;contactSpec=n/a;clashPen=n/a;enrichSets=0;enrichActive=0;enrichDecoy=0;enrichAUC=n/a;enrichMargin=n/a | case=6wzs-ztp-riboswitch;rank=1;top=mode:1;decoys=0;margin=n/a;topRMSD=0.000;bestDecoyRMSD=n/a;contactSpec=n/a;clashPen=n/a;enrichSets=0;enrichActive=0;enrichDecoy=0;enrichAUC=n/a;enrichMargin=n/a | case=3irw-c-di-gmp-riboswitch;rank=1;top=mode:1;decoys=0;margin=n/a;topRMSD=0.000;bestDecoyRMSD=n/a;contactSpec=n/a;clashPen=n/a;enrichSets=0;enrichActive=0;enrichDecoy=0;enrichAUC=n/a;enrichMargin=n/a | case=4qlm-c-di-amp-riboswitch;rank=1;top=mode:1;decoys=0;margin=n/a;topRMSD=0.000;bestDecoyRMSD=n/a;contactSpec=n/a;clashPen=n/a;enrichSets=0;enrichActive=0;enrichDecoy=0;enrichAUC=n/a;enrichMargin=n/a | case=3d0u-lysine-riboswitch;rank=1;top=mode:1;decoys=0;margin=n/a;topRMSD=0.000;bestDecoyRMSD=n/a;contactSpec=n/a;clashPen=n/a;enrichSets=0;enrichActive=0;enrichDecoy=0;enrichAUC=n/a;enrichMargin=n/a | case=3oww-glycine-riboswitch;rank=1;top=mode:1;decoys=0;margin=n/a;topRMSD=0.000;bestDecoyRMSD=n/a;contactSpec=n/a;clashPen=n/a;enrichSets=0;enrichActive=0;enrichDecoy=0;enrichAUC=n/a;enrichMargin=n/a
-0.120000,-0.500000,-0.150000,-0.350000,2.889490,0.725,-0.779,8,41,1423,1.000000,4.280337,0.562,0.000,0.000,8.224,26.625505,0.000000,0.000000,2.157895,1.000000,case=t6-thrombin-vina;rank=1;top=mode:1;decoys=0;margin=n/a;topRMSD=0.000;bestDecoyRMSD=n/a;contactSpec=n/a;clashPen=n/a;enrichSets=0;enrichActive=0;enrichDecoy=0;enrichAUC=n/a;enrichMargin=n/a | case=4q9r-spinach-2zy;rank=1;top=mode:1;decoys=10;margin=26.626;topRMSD=0.000;bestDecoyRMSD=8.224;contactSpec=0.000;clashPen=0.000;enrichSets=0;enrichActive=0;enrichDecoy=0;enrichAUC=n/a;enrichMargin=n/a | case=1fmn-fmn-riboswitch;rank=1;top=mode:1;decoys=0;margin=n/a;topRMSD=0.000;bestDecoyRMSD=n/a;contactSpec=n/a;clashPen=n/a;enrichSets=1;enrichActive=1;enrichDecoy=60;enrichAUC=1.000;enrichMargin=9.639 | case=1fmn-fmn-riboswitch-mg;rank=1;top=mode:1;decoys=0;margin=n/a;topRMSD=0.000;bestDecoyRMSD=n/a;contactSpec=n/a;clashPen=n/a;enrichSets=0;enrichActive=0;enrichDecoy=0;enrichAUC=n/a;enrichMargin=n/a | case=2g9c-purine-riboswitch;rank=1;top=mode:1;decoys=0;margin=n/a;topRMSD=0.000;bestDecoyRMSD=n/a;contactSpec=n/a;clashPen=n/a;enrichSets=1;enrichActive=7;enrichDecoy=88;enrichAUC=0.657;enrichMargin=-0.906 | case=4rzd-preq1-riboswitch;rank=1;top=mode:1;decoys=0;margin=n/a;topRMSD=0.000;bestDecoyRMSD=n/a;contactSpec=n/a;clashPen=n/a;enrichSets=1;enrichActive=5;enrichDecoy=74;enrichAUC=0.500;enrichMargin=0.000 | case=2gdi-tpp-riboswitch;rank=1;top=mode:1;decoys=0;margin=n/a;topRMSD=0.000;bestDecoyRMSD=n/a;contactSpec=n/a;clashPen=n/a;enrichSets=1;enrichActive=7;enrichDecoy=266;enrichAUC=0.630;enrichMargin=-14.656 | case=2ygh-sam-riboswitch;rank=1;top=mode:1;decoys=0;margin=n/a;topRMSD=0.000;bestDecoyRMSD=n/a;contactSpec=n/a;clashPen=n/a;enrichSets=1;enrichActive=3;enrichDecoy=238;enrichAUC=0.821;enrichMargin=-1.032 | case=3b4b-glms-riboswitch;rank=1;top=mode:1;decoys=0;margin=n/a;topRMSD=0.000;bestDecoyRMSD=n/a;contactSpec=n/a;clashPen=n/a;enrichSets=1;enrichActive=4;enrichDecoy=165;enrichAUC=0.750;enrichMargin=0.500 | case=2hoj-tpp-riboswitch;rank=1;top=mode:1;decoys=0;margin=n/a;topRMSD=0.000;bestDecoyRMSD=n/a;contactSpec=n/a;clashPen=n/a;enrichSets=2;enrichActive=14;enrichDecoy=532;enrichAUC=0.714;enrichMargin=1.000 | case=3sd3-thf-riboswitch;rank=1;top=mode:1;decoys=0;margin=n/a;topRMSD=0.000;bestDecoyRMSD=n/a;contactSpec=n/a;clashPen=n/a;enrichSets=0;enrichActive=0;enrichDecoy=0;enrichAUC=n/a;enrichMargin=n/a | case=5dhb-gmp-primer-template;rank=1;top=mode:1;decoys=0;margin=n/a;topRMSD=0.000;bestDecoyRMSD=n/a;contactSpec=n/a;clashPen=n/a;enrichSets=0;enrichActive=0;enrichDecoy=0;enrichAUC=n/a;enrichMargin=n/a | case=6c64-mango-ii-ekm;rank=1;top=mode:1;decoys=0;margin=n/a;topRMSD=0.000;bestDecoyRMSD=n/a;contactSpec=n/a;clashPen=n/a;enrichSets=0;enrichActive=0;enrichDecoy=0;enrichAUC=n/a;enrichMargin=n/a | case=5bjp-corn-dfho;rank=1;top=mode:1;decoys=0;margin=n/a;topRMSD=0.000;bestDecoyRMSD=n/a;contactSpec=n/a;clashPen=n/a;enrichSets=0;enrichActive=0;enrichDecoy=0;enrichAUC=n/a;enrichMargin=n/a | case=6wzs-ztp-riboswitch;rank=1;top=mode:1;decoys=0;margin=n/a;topRMSD=0.000;bestDecoyRMSD=n/a;contactSpec=n/a;clashPen=n/a;enrichSets=0;enrichActive=0;enrichDecoy=0;enrichAUC=n/a;enrichMargin=n/a | case=3irw-c-di-gmp-riboswitch;rank=1;top=mode:1;decoys=0;margin=n/a;topRMSD=0.000;bestDecoyRMSD=n/a;contactSpec=n/a;clashPen=n/a;enrichSets=0;enrichActive=0;enrichDecoy=0;enrichAUC=n/a;enrichMargin=n/a | case=4qlm-c-di-amp-riboswitch;rank=1;top=mode:1;decoys=0;margin=n/a;topRMSD=0.000;bestDecoyRMSD=n/a;contactSpec=n/a;clashPen=n/a;enrichSets=0;enrichActive=0;enrichDecoy=0;enrichAUC=n/a;enrichMargin=n/a | case=3d0u-lysine-riboswitch;rank=1;top=mode:1;decoys=0;margin=n/a;topRMSD=0.000;bestDecoyRMSD=n/a;contactSpec=n/a;clashPen=n/a;enrichSets=0;enrichActive=0;enrichDecoy=0;enrichAUC=n/a;enrichMargin=n/a | case=3oww-glycine-riboswitch;rank=1;top=mode:1;decoys=0;margin=n/a;topRMSD=0.000;bestDecoyRMSD=n/a;contactSpec=n/a;clashPen=n/a;enrichSets=0;enrichActive=0;enrichDecoy=0;enrichAUC=n/a;enrichMargin=n/a
-0.080000,-0.500000,-0.150000,-0.100000,2.897395,0.724,-0.785,8,41,1423,1.000000,4.291487,0.562,0.000,0.000,8.224,26.625515,0.000000,0.000000,2.157895,1.000000,case=t6-thrombin-vina;rank=1;top=mode:1;decoys=0;margin=n/a;topRMSD=0.000;bestDecoyRMSD=n/a;contactSpec=n/a;clashPen=n/a;enrichSets=0;enrichActive=0;enrichDecoy=0;enrichAUC=n/a;enrichMargin=n/a | case=4q9r-spinach-2zy;rank=1;top=mode:1;decoys=10;margin=26.626;topRMSD=0.000;bestDecoyRMSD=8.224;contactSpec=0.000;clashPen=0.000;enrichSets=0;enrichActive=0;enrichDecoy=0;enrichAUC=n/a;enrichMargin=n/a | case=1fmn-fmn-riboswitch;rank=1;top=mode:1;decoys=0;margin=n/a;topRMSD=0.000;bestDecoyRMSD=n/a;contactSpec=n/a;clashPen=n/a;enrichSets=1;enrichActive=1;enrichDecoy=60;enrichAUC=1.000;enrichMargin=9.569 | case=1fmn-fmn-riboswitch-mg;rank=1;top=mode:1;decoys=0;margin=n/a;topRMSD=0.000;bestDecoyRMSD=n/a;contactSpec=n/a;clashPen=n/a;enrichSets=0;enrichActive=0;enrichDecoy=0;enrichAUC=n/a;enrichMargin=n/a | case=2g9c-purine-riboswitch;rank=1;top=mode:1;decoys=0;margin=n/a;topRMSD=0.000;bestDecoyRMSD=n/a;contactSpec=n/a;clashPen=n/a;enrichSets=1;enrichActive=7;enrichDecoy=88;enrichAUC=0.656;enrichMargin=-0.906 | case=4rzd-preq1-riboswitch;rank=1;top=mode:1;decoys=0;margin=n/a;topRMSD=0.000;bestDecoyRMSD=n/a;contactSpec=n/a;clashPen=n/a;enrichSets=1;enrichActive=5;enrichDecoy=74;enrichAUC=0.500;enrichMargin=0.000 | case=2gdi-tpp-riboswitch;rank=1;top=mode:1;decoys=0;margin=n/a;topRMSD=0.000;bestDecoyRMSD=n/a;contactSpec=n/a;clashPen=n/a;enrichSets=1;enrichActive=7;enrichDecoy=266;enrichAUC=0.628;enrichMargin=-14.651 | case=2ygh-sam-riboswitch;rank=1;top=mode:1;decoys=0;margin=n/a;topRMSD=0.000;bestDecoyRMSD=n/a;contactSpec=n/a;clashPen=n/a;enrichSets=1;enrichActive=3;enrichDecoy=238;enrichAUC=0.821;enrichMargin=-1.010 | case=3b4b-glms-riboswitch;rank=1;top=mode:1;decoys=0;margin=n/a;topRMSD=0.000;bestDecoyRMSD=n/a;contactSpec=n/a;clashPen=n/a;enrichSets=1;enrichActive=4;enrichDecoy=165;enrichAUC=0.750;enrichMargin=0.500 | case=2hoj-tpp-riboswitch;rank=1;top=mode:1;decoys=0;margin=n/a;topRMSD=0.000;bestDecoyRMSD=n/a;contactSpec=n/a;clashPen=n/a;enrichSets=2;enrichActive=14;enrichDecoy=532;enrichAUC=0.714;enrichMargin=1.000 | case=3sd3-thf-riboswitch;rank=1;top=mode:1;decoys=0;margin=n/a;topRMSD=0.000;bestDecoyRMSD=n/a;contactSpec=n/a;clashPen=n/a;enrichSets=0;enrichActive=0;enrichDecoy=0;enrichAUC=n/a;enrichMargin=n/a | case=5dhb-gmp-primer-template;rank=1;top=mode:1;decoys=0;margin=n/a;topRMSD=0.000;bestDecoyRMSD=n/a;contactSpec=n/a;clashPen=n/a;enrichSets=0;enrichActive=0;enrichDecoy=0;enrichAUC=n/a;enrichMargin=n/a | case=6c64-mango-ii-ekm;rank=1;top=mode:1;decoys=0;margin=n/a;topRMSD=0.000;bestDecoyRMSD=n/a;contactSpec=n/a;clashPen=n/a;enrichSets=0;enrichActive=0;enrichDecoy=0;enrichAUC=n/a;enrichMargin=n/a | case=5bjp-corn-dfho;rank=1;top=mode:1;decoys=0;margin=n/a;topRMSD=0.000;bestDecoyRMSD=n/a;contactSpec=n/a;clashPen=n/a;enrichSets=0;enrichActive=0;enrichDecoy=0;enrichAUC=n/a;enrichMargin=n/a | case=6wzs-ztp-riboswitch;rank=1;top=mode:1;decoys=0;margin=n/a;topRMSD=0.000;bestDecoyRMSD=n/a;contactSpec=n/a;clashPen=n/a;enrichSets=0;enrichActive=0;enrichDecoy=0;enrichAUC=n/a;enrichMargin=n/a | case=3irw-c-di-gmp-riboswitch;rank=1;top=mode:1;decoys=0;margin=n/a;topRMSD=0.000;bestDecoyRMSD=n/a;contactSpec=n/a;clashPen=n/a;enrichSets=0;enrichActive=0;enrichDecoy=0;enrichAUC=n/a;enrichMargin=n/a | case=4qlm-c-di-amp-riboswitch;rank=1;top=mode:1;decoys=0;margin=n/a;topRMSD=0.000;bestDecoyRMSD=n/a;contactSpec=n/a;clashPen=n/a;enrichSets=0;enrichActive=0;enrichDecoy=0;enrichAUC=n/a;enrichMargin=n/a | case=3d0u-lysine-riboswitch;rank=1;top=mode:1;decoys=0;margin=n/a;topRMSD=0.000;bestDecoyRMSD=n/a;contactSpec=n/a;clashPen=n/a;enrichSets=0;enrichActive=0;enrichDecoy=0;enrichAUC=n/a;enrichMargin=n/a | case=3oww-glycine-riboswitch;rank=1;top=mode:1;decoys=0;margin=n/a;topRMSD=0.000;bestDecoyRMSD=n/a;contactSpec=n/a;clashPen=n/a;enrichSets=0;enrichActive=0;enrichDecoy=0;enrichAUC=n/a;enrichMargin=n/a
-0.080000,-0.500000,-0.150000,-0.220000,2.897395,0.724,-0.785,8,41,1423,1.000000,4.291487,0.562,0.000,0.000,8.224,26.625515,0.000000,0.000000,2.157895,1.000000,case=t6-thrombin-vina;rank=1;top=mode:1;decoys=0;margin=n/a;topRMSD=0.000;bestDecoyRMSD=n/a;contactSpec=n/a;clashPen=n/a;enrichSets=0;enrichActive=0;enrichDecoy=0;enrichAUC=n/a;enrichMargin=n/a | case=4q9r-spinach-2zy;rank=1;top=mode:1;decoys=10;margin=26.626;topRMSD=0.000;bestDecoyRMSD=8.224;contactSpec=0.000;clashPen=0.000;enrichSets=0;enrichActive=0;enrichDecoy=0;enrichAUC=n/a;enrichMargin=n/a | case=1fmn-fmn-riboswitch;rank=1;top=mode:1;decoys=0;margin=n/a;topRMSD=0.000;bestDecoyRMSD=n/a;contactSpec=n/a;clashPen=n/a;enrichSets=1;enrichActive=1;enrichDecoy=60;enrichAUC=1.000;enrichMargin=9.569 | case=1fmn-fmn-riboswitch-mg;rank=1;top=mode:1;decoys=0;margin=n/a;topRMSD=0.000;bestDecoyRMSD=n/a;contactSpec=n/a;clashPen=n/a;enrichSets=0;enrichActive=0;enrichDecoy=0;enrichAUC=n/a;enrichMargin=n/a | case=2g9c-purine-riboswitch;rank=1;top=mode:1;decoys=0;margin=n/a;topRMSD=0.000;bestDecoyRMSD=n/a;contactSpec=n/a;clashPen=n/a;enrichSets=1;enrichActive=7;enrichDecoy=88;enrichAUC=0.656;enrichMargin=-0.906 | case=4rzd-preq1-riboswitch;rank=1;top=mode:1;decoys=0;margin=n/a;topRMSD=0.000;bestDecoyRMSD=n/a;contactSpec=n/a;clashPen=n/a;enrichSets=1;enrichActive=5;enrichDecoy=74;enrichAUC=0.500;enrichMargin=0.000 | case=2gdi-tpp-riboswitch;rank=1;top=mode:1;decoys=0;margin=n/a;topRMSD=0.000;bestDecoyRMSD=n/a;contactSpec=n/a;clashPen=n/a;enrichSets=1;enrichActive=7;enrichDecoy=266;enrichAUC=0.628;enrichMargin=-14.651 | case=2ygh-sam-riboswitch;rank=1;top=mode:1;decoys=0;margin=n/a;topRMSD=0.000;bestDecoyRMSD=n/a;contactSpec=n/a;clashPen=n/a;enrichSets=1;enrichActive=3;enrichDecoy=238;enrichAUC=0.821;enrichMargin=-1.010 | case=3b4b-glms-riboswitch;rank=1;top=mode:1;decoys=0;margin=n/a;topRMSD=0.000;bestDecoyRMSD=n/a;contactSpec=n/a;clashPen=n/a;enrichSets=1;enrichActive=4;enrichDecoy=165;enrichAUC=0.750;enrichMargin=0.500 | case=2hoj-tpp-riboswitch;rank=1;top=mode:1;decoys=0;margin=n/a;topRMSD=0.000;bestDecoyRMSD=n/a;contactSpec=n/a;clashPen=n/a;enrichSets=2;enrichActive=14;enrichDecoy=532;enrichAUC=0.714;enrichMargin=1.000 | case=3sd3-thf-riboswitch;rank=1;top=mode:1;decoys=0;margin=n/a;topRMSD=0.000;bestDecoyRMSD=n/a;contactSpec=n/a;clashPen=n/a;enrichSets=0;enrichActive=0;enrichDecoy=0;enrichAUC=n/a;enrichMargin=n/a | case=5dhb-gmp-primer-template;rank=1;top=mode:1;decoys=0;margin=n/a;topRMSD=0.000;bestDecoyRMSD=n/a;contactSpec=n/a;clashPen=n/a;enrichSets=0;enrichActive=0;enrichDecoy=0;enrichAUC=n/a;enrichMargin=n/a | case=6c64-mango-ii-ekm;rank=1;top=mode:1;decoys=0;margin=n/a;topRMSD=0.000;bestDecoyRMSD=n/a;contactSpec=n/a;clashPen=n/a;enrichSets=0;enrichActive=0;enrichDecoy=0;enrichAUC=n/a;enrichMargin=n/a | case=5bjp-corn-dfho;rank=1;top=mode:1;decoys=0;margin=n/a;topRMSD=0.000;bestDecoyRMSD=n/a;contactSpec=n/a;clashPen=n/a;enrichSets=0;enrichActive=0;enrichDecoy=0;enrichAUC=n/a;enrichMargin=n/a | case=6wzs-ztp-riboswitch;rank=1;top=mode:1;decoys=0;margin=n/a;topRMSD=0.000;bestDecoyRMSD=n/a;contactSpec=n/a;clashPen=n/a;enrichSets=0;enrichActive=0;enrichDecoy=0;enrichAUC=n/a;enrichMargin=n/a | case=3irw-c-di-gmp-riboswitch;rank=1;top=mode:1;decoys=0;margin=n/a;topRMSD=0.000;bestDecoyRMSD=n/a;contactSpec=n/a;clashPen=n/a;enrichSets=0;enrichActive=0;enrichDecoy=0;enrichAUC=n/a;enrichMargin=n/a | case=4qlm-c-di-amp-riboswitch;rank=1;top=mode:1;decoys=0;margin=n/a;topRMSD=0.000;bestDecoyRMSD=n/a;contactSpec=n/a;clashPen=n/a;enrichSets=0;enrichActive=0;enrichDecoy=0;enrichAUC=n/a;enrichMargin=n/a | case=3d0u-lysine-riboswitch;rank=1;top=mode:1;decoys=0;margin=n/a;topRMSD=0.000;bestDecoyRMSD=n/a;contactSpec=n/a;clashPen=n/a;enrichSets=0;enrichActive=0;enrichDecoy=0;enrichAUC=n/a;enrichMargin=n/a | case=3oww-glycine-riboswitch;rank=1;top=mode:1;decoys=0;margin=n/a;topRMSD=0.000;bestDecoyRMSD=n/a;contactSpec=n/a;clashPen=n/a;enrichSets=0;enrichActive=0;enrichDecoy=0;enrichAUC=n/a;enrichMargin=n/a
-0.080000,-0.500000,-0.150000,-0.350000,2.897395,0.724,-0.785,8,41,1423,1.000000,4.291487,0.562,0.000,0.000,8.224,26.625515,0.000000,0.000000,2.157895,1.000000,case=t6-thrombin-vina;rank=1;top=mode:1;decoys=0;margin=n/a;topRMSD=0.000;bestDecoyRMSD=n/a;contactSpec=n/a;clashPen=n/a;enrichSets=0;enrichActive=0;enrichDecoy=0;enrichAUC=n/a;enrichMargin=n/a | case=4q9r-spinach-2zy;rank=1;top=mode:1;decoys=10;margin=26.626;topRMSD=0.000;bestDecoyRMSD=8.224;contactSpec=0.000;clashPen=0.000;enrichSets=0;enrichActive=0;enrichDecoy=0;enrichAUC=n/a;enrichMargin=n/a | case=1fmn-fmn-riboswitch;rank=1;top=mode:1;decoys=0;margin=n/a;topRMSD=0.000;bestDecoyRMSD=n/a;contactSpec=n/a;clashPen=n/a;enrichSets=1;enrichActive=1;enrichDecoy=60;enrichAUC=1.000;enrichMargin=9.569 | case=1fmn-fmn-riboswitch-mg;rank=1;top=mode:1;decoys=0;margin=n/a;topRMSD=0.000;bestDecoyRMSD=n/a;contactSpec=n/a;clashPen=n/a;enrichSets=0;enrichActive=0;enrichDecoy=0;enrichAUC=n/a;enrichMargin=n/a | case=2g9c-purine-riboswitch;rank=1;top=mode:1;decoys=0;margin=n/a;topRMSD=0.000;bestDecoyRMSD=n/a;contactSpec=n/a;clashPen=n/a;enrichSets=1;enrichActive=7;enrichDecoy=88;enrichAUC=0.656;enrichMargin=-0.906 | case=4rzd-preq1-riboswitch;rank=1;top=mode:1;decoys=0;margin=n/a;topRMSD=0.000;bestDecoyRMSD=n/a;contactSpec=n/a;clashPen=n/a;enrichSets=1;enrichActive=5;enrichDecoy=74;enrichAUC=0.500;enrichMargin=0.000 | case=2gdi-tpp-riboswitch;rank=1;top=mode:1;decoys=0;margin=n/a;topRMSD=0.000;bestDecoyRMSD=n/a;contactSpec=n/a;clashPen=n/a;enrichSets=1;enrichActive=7;enrichDecoy=266;enrichAUC=0.628;enrichMargin=-14.651 | case=2ygh-sam-riboswitch;rank=1;top=mode:1;decoys=0;margin=n/a;topRMSD=0.000;bestDecoyRMSD=n/a;contactSpec=n/a;clashPen=n/a;enrichSets=1;enrichActive=3;enrichDecoy=238;enrichAUC=0.821;enrichMargin=-1.010 | case=3b4b-glms-riboswitch;rank=1;top=mode:1;decoys=0;margin=n/a;topRMSD=0.000;bestDecoyRMSD=n/a;contactSpec=n/a;clashPen=n/a;enrichSets=1;enrichActive=4;enrichDecoy=165;enrichAUC=0.750;enrichMargin=0.500 | case=2hoj-tpp-riboswitch;rank=1;top=mode:1;decoys=0;margin=n/a;topRMSD=0.000;bestDecoyRMSD=n/a;contactSpec=n/a;clashPen=n/a;enrichSets=2;enrichActive=14;enrichDecoy=532;enrichAUC=0.714;enrichMargin=1.000 | case=3sd3-thf-riboswitch;rank=1;top=mode:1;decoys=0;margin=n/a;topRMSD=0.000;bestDecoyRMSD=n/a;contactSpec=n/a;clashPen=n/a;enrichSets=0;enrichActive=0;enrichDecoy=0;enrichAUC=n/a;enrichMargin=n/a | case=5dhb-gmp-primer-template;rank=1;top=mode:1;decoys=0;margin=n/a;topRMSD=0.000;bestDecoyRMSD=n/a;contactSpec=n/a;clashPen=n/a;enrichSets=0;enrichActive=0;enrichDecoy=0;enrichAUC=n/a;enrichMargin=n/a | case=6c64-mango-ii-ekm;rank=1;top=mode:1;decoys=0;margin=n/a;topRMSD=0.000;bestDecoyRMSD=n/a;contactSpec=n/a;clashPen=n/a;enrichSets=0;enrichActive=0;enrichDecoy=0;enrichAUC=n/a;enrichMargin=n/a | case=5bjp-corn-dfho;rank=1;top=mode:1;decoys=0;margin=n/a;topRMSD=0.000;bestDecoyRMSD=n/a;contactSpec=n/a;clashPen=n/a;enrichSets=0;enrichActive=0;enrichDecoy=0;enrichAUC=n/a;enrichMargin=n/a | case=6wzs-ztp-riboswitch;rank=1;top=mode:1;decoys=0;margin=n/a;topRMSD=0.000;bestDecoyRMSD=n/a;contactSpec=n/a;clashPen=n/a;enrichSets=0;enrichActive=0;enrichDecoy=0;enrichAUC=n/a;enrichMargin=n/a | case=3irw-c-di-gmp-riboswitch;rank=1;top=mode:1;decoys=0;margin=n/a;topRMSD=0.000;bestDecoyRMSD=n/a;contactSpec=n/a;clashPen=n/a;enrichSets=0;enrichActive=0;enrichDecoy=0;enrichAUC=n/a;enrichMargin=n/a | case=4qlm-c-di-amp-riboswitch;rank=1;top=mode:1;decoys=0;margin=n/a;topRMSD=0.000;bestDecoyRMSD=n/a;contactSpec=n/a;clashPen=n/a;enrichSets=0;enrichActive=0;enrichDecoy=0;enrichAUC=n/a;enrichMargin=n/a | case=3d0u-lysine-riboswitch;rank=1;top=mode:1;decoys=0;margin=n/a;topRMSD=0.000;bestDecoyRMSD=n/a;contactSpec=n/a;clashPen=n/a;enrichSets=0;enrichActive=0;enrichDecoy=0;enrichAUC=n/a;enrichMargin=n/a | case=3oww-glycine-riboswitch;rank=1;top=mode:1;decoys=0;margin=n/a;topRMSD=0.000;bestDecoyRMSD=n/a;contactSpec=n/a;clashPen=n/a;enrichSets=0;enrichActive=0;enrichDecoy=0;enrichAUC=n/a;enrichMargin=n/a
-0.320000,-0.180000,-0.500000,-0.100000,2.955119,0.725,-0.864,8,41,1423,1.000000,4.291678,0.562,0.000,0.000,8.224,26.590219,0.000000,0.000000,2.157895,1.000000,case=t6-thrombin-vina;rank=1;top=mode:1;decoys=0;margin=n/a;topRMSD=0.000;bestDecoyRMSD=n/a;contactSpec=n/a;clashPen=n/a;enrichSets=0;enrichActive=0;enrichDecoy=0;enrichAUC=n/a;enrichMargin=n/a | case=4q9r-spinach-2zy;rank=1;top=mode:1;decoys=10;margin=26.590;topRMSD=0.000;bestDecoyRMSD=8.224;contactSpec=0.000;clashPen=0.000;enrichSets=0;enrichActive=0;enrichDecoy=0;enrichAUC=n/a;enrichMargin=n/a | case=1fmn-fmn-riboswitch;rank=1;top=mode:1;decoys=0;margin=n/a;topRMSD=0.000;bestDecoyRMSD=n/a;contactSpec=n/a;clashPen=n/a;enrichSets=1;enrichActive=1;enrichDecoy=60;enrichAUC=1.000;enrichMargin=10.167 | case=1fmn-fmn-riboswitch-mg;rank=1;top=mode:1;decoys=0;margin=n/a;topRMSD=0.000;bestDecoyRMSD=n/a;contactSpec=n/a;clashPen=n/a;enrichSets=0;enrichActive=0;enrichDecoy=0;enrichAUC=n/a;enrichMargin=n/a | case=2g9c-purine-riboswitch;rank=1;top=mode:1;decoys=0;margin=n/a;topRMSD=0.000;bestDecoyRMSD=n/a;contactSpec=n/a;clashPen=n/a;enrichSets=1;enrichActive=7;enrichDecoy=88;enrichAUC=0.661;enrichMargin=-0.905 | case=4rzd-preq1-riboswitch;rank=1;top=mode:1;decoys=0;margin=n/a;topRMSD=0.000;bestDecoyRMSD=n/a;contactSpec=n/a;clashPen=n/a;enrichSets=1;enrichActive=5;enrichDecoy=74;enrichAUC=0.500;enrichMargin=0.000 | case=2gdi-tpp-riboswitch;rank=1;top=mode:1;decoys=0;margin=n/a;topRMSD=0.000;bestDecoyRMSD=n/a;contactSpec=n/a;clashPen=n/a;enrichSets=1;enrichActive=7;enrichDecoy=266;enrichAUC=0.632;enrichMargin=-14.684 | case=2ygh-sam-riboswitch;rank=1;top=mode:1;decoys=0;margin=n/a;topRMSD=0.000;bestDecoyRMSD=n/a;contactSpec=n/a;clashPen=n/a;enrichSets=1;enrichActive=3;enrichDecoy=238;enrichAUC=0.819;enrichMargin=-1.165 | case=3b4b-glms-riboswitch;rank=1;top=mode:1;decoys=0;margin=n/a;topRMSD=0.000;bestDecoyRMSD=n/a;contactSpec=n/a;clashPen=n/a;enrichSets=1;enrichActive=4;enrichDecoy=165;enrichAUC=0.750;enrichMargin=0.180 | case=2hoj-tpp-riboswitch;rank=1;top=mode:1;decoys=0;margin=n/a;topRMSD=0.000;bestDecoyRMSD=n/a;contactSpec=n/a;clashPen=n/a;enrichSets=2;enrichActive=14;enrichDecoy=532;enrichAUC=0.714;enrichMargin=0.360 | case=3sd3-thf-riboswitch;rank=1;top=mode:1;decoys=0;margin=n/a;topRMSD=0.000;bestDecoyRMSD=n/a;contactSpec=n/a;clashPen=n/a;enrichSets=0;enrichActive=0;enrichDecoy=0;enrichAUC=n/a;enrichMargin=n/a | case=5dhb-gmp-primer-template;rank=1;top=mode:1;decoys=0;margin=n/a;topRMSD=0.000;bestDecoyRMSD=n/a;contactSpec=n/a;clashPen=n/a;enrichSets=0;enrichActive=0;enrichDecoy=0;enrichAUC=n/a;enrichMargin=n/a | case=6c64-mango-ii-ekm;rank=1;top=mode:1;decoys=0;margin=n/a;topRMSD=0.000;bestDecoyRMSD=n/a;contactSpec=n/a;clashPen=n/a;enrichSets=0;enrichActive=0;enrichDecoy=0;enrichAUC=n/a;enrichMargin=n/a | case=5bjp-corn-dfho;rank=1;top=mode:1;decoys=0;margin=n/a;topRMSD=0.000;bestDecoyRMSD=n/a;contactSpec=n/a;clashPen=n/a;enrichSets=0;enrichActive=0;enrichDecoy=0;enrichAUC=n/a;enrichMargin=n/a | case=6wzs-ztp-riboswitch;rank=1;top=mode:1;decoys=0;margin=n/a;topRMSD=0.000;bestDecoyRMSD=n/a;contactSpec=n/a;clashPen=n/a;enrichSets=0;enrichActive=0;enrichDecoy=0;enrichAUC=n/a;enrichMargin=n/a | case=3irw-c-di-gmp-riboswitch;rank=1;top=mode:1;decoys=0;margin=n/a;topRMSD=0.000;bestDecoyRMSD=n/a;contactSpec=n/a;clashPen=n/a;enrichSets=0;enrichActive=0;enrichDecoy=0;enrichAUC=n/a;enrichMargin=n/a | case=4qlm-c-di-amp-riboswitch;rank=1;top=mode:1;decoys=0;margin=n/a;topRMSD=0.000;bestDecoyRMSD=n/a;contactSpec=n/a;clashPen=n/a;enrichSets=0;enrichActive=0;enrichDecoy=0;enrichAUC=n/a;enrichMargin=n/a | case=3d0u-lysine-riboswitch;rank=1;top=mode:1;decoys=0;margin=n/a;topRMSD=0.000;bestDecoyRMSD=n/a;contactSpec=n/a;clashPen=n/a;enrichSets=0;enrichActive=0;enrichDecoy=0;enrichAUC=n/a;enrichMargin=n/a | case=3oww-glycine-riboswitch;rank=1;top=mode:1;decoys=0;margin=n/a;topRMSD=0.000;bestDecoyRMSD=n/a;contactSpec=n/a;clashPen=n/a;enrichSets=0;enrichActive=0;enrichDecoy=0;enrichAUC=n/a;enrichMargin=n/a
-0.320000,-0.180000,-0.500000,-0.220000,2.955119,0.725,-0.864,8,41,1423,1.000000,4.291678,0.562,0.000,0.000,8.224,26.590219,0.000000,0.000000,2.157895,1.000000,case=t6-thrombin-vina;rank=1;top=mode:1;decoys=0;margin=n/a;topRMSD=0.000;bestDecoyRMSD=n/a;contactSpec=n/a;clashPen=n/a;enrichSets=0;enrichActive=0;enrichDecoy=0;enrichAUC=n/a;enrichMargin=n/a | case=4q9r-spinach-2zy;rank=1;top=mode:1;decoys=10;margin=26.590;topRMSD=0.000;bestDecoyRMSD=8.224;contactSpec=0.000;clashPen=0.000;enrichSets=0;enrichActive=0;enrichDecoy=0;enrichAUC=n/a;enrichMargin=n/a | case=1fmn-fmn-riboswitch;rank=1;top=mode:1;decoys=0;margin=n/a;topRMSD=0.000;bestDecoyRMSD=n/a;contactSpec=n/a;clashPen=n/a;enrichSets=1;enrichActive=1;enrichDecoy=60;enrichAUC=1.000;enrichMargin=10.167 | case=1fmn-fmn-riboswitch-mg;rank=1;top=mode:1;decoys=0;margin=n/a;topRMSD=0.000;bestDecoyRMSD=n/a;contactSpec=n/a;clashPen=n/a;enrichSets=0;enrichActive=0;enrichDecoy=0;enrichAUC=n/a;enrichMargin=n/a | case=2g9c-purine-riboswitch;rank=1;top=mode:1;decoys=0;margin=n/a;topRMSD=0.000;bestDecoyRMSD=n/a;contactSpec=n/a;clashPen=n/a;enrichSets=1;enrichActive=7;enrichDecoy=88;enrichAUC=0.661;enrichMargin=-0.905 | case=4rzd-preq1-riboswitch;rank=1;top=mode:1;decoys=0;margin=n/a;topRMSD=0.000;bestDecoyRMSD=n/a;contactSpec=n/a;clashPen=n/a;enrichSets=1;enrichActive=5;enrichDecoy=74;enrichAUC=0.500;enrichMargin=0.000 | case=2gdi-tpp-riboswitch;rank=1;top=mode:1;decoys=0;margin=n/a;topRMSD=0.000;bestDecoyRMSD=n/a;contactSpec=n/a;clashPen=n/a;enrichSets=1;enrichActive=7;enrichDecoy=266;enrichAUC=0.632;enrichMargin=-14.684 | case=2ygh-sam-riboswitch;rank=1;top=mode:1;decoys=0;margin=n/a;topRMSD=0.000;bestDecoyRMSD=n/a;contactSpec=n/a;clashPen=n/a;enrichSets=1;enrichActive=3;enrichDecoy=238;enrichAUC=0.819;enrichMargin=-1.165 | case=3b4b-glms-riboswitch;rank=1;top=mode:1;decoys=0;margin=n/a;topRMSD=0.000;bestDecoyRMSD=n/a;contactSpec=n/a;clashPen=n/a;enrichSets=1;enrichActive=4;enrichDecoy=165;enrichAUC=0.750;enrichMargin=0.180 | case=2hoj-tpp-riboswitch;rank=1;top=mode:1;decoys=0;margin=n/a;topRMSD=0.000;bestDecoyRMSD=n/a;contactSpec=n/a;clashPen=n/a;enrichSets=2;enrichActive=14;enrichDecoy=532;enrichAUC=0.714;enrichMargin=0.360 | case=3sd3-thf-riboswitch;rank=1;top=mode:1;decoys=0;margin=n/a;topRMSD=0.000;bestDecoyRMSD=n/a;contactSpec=n/a;clashPen=n/a;enrichSets=0;enrichActive=0;enrichDecoy=0;enrichAUC=n/a;enrichMargin=n/a | case=5dhb-gmp-primer-template;rank=1;top=mode:1;decoys=0;margin=n/a;topRMSD=0.000;bestDecoyRMSD=n/a;contactSpec=n/a;clashPen=n/a;enrichSets=0;enrichActive=0;enrichDecoy=0;enrichAUC=n/a;enrichMargin=n/a | case=6c64-mango-ii-ekm;rank=1;top=mode:1;decoys=0;margin=n/a;topRMSD=0.000;bestDecoyRMSD=n/a;contactSpec=n/a;clashPen=n/a;enrichSets=0;enrichActive=0;enrichDecoy=0;enrichAUC=n/a;enrichMargin=n/a | case=5bjp-corn-dfho;rank=1;top=mode:1;decoys=0;margin=n/a;topRMSD=0.000;bestDecoyRMSD=n/a;contactSpec=n/a;clashPen=n/a;enrichSets=0;enrichActive=0;enrichDecoy=0;enrichAUC=n/a;enrichMargin=n/a | case=6wzs-ztp-riboswitch;rank=1;top=mode:1;decoys=0;margin=n/a;topRMSD=0.000;bestDecoyRMSD=n/a;contactSpec=n/a;clashPen=n/a;enrichSets=0;enrichActive=0;enrichDecoy=0;enrichAUC=n/a;enrichMargin=n/a | case=3irw-c-di-gmp-riboswitch;rank=1;top=mode:1;decoys=0;margin=n/a;topRMSD=0.000;bestDecoyRMSD=n/a;contactSpec=n/a;clashPen=n/a;enrichSets=0;enrichActive=0;enrichDecoy=0;enrichAUC=n/a;enrichMargin=n/a | case=4qlm-c-di-amp-riboswitch;rank=1;top=mode:1;decoys=0;margin=n/a;topRMSD=0.000;bestDecoyRMSD=n/a;contactSpec=n/a;clashPen=n/a;enrichSets=0;enrichActive=0;enrichDecoy=0;enrichAUC=n/a;enrichMargin=n/a | case=3d0u-lysine-riboswitch;rank=1;top=mode:1;decoys=0;margin=n/a;topRMSD=0.000;bestDecoyRMSD=n/a;contactSpec=n/a;clashPen=n/a;enrichSets=0;enrichActive=0;enrichDecoy=0;enrichAUC=n/a;enrichMargin=n/a | case=3oww-glycine-riboswitch;rank=1;top=mode:1;decoys=0;margin=n/a;topRMSD=0.000;bestDecoyRMSD=n/a;contactSpec=n/a;clashPen=n/a;enrichSets=0;enrichActive=0;enrichDecoy=0;enrichAUC=n/a;enrichMargin=n/a
-0.320000,-0.180000,-0.500000,-0.350000,2.955119,0.725,-0.864,8,41,1423,1.000000,4.291678,0.562,0.000,0.000,8.224,26.590219,0.000000,0.000000,2.157895,1.000000,case=t6-thrombin-vina;rank=1;top=mode:1;decoys=0;margin=n/a;topRMSD=0.000;bestDecoyRMSD=n/a;contactSpec=n/a;clashPen=n/a;enrichSets=0;enrichActive=0;enrichDecoy=0;enrichAUC=n/a;enrichMargin=n/a | case=4q9r-spinach-2zy;rank=1;top=mode:1;decoys=10;margin=26.590;topRMSD=0.000;bestDecoyRMSD=8.224;contactSpec=0.000;clashPen=0.000;enrichSets=0;enrichActive=0;enrichDecoy=0;enrichAUC=n/a;enrichMargin=n/a | case=1fmn-fmn-riboswitch;rank=1;top=mode:1;decoys=0;margin=n/a;topRMSD=0.000;bestDecoyRMSD=n/a;contactSpec=n/a;clashPen=n/a;enrichSets=1;enrichActive=1;enrichDecoy=60;enrichAUC=1.000;enrichMargin=10.167 | case=1fmn-fmn-riboswitch-mg;rank=1;top=mode:1;decoys=0;margin=n/a;topRMSD=0.000;bestDecoyRMSD=n/a;contactSpec=n/a;clashPen=n/a;enrichSets=0;enrichActive=0;enrichDecoy=0;enrichAUC=n/a;enrichMargin=n/a | case=2g9c-purine-riboswitch;rank=1;top=mode:1;decoys=0;margin=n/a;topRMSD=0.000;bestDecoyRMSD=n/a;contactSpec=n/a;clashPen=n/a;enrichSets=1;enrichActive=7;enrichDecoy=88;enrichAUC=0.661;enrichMargin=-0.905 | case=4rzd-preq1-riboswitch;rank=1;top=mode:1;decoys=0;margin=n/a;topRMSD=0.000;bestDecoyRMSD=n/a;contactSpec=n/a;clashPen=n/a;enrichSets=1;enrichActive=5;enrichDecoy=74;enrichAUC=0.500;enrichMargin=0.000 | case=2gdi-tpp-riboswitch;rank=1;top=mode:1;decoys=0;margin=n/a;topRMSD=0.000;bestDecoyRMSD=n/a;contactSpec=n/a;clashPen=n/a;enrichSets=1;enrichActive=7;enrichDecoy=266;enrichAUC=0.632;enrichMargin=-14.684 | case=2ygh-sam-riboswitch;rank=1;top=mode:1;decoys=0;margin=n/a;topRMSD=0.000;bestDecoyRMSD=n/a;contactSpec=n/a;clashPen=n/a;enrichSets=1;enrichActive=3;enrichDecoy=238;enrichAUC=0.819;enrichMargin=-1.165 | case=3b4b-glms-riboswitch;rank=1;top=mode:1;decoys=0;margin=n/a;topRMSD=0.000;bestDecoyRMSD=n/a;contactSpec=n/a;clashPen=n/a;enrichSets=1;enrichActive=4;enrichDecoy=165;enrichAUC=0.750;enrichMargin=0.180 | case=2hoj-tpp-riboswitch;rank=1;top=mode:1;decoys=0;margin=n/a;topRMSD=0.000;bestDecoyRMSD=n/a;contactSpec=n/a;clashPen=n/a;enrichSets=2;enrichActive=14;enrichDecoy=532;enrichAUC=0.714;enrichMargin=0.360 | case=3sd3-thf-riboswitch;rank=1;top=mode:1;decoys=0;margin=n/a;topRMSD=0.000;bestDecoyRMSD=n/a;contactSpec=n/a;clashPen=n/a;enrichSets=0;enrichActive=0;enrichDecoy=0;enrichAUC=n/a;enrichMargin=n/a | case=5dhb-gmp-primer-template;rank=1;top=mode:1;decoys=0;margin=n/a;topRMSD=0.000;bestDecoyRMSD=n/a;contactSpec=n/a;clashPen=n/a;enrichSets=0;enrichActive=0;enrichDecoy=0;enrichAUC=n/a;enrichMargin=n/a | case=6c64-mango-ii-ekm;rank=1;top=mode:1;decoys=0;margin=n/a;topRMSD=0.000;bestDecoyRMSD=n/a;contactSpec=n/a;clashPen=n/a;enrichSets=0;enrichActive=0;enrichDecoy=0;enrichAUC=n/a;enrichMargin=n/a | case=5bjp-corn-dfho;rank=1;top=mode:1;decoys=0;margin=n/a;topRMSD=0.000;bestDecoyRMSD=n/a;contactSpec=n/a;clashPen=n/a;enrichSets=0;enrichActive=0;enrichDecoy=0;enrichAUC=n/a;enrichMargin=n/a | case=6wzs-ztp-riboswitch;rank=1;top=mode:1;decoys=0;margin=n/a;topRMSD=0.000;bestDecoyRMSD=n/a;contactSpec=n/a;clashPen=n/a;enrichSets=0;enrichActive=0;enrichDecoy=0;enrichAUC=n/a;enrichMargin=n/a | case=3irw-c-di-gmp-riboswitch;rank=1;top=mode:1;decoys=0;margin=n/a;topRMSD=0.000;bestDecoyRMSD=n/a;contactSpec=n/a;clashPen=n/a;enrichSets=0;enrichActive=0;enrichDecoy=0;enrichAUC=n/a;enrichMargin=n/a | case=4qlm-c-di-amp-riboswitch;rank=1;top=mode:1;decoys=0;margin=n/a;topRMSD=0.000;bestDecoyRMSD=n/a;contactSpec=n/a;clashPen=n/a;enrichSets=0;enrichActive=0;enrichDecoy=0;enrichAUC=n/a;enrichMargin=n/a | case=3d0u-lysine-riboswitch;rank=1;top=mode:1;decoys=0;margin=n/a;topRMSD=0.000;bestDecoyRMSD=n/a;contactSpec=n/a;clashPen=n/a;enrichSets=0;enrichActive=0;enrichDecoy=0;enrichAUC=n/a;enrichMargin=n/a | case=3oww-glycine-riboswitch;rank=1;top=mode:1;decoys=0;margin=n/a;topRMSD=0.000;bestDecoyRMSD=n/a;contactSpec=n/a;clashPen=n/a;enrichSets=0;enrichActive=0;enrichDecoy=0;enrichAUC=n/a;enrichMargin=n/a
-0.240000,-0.180000,-0.500000,-0.100000,2.967973,0.725,-0.873,8,41,1423,1.000000,4.313978,0.562,0.000,0.000,8.224,26.590238,0.000000,0.000000,2.157895,1.000000,case=t6-thrombin-vina;rank=1;top=mode:1;decoys=0;margin=n/a;topRMSD=0.000;bestDecoyRMSD=n/a;contactSpec=n/a;clashPen=n/a;enrichSets=0;enrichActive=0;enrichDecoy=0;enrichAUC=n/a;enrichMargin=n/a | case=4q9r-spinach-2zy;rank=1;top=mode:1;decoys=10;margin=26.590;topRMSD=0.000;bestDecoyRMSD=8.224;contactSpec=0.000;clashPen=0.000;enrichSets=0;enrichActive=0;enrichDecoy=0;enrichAUC=n/a;enrichMargin=n/a | case=1fmn-fmn-riboswitch;rank=1;top=mode:1;decoys=0;margin=n/a;topRMSD=0.000;bestDecoyRMSD=n/a;contactSpec=n/a;clashPen=n/a;enrichSets=1;enrichActive=1;enrichDecoy=60;enrichAUC=1.000;enrichMargin=10.027 | case=1fmn-fmn-riboswitch-mg;rank=1;top=mode:1;decoys=0;margin=n/a;topRMSD=0.000;bestDecoyRMSD=n/a;contactSpec=n/a;clashPen=n/a;enrichSets=0;enrichActive=0;enrichDecoy=0;enrichAUC=n/a;enrichMargin=n/a | case=2g9c-purine-riboswitch;rank=1;top=mode:1;decoys=0;margin=n/a;topRMSD=0.000;bestDecoyRMSD=n/a;contactSpec=n/a;clashPen=n/a;enrichSets=1;enrichActive=7;enrichDecoy=88;enrichAUC=0.659;enrichMargin=-0.905 | case=4rzd-preq1-riboswitch;rank=1;top=mode:1;decoys=0;margin=n/a;topRMSD=0.000;bestDecoyRMSD=n/a;contactSpec=n/a;clashPen=n/a;enrichSets=1;enrichActive=5;enrichDecoy=74;enrichAUC=0.500;enrichMargin=0.000 | case=2gdi-tpp-riboswitch;rank=1;top=mode:1;decoys=0;margin=n/a;topRMSD=0.000;bestDecoyRMSD=n/a;contactSpec=n/a;clashPen=n/a;enrichSets=1;enrichActive=7;enrichDecoy=266;enrichAUC=0.630;enrichMargin=-14.673 | case=2ygh-sam-riboswitch;rank=1;top=mode:1;decoys=0;margin=n/a;topRMSD=0.000;bestDecoyRMSD=n/a;contactSpec=n/a;clashPen=n/a;enrichSets=1;enrichActive=3;enrichDecoy=238;enrichAUC=0.819;enrichMargin=-1.098 | case=3b4b-glms-riboswitch;rank=1;top=mode:1;decoys=0;margin=n/a;topRMSD=0.000;bestDecoyRMSD=n/a;contactSpec=n/a;clashPen=n/a;enrichSets=1;enrichActive=4;enrichDecoy=165;enrichAUC=0.750;enrichMargin=0.180 | case=2hoj-tpp-riboswitch;rank=1;top=mode:1;decoys=0;margin=n/a;topRMSD=0.000;bestDecoyRMSD=n/a;contactSpec=n/a;clashPen=n/a;enrichSets=2;enrichActive=14;enrichDecoy=532;enrichAUC=0.714;enrichMargin=0.360 | case=3sd3-thf-riboswitch;rank=1;top=mode:1;decoys=0;margin=n/a;topRMSD=0.000;bestDecoyRMSD=n/a;contactSpec=n/a;clashPen=n/a;enrichSets=0;enrichActive=0;enrichDecoy=0;enrichAUC=n/a;enrichMargin=n/a | case=5dhb-gmp-primer-template;rank=1;top=mode:1;decoys=0;margin=n/a;topRMSD=0.000;bestDecoyRMSD=n/a;contactSpec=n/a;clashPen=n/a;enrichSets=0;enrichActive=0;enrichDecoy=0;enrichAUC=n/a;enrichMargin=n/a | case=6c64-mango-ii-ekm;rank=1;top=mode:1;decoys=0;margin=n/a;topRMSD=0.000;bestDecoyRMSD=n/a;contactSpec=n/a;clashPen=n/a;enrichSets=0;enrichActive=0;enrichDecoy=0;enrichAUC=n/a;enrichMargin=n/a | case=5bjp-corn-dfho;rank=1;top=mode:1;decoys=0;margin=n/a;topRMSD=0.000;bestDecoyRMSD=n/a;contactSpec=n/a;clashPen=n/a;enrichSets=0;enrichActive=0;enrichDecoy=0;enrichAUC=n/a;enrichMargin=n/a | case=6wzs-ztp-riboswitch;rank=1;top=mode:1;decoys=0;margin=n/a;topRMSD=0.000;bestDecoyRMSD=n/a;contactSpec=n/a;clashPen=n/a;enrichSets=0;enrichActive=0;enrichDecoy=0;enrichAUC=n/a;enrichMargin=n/a | case=3irw-c-di-gmp-riboswitch;rank=1;top=mode:1;decoys=0;margin=n/a;topRMSD=0.000;bestDecoyRMSD=n/a;contactSpec=n/a;clashPen=n/a;enrichSets=0;enrichActive=0;enrichDecoy=0;enrichAUC=n/a;enrichMargin=n/a | case=4qlm-c-di-amp-riboswitch;rank=1;top=mode:1;decoys=0;margin=n/a;topRMSD=0.000;bestDecoyRMSD=n/a;contactSpec=n/a;clashPen=n/a;enrichSets=0;enrichActive=0;enrichDecoy=0;enrichAUC=n/a;enrichMargin=n/a | case=3d0u-lysine-riboswitch;rank=1;top=mode:1;decoys=0;margin=n/a;topRMSD=0.000;bestDecoyRMSD=n/a;contactSpec=n/a;clashPen=n/a;enrichSets=0;enrichActive=0;enrichDecoy=0;enrichAUC=n/a;enrichMargin=n/a | case=3oww-glycine-riboswitch;rank=1;top=mode:1;decoys=0;margin=n/a;topRMSD=0.000;bestDecoyRMSD=n/a;contactSpec=n/a;clashPen=n/a;enrichSets=0;enrichActive=0;enrichDecoy=0;enrichAUC=n/a;enrichMargin=n/a
-0.240000,-0.180000,-0.500000,-0.220000,2.967973,0.725,-0.873,8,41,1423,1.000000,4.313978,0.562,0.000,0.000,8.224,26.590238,0.000000,0.000000,2.157895,1.000000,case=t6-thrombin-vina;rank=1;top=mode:1;decoys=0;margin=n/a;topRMSD=0.000;bestDecoyRMSD=n/a;contactSpec=n/a;clashPen=n/a;enrichSets=0;enrichActive=0;enrichDecoy=0;enrichAUC=n/a;enrichMargin=n/a | case=4q9r-spinach-2zy;rank=1;top=mode:1;decoys=10;margin=26.590;topRMSD=0.000;bestDecoyRMSD=8.224;contactSpec=0.000;clashPen=0.000;enrichSets=0;enrichActive=0;enrichDecoy=0;enrichAUC=n/a;enrichMargin=n/a | case=1fmn-fmn-riboswitch;rank=1;top=mode:1;decoys=0;margin=n/a;topRMSD=0.000;bestDecoyRMSD=n/a;contactSpec=n/a;clashPen=n/a;enrichSets=1;enrichActive=1;enrichDecoy=60;enrichAUC=1.000;enrichMargin=10.027 | case=1fmn-fmn-riboswitch-mg;rank=1;top=mode:1;decoys=0;margin=n/a;topRMSD=0.000;bestDecoyRMSD=n/a;contactSpec=n/a;clashPen=n/a;enrichSets=0;enrichActive=0;enrichDecoy=0;enrichAUC=n/a;enrichMargin=n/a | case=2g9c-purine-riboswitch;rank=1;top=mode:1;decoys=0;margin=n/a;topRMSD=0.000;bestDecoyRMSD=n/a;contactSpec=n/a;clashPen=n/a;enrichSets=1;enrichActive=7;enrichDecoy=88;enrichAUC=0.659;enrichMargin=-0.905 | case=4rzd-preq1-riboswitch;rank=1;top=mode:1;decoys=0;margin=n/a;topRMSD=0.000;bestDecoyRMSD=n/a;contactSpec=n/a;clashPen=n/a;enrichSets=1;enrichActive=5;enrichDecoy=74;enrichAUC=0.500;enrichMargin=0.000 | case=2gdi-tpp-riboswitch;rank=1;top=mode:1;decoys=0;margin=n/a;topRMSD=0.000;bestDecoyRMSD=n/a;contactSpec=n/a;clashPen=n/a;enrichSets=1;enrichActive=7;enrichDecoy=266;enrichAUC=0.630;enrichMargin=-14.673 | case=2ygh-sam-riboswitch;rank=1;top=mode:1;decoys=0;margin=n/a;topRMSD=0.000;bestDecoyRMSD=n/a;contactSpec=n/a;clashPen=n/a;enrichSets=1;enrichActive=3;enrichDecoy=238;enrichAUC=0.819;enrichMargin=-1.098 | case=3b4b-glms-riboswitch;rank=1;top=mode:1;decoys=0;margin=n/a;topRMSD=0.000;bestDecoyRMSD=n/a;contactSpec=n/a;clashPen=n/a;enrichSets=1;enrichActive=4;enrichDecoy=165;enrichAUC=0.750;enrichMargin=0.180 | case=2hoj-tpp-riboswitch;rank=1;top=mode:1;decoys=0;margin=n/a;topRMSD=0.000;bestDecoyRMSD=n/a;contactSpec=n/a;clashPen=n/a;enrichSets=2;enrichActive=14;enrichDecoy=532;enrichAUC=0.714;enrichMargin=0.360 | case=3sd3-thf-riboswitch;rank=1;top=mode:1;decoys=0;margin=n/a;topRMSD=0.000;bestDecoyRMSD=n/a;contactSpec=n/a;clashPen=n/a;enrichSets=0;enrichActive=0;enrichDecoy=0;enrichAUC=n/a;enrichMargin=n/a | case=5dhb-gmp-primer-template;rank=1;top=mode:1;decoys=0;margin=n/a;topRMSD=0.000;bestDecoyRMSD=n/a;contactSpec=n/a;clashPen=n/a;enrichSets=0;enrichActive=0;enrichDecoy=0;enrichAUC=n/a;enrichMargin=n/a | case=6c64-mango-ii-ekm;rank=1;top=mode:1;decoys=0;margin=n/a;topRMSD=0.000;bestDecoyRMSD=n/a;contactSpec=n/a;clashPen=n/a;enrichSets=0;enrichActive=0;enrichDecoy=0;enrichAUC=n/a;enrichMargin=n/a | case=5bjp-corn-dfho;rank=1;top=mode:1;decoys=0;margin=n/a;topRMSD=0.000;bestDecoyRMSD=n/a;contactSpec=n/a;clashPen=n/a;enrichSets=0;enrichActive=0;enrichDecoy=0;enrichAUC=n/a;enrichMargin=n/a | case=6wzs-ztp-riboswitch;rank=1;top=mode:1;decoys=0;margin=n/a;topRMSD=0.000;bestDecoyRMSD=n/a;contactSpec=n/a;clashPen=n/a;enrichSets=0;enrichActive=0;enrichDecoy=0;enrichAUC=n/a;enrichMargin=n/a | case=3irw-c-di-gmp-riboswitch;rank=1;top=mode:1;decoys=0;margin=n/a;topRMSD=0.000;bestDecoyRMSD=n/a;contactSpec=n/a;clashPen=n/a;enrichSets=0;enrichActive=0;enrichDecoy=0;enrichAUC=n/a;enrichMargin=n/a | case=4qlm-c-di-amp-riboswitch;rank=1;top=mode:1;decoys=0;margin=n/a;topRMSD=0.000;bestDecoyRMSD=n/a;contactSpec=n/a;clashPen=n/a;enrichSets=0;enrichActive=0;enrichDecoy=0;enrichAUC=n/a;enrichMargin=n/a | case=3d0u-lysine-riboswitch;rank=1;top=mode:1;decoys=0;margin=n/a;topRMSD=0.000;bestDecoyRMSD=n/a;contactSpec=n/a;clashPen=n/a;enrichSets=0;enrichActive=0;enrichDecoy=0;enrichAUC=n/a;enrichMargin=n/a | case=3oww-glycine-riboswitch;rank=1;top=mode:1;decoys=0;margin=n/a;topRMSD=0.000;bestDecoyRMSD=n/a;contactSpec=n/a;clashPen=n/a;enrichSets=0;enrichActive=0;enrichDecoy=0;enrichAUC=n/a;enrichMargin=n/a
-0.240000,-0.180000,-0.500000,-0.350000,2.967973,0.725,-0.873,8,41,1423,1.000000,4.313978,0.562,0.000,0.000,8.224,26.590238,0.000000,0.000000,2.157895,1.000000,case=t6-thrombin-vina;rank=1;top=mode:1;decoys=0;margin=n/a;topRMSD=0.000;bestDecoyRMSD=n/a;contactSpec=n/a;clashPen=n/a;enrichSets=0;enrichActive=0;enrichDecoy=0;enrichAUC=n/a;enrichMargin=n/a | case=4q9r-spinach-2zy;rank=1;top=mode:1;decoys=10;margin=26.590;topRMSD=0.000;bestDecoyRMSD=8.224;contactSpec=0.000;clashPen=0.000;enrichSets=0;enrichActive=0;enrichDecoy=0;enrichAUC=n/a;enrichMargin=n/a | case=1fmn-fmn-riboswitch;rank=1;top=mode:1;decoys=0;margin=n/a;topRMSD=0.000;bestDecoyRMSD=n/a;contactSpec=n/a;clashPen=n/a;enrichSets=1;enrichActive=1;enrichDecoy=60;enrichAUC=1.000;enrichMargin=10.027 | case=1fmn-fmn-riboswitch-mg;rank=1;top=mode:1;decoys=0;margin=n/a;topRMSD=0.000;bestDecoyRMSD=n/a;contactSpec=n/a;clashPen=n/a;enrichSets=0;enrichActive=0;enrichDecoy=0;enrichAUC=n/a;enrichMargin=n/a | case=2g9c-purine-riboswitch;rank=1;top=mode:1;decoys=0;margin=n/a;topRMSD=0.000;bestDecoyRMSD=n/a;contactSpec=n/a;clashPen=n/a;enrichSets=1;enrichActive=7;enrichDecoy=88;enrichAUC=0.659;enrichMargin=-0.905 | case=4rzd-preq1-riboswitch;rank=1;top=mode:1;decoys=0;margin=n/a;topRMSD=0.000;bestDecoyRMSD=n/a;contactSpec=n/a;clashPen=n/a;enrichSets=1;enrichActive=5;enrichDecoy=74;enrichAUC=0.500;enrichMargin=0.000 | case=2gdi-tpp-riboswitch;rank=1;top=mode:1;decoys=0;margin=n/a;topRMSD=0.000;bestDecoyRMSD=n/a;contactSpec=n/a;clashPen=n/a;enrichSets=1;enrichActive=7;enrichDecoy=266;enrichAUC=0.630;enrichMargin=-14.673 | case=2ygh-sam-riboswitch;rank=1;top=mode:1;decoys=0;margin=n/a;topRMSD=0.000;bestDecoyRMSD=n/a;contactSpec=n/a;clashPen=n/a;enrichSets=1;enrichActive=3;enrichDecoy=238;enrichAUC=0.819;enrichMargin=-1.098 | case=3b4b-glms-riboswitch;rank=1;top=mode:1;decoys=0;margin=n/a;topRMSD=0.000;bestDecoyRMSD=n/a;contactSpec=n/a;clashPen=n/a;enrichSets=1;enrichActive=4;enrichDecoy=165;enrichAUC=0.750;enrichMargin=0.180 | case=2hoj-tpp-riboswitch;rank=1;top=mode:1;decoys=0;margin=n/a;topRMSD=0.000;bestDecoyRMSD=n/a;contactSpec=n/a;clashPen=n/a;enrichSets=2;enrichActive=14;enrichDecoy=532;enrichAUC=0.714;enrichMargin=0.360 | case=3sd3-thf-riboswitch;rank=1;top=mode:1;decoys=0;margin=n/a;topRMSD=0.000;bestDecoyRMSD=n/a;contactSpec=n/a;clashPen=n/a;enrichSets=0;enrichActive=0;enrichDecoy=0;enrichAUC=n/a;enrichMargin=n/a | case=5dhb-gmp-primer-template;rank=1;top=mode:1;decoys=0;margin=n/a;topRMSD=0.000;bestDecoyRMSD=n/a;contactSpec=n/a;clashPen=n/a;enrichSets=0;enrichActive=0;enrichDecoy=0;enrichAUC=n/a;enrichMargin=n/a | case=6c64-mango-ii-ekm;rank=1;top=mode:1;decoys=0;margin=n/a;topRMSD=0.000;bestDecoyRMSD=n/a;contactSpec=n/a;clashPen=n/a;enrichSets=0;enrichActive=0;enrichDecoy=0;enrichAUC=n/a;enrichMargin=n/a | case=5bjp-corn-dfho;rank=1;top=mode:1;decoys=0;margin=n/a;topRMSD=0.000;bestDecoyRMSD=n/a;contactSpec=n/a;clashPen=n/a;enrichSets=0;enrichActive=0;enrichDecoy=0;enrichAUC=n/a;enrichMargin=n/a | case=6wzs-ztp-riboswitch;rank=1;top=mode:1;decoys=0;margin=n/a;topRMSD=0.000;bestDecoyRMSD=n/a;contactSpec=n/a;clashPen=n/a;enrichSets=0;enrichActive=0;enrichDecoy=0;enrichAUC=n/a;enrichMargin=n/a | case=3irw-c-di-gmp-riboswitch;rank=1;top=mode:1;decoys=0;margin=n/a;topRMSD=0.000;bestDecoyRMSD=n/a;contactSpec=n/a;clashPen=n/a;enrichSets=0;enrichActive=0;enrichDecoy=0;enrichAUC=n/a;enrichMargin=n/a | case=4qlm-c-di-amp-riboswitch;rank=1;top=mode:1;decoys=0;margin=n/a;topRMSD=0.000;bestDecoyRMSD=n/a;contactSpec=n/a;clashPen=n/a;enrichSets=0;enrichActive=0;enrichDecoy=0;enrichAUC=n/a;enrichMargin=n/a | case=3d0u-lysine-riboswitch;rank=1;top=mode:1;decoys=0;margin=n/a;topRMSD=0.000;bestDecoyRMSD=n/a;contactSpec=n/a;clashPen=n/a;enrichSets=0;enrichActive=0;enrichDecoy=0;enrichAUC=n/a;enrichMargin=n/a | case=3oww-glycine-riboswitch;rank=1;top=mode:1;decoys=0;margin=n/a;topRMSD=0.000;bestDecoyRMSD=n/a;contactSpec=n/a;clashPen=n/a;enrichSets=0;enrichActive=0;enrichDecoy=0;enrichAUC=n/a;enrichMargin=n/a
-0.180000,-0.180000,-0.500000,-0.100000,2.979447,0.724,-0.882,8,41,1423,1.000000,4.330703,0.562,0.000,0.000,8.224,26.590253,0.000000,0.000000,2.157895,1.000000,case=t6-thrombin-vina;rank=1;top=mode:1;decoys=0;margin=n/a;topRMSD=0.000;bestDecoyRMSD=n/a;contactSpec=n/a;clashPen=n/a;enrichSets=0;enrichActive=0;enrichDecoy=0;enrichAUC=n/a;enrichMargin=n/a | case=4q9r-spinach-2zy;rank=1;top=mode:1;decoys=10;margin=26.590;topRMSD=0.000;bestDecoyRMSD=8.224;contactSpec=0.000;clashPen=0.000;enrichSets=0;enrichActive=0;enrichDecoy=0;enrichAUC=n/a;enrichMargin=n/a | case=1fmn-fmn-riboswitch;rank=1;top=mode:1;decoys=0;margin=n/a;topRMSD=0.000;bestDecoyRMSD=n/a;contactSpec=n/a;clashPen=n/a;enrichSets=1;enrichActive=1;enrichDecoy=60;enrichAUC=1.000;enrichMargin=9.923 | case=1fmn-fmn-riboswitch-mg;rank=1;top=mode:1;decoys=0;margin=n/a;topRMSD=0.000;bestDecoyRMSD=n/a;contactSpec=n/a;clashPen=n/a;enrichSets=0;enrichActive=0;enrichDecoy=0;enrichAUC=n/a;enrichMargin=n/a | case=2g9c-purine-riboswitch;rank=1;top=mode:1;decoys=0;margin=n/a;topRMSD=0.000;bestDecoyRMSD=n/a;contactSpec=n/a;clashPen=n/a;enrichSets=1;enrichActive=7;enrichDecoy=88;enrichAUC=0.657;enrichMargin=-0.906 | case=4rzd-preq1-riboswitch;rank=1;top=mode:1;decoys=0;margin=n/a;topRMSD=0.000;bestDecoyRMSD=n/a;contactSpec=n/a;clashPen=n/a;enrichSets=1;enrichActive=5;enrichDecoy=74;enrichAUC=0.500;enrichMargin=0.000 | case=2gdi-tpp-riboswitch;rank=1;top=mode:1;decoys=0;margin=n/a;topRMSD=0.000;bestDecoyRMSD=n/a;contactSpec=n/a;clashPen=n/a;enrichSets=1;enrichActive=7;enrichDecoy=266;enrichAUC=0.629;enrichMargin=-14.664 | case=2ygh-sam-riboswitch;rank=1;top=mode:1;decoys=0;margin=n/a;topRMSD=0.000;bestDecoyRMSD=n/a;contactSpec=n/a;clashPen=n/a;enrichSets=1;enrichActive=3;enrichDecoy=238;enrichAUC=0.819;enrichMargin=-1.065 | case=3b4b-glms-riboswitch;rank=1;top=mode:1;decoys=0;margin=n/a;topRMSD=0.000;bestDecoyRMSD=n/a;contactSpec=n/a;clashPen=n/a;enrichSets=1;enrichActive=4;enrichDecoy=165;enrichAUC=0.750;enrichMargin=0.180 | case=2hoj-tpp-riboswitch;rank=1;top=mode:1;decoys=0;margin=n/a;topRMSD=0.000;bestDecoyRMSD=n/a;contactSpec=n/a;clashPen=n/a;enrichSets=2;enrichActive=14;enrichDecoy=532;enrichAUC=0.714;enrichMargin=0.360 | case=3sd3-thf-riboswitch;rank=1;top=mode:1;decoys=0;margin=n/a;topRMSD=0.000;bestDecoyRMSD=n/a;contactSpec=n/a;clashPen=n/a;enrichSets=0;enrichActive=0;enrichDecoy=0;enrichAUC=n/a;enrichMargin=n/a | case=5dhb-gmp-primer-template;rank=1;top=mode:1;decoys=0;margin=n/a;topRMSD=0.000;bestDecoyRMSD=n/a;contactSpec=n/a;clashPen=n/a;enrichSets=0;enrichActive=0;enrichDecoy=0;enrichAUC=n/a;enrichMargin=n/a | case=6c64-mango-ii-ekm;rank=1;top=mode:1;decoys=0;margin=n/a;topRMSD=0.000;bestDecoyRMSD=n/a;contactSpec=n/a;clashPen=n/a;enrichSets=0;enrichActive=0;enrichDecoy=0;enrichAUC=n/a;enrichMargin=n/a | case=5bjp-corn-dfho;rank=1;top=mode:1;decoys=0;margin=n/a;topRMSD=0.000;bestDecoyRMSD=n/a;contactSpec=n/a;clashPen=n/a;enrichSets=0;enrichActive=0;enrichDecoy=0;enrichAUC=n/a;enrichMargin=n/a | case=6wzs-ztp-riboswitch;rank=1;top=mode:1;decoys=0;margin=n/a;topRMSD=0.000;bestDecoyRMSD=n/a;contactSpec=n/a;clashPen=n/a;enrichSets=0;enrichActive=0;enrichDecoy=0;enrichAUC=n/a;enrichMargin=n/a | case=3irw-c-di-gmp-riboswitch;rank=1;top=mode:1;decoys=0;margin=n/a;topRMSD=0.000;bestDecoyRMSD=n/a;contactSpec=n/a;clashPen=n/a;enrichSets=0;enrichActive=0;enrichDecoy=0;enrichAUC=n/a;enrichMargin=n/a | case=4qlm-c-di-amp-riboswitch;rank=1;top=mode:1;decoys=0;margin=n/a;topRMSD=0.000;bestDecoyRMSD=n/a;contactSpec=n/a;clashPen=n/a;enrichSets=0;enrichActive=0;enrichDecoy=0;enrichAUC=n/a;enrichMargin=n/a | case=3d0u-lysine-riboswitch;rank=1;top=mode:1;decoys=0;margin=n/a;topRMSD=0.000;bestDecoyRMSD=n/a;contactSpec=n/a;clashPen=n/a;enrichSets=0;enrichActive=0;enrichDecoy=0;enrichAUC=n/a;enrichMargin=n/a | case=3oww-glycine-riboswitch;rank=1;top=mode:1;decoys=0;margin=n/a;topRMSD=0.000;bestDecoyRMSD=n/a;contactSpec=n/a;clashPen=n/a;enrichSets=0;enrichActive=0;enrichDecoy=0;enrichAUC=n/a;enrichMargin=n/a
-0.180000,-0.180000,-0.500000,-0.220000,2.979447,0.724,-0.882,8,41,1423,1.000000,4.330703,0.562,0.000,0.000,8.224,26.590253,0.000000,0.000000,2.157895,1.000000,case=t6-thrombin-vina;rank=1;top=mode:1;decoys=0;margin=n/a;topRMSD=0.000;bestDecoyRMSD=n/a;contactSpec=n/a;clashPen=n/a;enrichSets=0;enrichActive=0;enrichDecoy=0;enrichAUC=n/a;enrichMargin=n/a | case=4q9r-spinach-2zy;rank=1;top=mode:1;decoys=10;margin=26.590;topRMSD=0.000;bestDecoyRMSD=8.224;contactSpec=0.000;clashPen=0.000;enrichSets=0;enrichActive=0;enrichDecoy=0;enrichAUC=n/a;enrichMargin=n/a | case=1fmn-fmn-riboswitch;rank=1;top=mode:1;decoys=0;margin=n/a;topRMSD=0.000;bestDecoyRMSD=n/a;contactSpec=n/a;clashPen=n/a;enrichSets=1;enrichActive=1;enrichDecoy=60;enrichAUC=1.000;enrichMargin=9.923 | case=1fmn-fmn-riboswitch-mg;rank=1;top=mode:1;decoys=0;margin=n/a;topRMSD=0.000;bestDecoyRMSD=n/a;contactSpec=n/a;clashPen=n/a;enrichSets=0;enrichActive=0;enrichDecoy=0;enrichAUC=n/a;enrichMargin=n/a | case=2g9c-purine-riboswitch;rank=1;top=mode:1;decoys=0;margin=n/a;topRMSD=0.000;bestDecoyRMSD=n/a;contactSpec=n/a;clashPen=n/a;enrichSets=1;enrichActive=7;enrichDecoy=88;enrichAUC=0.657;enrichMargin=-0.906 | case=4rzd-preq1-riboswitch;rank=1;top=mode:1;decoys=0;margin=n/a;topRMSD=0.000;bestDecoyRMSD=n/a;contactSpec=n/a;clashPen=n/a;enrichSets=1;enrichActive=5;enrichDecoy=74;enrichAUC=0.500;enrichMargin=0.000 | case=2gdi-tpp-riboswitch;rank=1;top=mode:1;decoys=0;margin=n/a;topRMSD=0.000;bestDecoyRMSD=n/a;contactSpec=n/a;clashPen=n/a;enrichSets=1;enrichActive=7;enrichDecoy=266;enrichAUC=0.629;enrichMargin=-14.664 | case=2ygh-sam-riboswitch;rank=1;top=mode:1;decoys=0;margin=n/a;topRMSD=0.000;bestDecoyRMSD=n/a;contactSpec=n/a;clashPen=n/a;enrichSets=1;enrichActive=3;enrichDecoy=238;enrichAUC=0.819;enrichMargin=-1.065 | case=3b4b-glms-riboswitch;rank=1;top=mode:1;decoys=0;margin=n/a;topRMSD=0.000;bestDecoyRMSD=n/a;contactSpec=n/a;clashPen=n/a;enrichSets=1;enrichActive=4;enrichDecoy=165;enrichAUC=0.750;enrichMargin=0.180 | case=2hoj-tpp-riboswitch;rank=1;top=mode:1;decoys=0;margin=n/a;topRMSD=0.000;bestDecoyRMSD=n/a;contactSpec=n/a;clashPen=n/a;enrichSets=2;enrichActive=14;enrichDecoy=532;enrichAUC=0.714;enrichMargin=0.360 | case=3sd3-thf-riboswitch;rank=1;top=mode:1;decoys=0;margin=n/a;topRMSD=0.000;bestDecoyRMSD=n/a;contactSpec=n/a;clashPen=n/a;enrichSets=0;enrichActive=0;enrichDecoy=0;enrichAUC=n/a;enrichMargin=n/a | case=5dhb-gmp-primer-template;rank=1;top=mode:1;decoys=0;margin=n/a;topRMSD=0.000;bestDecoyRMSD=n/a;contactSpec=n/a;clashPen=n/a;enrichSets=0;enrichActive=0;enrichDecoy=0;enrichAUC=n/a;enrichMargin=n/a | case=6c64-mango-ii-ekm;rank=1;top=mode:1;decoys=0;margin=n/a;topRMSD=0.000;bestDecoyRMSD=n/a;contactSpec=n/a;clashPen=n/a;enrichSets=0;enrichActive=0;enrichDecoy=0;enrichAUC=n/a;enrichMargin=n/a | case=5bjp-corn-dfho;rank=1;top=mode:1;decoys=0;margin=n/a;topRMSD=0.000;bestDecoyRMSD=n/a;contactSpec=n/a;clashPen=n/a;enrichSets=0;enrichActive=0;enrichDecoy=0;enrichAUC=n/a;enrichMargin=n/a | case=6wzs-ztp-riboswitch;rank=1;top=mode:1;decoys=0;margin=n/a;topRMSD=0.000;bestDecoyRMSD=n/a;contactSpec=n/a;clashPen=n/a;enrichSets=0;enrichActive=0;enrichDecoy=0;enrichAUC=n/a;enrichMargin=n/a | case=3irw-c-di-gmp-riboswitch;rank=1;top=mode:1;decoys=0;margin=n/a;topRMSD=0.000;bestDecoyRMSD=n/a;contactSpec=n/a;clashPen=n/a;enrichSets=0;enrichActive=0;enrichDecoy=0;enrichAUC=n/a;enrichMargin=n/a | case=4qlm-c-di-amp-riboswitch;rank=1;top=mode:1;decoys=0;margin=n/a;topRMSD=0.000;bestDecoyRMSD=n/a;contactSpec=n/a;clashPen=n/a;enrichSets=0;enrichActive=0;enrichDecoy=0;enrichAUC=n/a;enrichMargin=n/a | case=3d0u-lysine-riboswitch;rank=1;top=mode:1;decoys=0;margin=n/a;topRMSD=0.000;bestDecoyRMSD=n/a;contactSpec=n/a;clashPen=n/a;enrichSets=0;enrichActive=0;enrichDecoy=0;enrichAUC=n/a;enrichMargin=n/a | case=3oww-glycine-riboswitch;rank=1;top=mode:1;decoys=0;margin=n/a;topRMSD=0.000;bestDecoyRMSD=n/a;contactSpec=n/a;clashPen=n/a;enrichSets=0;enrichActive=0;enrichDecoy=0;enrichAUC=n/a;enrichMargin=n/a
-0.180000,-0.180000,-0.500000,-0.350000,2.979447,0.724,-0.882,8,41,1423,1.000000,4.330703,0.562,0.000,0.000,8.224,26.590253,0.000000,0.000000,2.157895,1.000000,case=t6-thrombin-vina;rank=1;top=mode:1;decoys=0;margin=n/a;topRMSD=0.000;bestDecoyRMSD=n/a;contactSpec=n/a;clashPen=n/a;enrichSets=0;enrichActive=0;enrichDecoy=0;enrichAUC=n/a;enrichMargin=n/a | case=4q9r-spinach-2zy;rank=1;top=mode:1;decoys=10;margin=26.590;topRMSD=0.000;bestDecoyRMSD=8.224;contactSpec=0.000;clashPen=0.000;enrichSets=0;enrichActive=0;enrichDecoy=0;enrichAUC=n/a;enrichMargin=n/a | case=1fmn-fmn-riboswitch;rank=1;top=mode:1;decoys=0;margin=n/a;topRMSD=0.000;bestDecoyRMSD=n/a;contactSpec=n/a;clashPen=n/a;enrichSets=1;enrichActive=1;enrichDecoy=60;enrichAUC=1.000;enrichMargin=9.923 | case=1fmn-fmn-riboswitch-mg;rank=1;top=mode:1;decoys=0;margin=n/a;topRMSD=0.000;bestDecoyRMSD=n/a;contactSpec=n/a;clashPen=n/a;enrichSets=0;enrichActive=0;enrichDecoy=0;enrichAUC=n/a;enrichMargin=n/a | case=2g9c-purine-riboswitch;rank=1;top=mode:1;decoys=0;margin=n/a;topRMSD=0.000;bestDecoyRMSD=n/a;contactSpec=n/a;clashPen=n/a;enrichSets=1;enrichActive=7;enrichDecoy=88;enrichAUC=0.657;enrichMargin=-0.906 | case=4rzd-preq1-riboswitch;rank=1;top=mode:1;decoys=0;margin=n/a;topRMSD=0.000;bestDecoyRMSD=n/a;contactSpec=n/a;clashPen=n/a;enrichSets=1;enrichActive=5;enrichDecoy=74;enrichAUC=0.500;enrichMargin=0.000 | case=2gdi-tpp-riboswitch;rank=1;top=mode:1;decoys=0;margin=n/a;topRMSD=0.000;bestDecoyRMSD=n/a;contactSpec=n/a;clashPen=n/a;enrichSets=1;enrichActive=7;enrichDecoy=266;enrichAUC=0.629;enrichMargin=-14.664 | case=2ygh-sam-riboswitch;rank=1;top=mode:1;decoys=0;margin=n/a;topRMSD=0.000;bestDecoyRMSD=n/a;contactSpec=n/a;clashPen=n/a;enrichSets=1;enrichActive=3;enrichDecoy=238;enrichAUC=0.819;enrichMargin=-1.065 | case=3b4b-glms-riboswitch;rank=1;top=mode:1;decoys=0;margin=n/a;topRMSD=0.000;bestDecoyRMSD=n/a;contactSpec=n/a;clashPen=n/a;enrichSets=1;enrichActive=4;enrichDecoy=165;enrichAUC=0.750;enrichMargin=0.180 | case=2hoj-tpp-riboswitch;rank=1;top=mode:1;decoys=0;margin=n/a;topRMSD=0.000;bestDecoyRMSD=n/a;contactSpec=n/a;clashPen=n/a;enrichSets=2;enrichActive=14;enrichDecoy=532;enrichAUC=0.714;enrichMargin=0.360 | case=3sd3-thf-riboswitch;rank=1;top=mode:1;decoys=0;margin=n/a;topRMSD=0.000;bestDecoyRMSD=n/a;contactSpec=n/a;clashPen=n/a;enrichSets=0;enrichActive=0;enrichDecoy=0;enrichAUC=n/a;enrichMargin=n/a | case=5dhb-gmp-primer-template;rank=1;top=mode:1;decoys=0;margin=n/a;topRMSD=0.000;bestDecoyRMSD=n/a;contactSpec=n/a;clashPen=n/a;enrichSets=0;enrichActive=0;enrichDecoy=0;enrichAUC=n/a;enrichMargin=n/a | case=6c64-mango-ii-ekm;rank=1;top=mode:1;decoys=0;margin=n/a;topRMSD=0.000;bestDecoyRMSD=n/a;contactSpec=n/a;clashPen=n/a;enrichSets=0;enrichActive=0;enrichDecoy=0;enrichAUC=n/a;enrichMargin=n/a | case=5bjp-corn-dfho;rank=1;top=mode:1;decoys=0;margin=n/a;topRMSD=0.000;bestDecoyRMSD=n/a;contactSpec=n/a;clashPen=n/a;enrichSets=0;enrichActive=0;enrichDecoy=0;enrichAUC=n/a;enrichMargin=n/a | case=6wzs-ztp-riboswitch;rank=1;top=mode:1;decoys=0;margin=n/a;topRMSD=0.000;bestDecoyRMSD=n/a;contactSpec=n/a;clashPen=n/a;enrichSets=0;enrichActive=0;enrichDecoy=0;enrichAUC=n/a;enrichMargin=n/a | case=3irw-c-di-gmp-riboswitch;rank=1;top=mode:1;decoys=0;margin=n/a;topRMSD=0.000;bestDecoyRMSD=n/a;contactSpec=n/a;clashPen=n/a;enrichSets=0;enrichActive=0;enrichDecoy=0;enrichAUC=n/a;enrichMargin=n/a | case=4qlm-c-di-amp-riboswitch;rank=1;top=mode:1;decoys=0;margin=n/a;topRMSD=0.000;bestDecoyRMSD=n/a;contactSpec=n/a;clashPen=n/a;enrichSets=0;enrichActive=0;enrichDecoy=0;enrichAUC=n/a;enrichMargin=n/a | case=3d0u-lysine-riboswitch;rank=1;top=mode:1;decoys=0;margin=n/a;topRMSD=0.000;bestDecoyRMSD=n/a;contactSpec=n/a;clashPen=n/a;enrichSets=0;enrichActive=0;enrichDecoy=0;enrichAUC=n/a;enrichMargin=n/a | case=3oww-glycine-riboswitch;rank=1;top=mode:1;decoys=0;margin=n/a;topRMSD=0.000;bestDecoyRMSD=n/a;contactSpec=n/a;clashPen=n/a;enrichSets=0;enrichActive=0;enrichDecoy=0;enrichAUC=n/a;enrichMargin=n/a
-0.120000,-0.180000,-0.500000,-0.100000,2.990284,0.724,-0.891,8,41,1423,1.000000,4.347428,0.562,0.000,0.000,8.224,26.590268,0.000000,0.000000,2.157895,1.000000,case=t6-thrombin-vina;rank=1;top=mode:1;decoys=0;margin=n/a;topRMSD=0.000;bestDecoyRMSD=n/a;contactSpec=n/a;clashPen=n/a;enrichSets=0;enrichActive=0;enrichDecoy=0;enrichAUC=n/a;enrichMargin=n/a | case=4q9r-spinach-2zy;rank=1;top=mode:1;decoys=10;margin=26.590;topRMSD=0.000;bestDecoyRMSD=8.224;contactSpec=0.000;clashPen=0.000;enrichSets=0;enrichActive=0;enrichDecoy=0;enrichAUC=n/a;enrichMargin=n/a | case=1fmn-fmn-riboswitch;rank=1;top=mode:1;decoys=0;margin=n/a;topRMSD=0.000;bestDecoyRMSD=n/a;contactSpec=n/a;clashPen=n/a;enrichSets=1;enrichActive=1;enrichDecoy=60;enrichAUC=1.000;enrichMargin=9.818 | case=1fmn-fmn-riboswitch-mg;rank=1;top=mode:1;decoys=0;margin=n/a;topRMSD=0.000;bestDecoyRMSD=n/a;contactSpec=n/a;clashPen=n/a;enrichSets=0;enrichActive=0;enrichDecoy=0;enrichAUC=n/a;enrichMargin=n/a | case=2g9c-purine-riboswitch;rank=1;top=mode:1;decoys=0;margin=n/a;topRMSD=0.000;bestDecoyRMSD=n/a;contactSpec=n/a;clashPen=n/a;enrichSets=1;enrichActive=7;enrichDecoy=88;enrichAUC=0.657;enrichMargin=-0.906 | case=4rzd-preq1-riboswitch;rank=1;top=mode:1;decoys=0;margin=n/a;topRMSD=0.000;bestDecoyRMSD=n/a;contactSpec=n/a;clashPen=n/a;enrichSets=1;enrichActive=5;enrichDecoy=74;enrichAUC=0.500;enrichMargin=0.000 | case=2gdi-tpp-riboswitch;rank=1;top=mode:1;decoys=0;margin=n/a;topRMSD=0.000;bestDecoyRMSD=n/a;contactSpec=n/a;clashPen=n/a;enrichSets=1;enrichActive=7;enrichDecoy=266;enrichAUC=0.628;enrichMargin=-14.656 | case=2ygh-sam-riboswitch;rank=1;top=mode:1;decoys=0;margin=n/a;topRMSD=0.000;bestDecoyRMSD=n/a;contactSpec=n/a;clashPen=n/a;enrichSets=1;enrichActive=3;enrichDecoy=238;enrichAUC=0.821;enrichMargin=-1.032 | case=3b4b-glms-riboswitch;rank=1;top=mode:1;decoys=0;margin=n/a;topRMSD=0.000;bestDecoyRMSD=n/a;contactSpec=n/a;clashPen=n/a;enrichSets=1;enrichActive=4;enrichDecoy=165;enrichAUC=0.750;enrichMargin=0.180 | case=2hoj-tpp-riboswitch;rank=1;top=mode:1;decoys=0;margin=n/a;topRMSD=0.000;bestDecoyRMSD=n/a;contactSpec=n/a;clashPen=n/a;enrichSets=2;enrichActive=14;enrichDecoy=532;enrichAUC=0.714;enrichMargin=0.360 | case=3sd3-thf-riboswitch;rank=1;top=mode:1;decoys=0;margin=n/a;topRMSD=0.000;bestDecoyRMSD=n/a;contactSpec=n/a;clashPen=n/a;enrichSets=0;enrichActive=0;enrichDecoy=0;enrichAUC=n/a;enrichMargin=n/a | case=5dhb-gmp-primer-template;rank=1;top=mode:1;decoys=0;margin=n/a;topRMSD=0.000;bestDecoyRMSD=n/a;contactSpec=n/a;clashPen=n/a;enrichSets=0;enrichActive=0;enrichDecoy=0;enrichAUC=n/a;enrichMargin=n/a | case=6c64-mango-ii-ekm;rank=1;top=mode:1;decoys=0;margin=n/a;topRMSD=0.000;bestDecoyRMSD=n/a;contactSpec=n/a;clashPen=n/a;enrichSets=0;enrichActive=0;enrichDecoy=0;enrichAUC=n/a;enrichMargin=n/a | case=5bjp-corn-dfho;rank=1;top=mode:1;decoys=0;margin=n/a;topRMSD=0.000;bestDecoyRMSD=n/a;contactSpec=n/a;clashPen=n/a;enrichSets=0;enrichActive=0;enrichDecoy=0;enrichAUC=n/a;enrichMargin=n/a | case=6wzs-ztp-riboswitch;rank=1;top=mode:1;decoys=0;margin=n/a;topRMSD=0.000;bestDecoyRMSD=n/a;contactSpec=n/a;clashPen=n/a;enrichSets=0;enrichActive=0;enrichDecoy=0;enrichAUC=n/a;enrichMargin=n/a | case=3irw-c-di-gmp-riboswitch;rank=1;top=mode:1;decoys=0;margin=n/a;topRMSD=0.000;bestDecoyRMSD=n/a;contactSpec=n/a;clashPen=n/a;enrichSets=0;enrichActive=0;enrichDecoy=0;enrichAUC=n/a;enrichMargin=n/a | case=4qlm-c-di-amp-riboswitch;rank=1;top=mode:1;decoys=0;margin=n/a;topRMSD=0.000;bestDecoyRMSD=n/a;contactSpec=n/a;clashPen=n/a;enrichSets=0;enrichActive=0;enrichDecoy=0;enrichAUC=n/a;enrichMargin=n/a | case=3d0u-lysine-riboswitch;rank=1;top=mode:1;decoys=0;margin=n/a;topRMSD=0.000;bestDecoyRMSD=n/a;contactSpec=n/a;clashPen=n/a;enrichSets=0;enrichActive=0;enrichDecoy=0;enrichAUC=n/a;enrichMargin=n/a | case=3oww-glycine-riboswitch;rank=1;top=mode:1;decoys=0;margin=n/a;topRMSD=0.000;bestDecoyRMSD=n/a;contactSpec=n/a;clashPen=n/a;enrichSets=0;enrichActive=0;enrichDecoy=0;enrichAUC=n/a;enrichMargin=n/a
-0.120000,-0.180000,-0.500000,-0.220000,2.990284,0.724,-0.891,8,41,1423,1.000000,4.347428,0.562,0.000,0.000,8.224,26.590268,0.000000,0.000000,2.157895,1.000000,case=t6-thrombin-vina;rank=1;top=mode:1;decoys=0;margin=n/a;topRMSD=0.000;bestDecoyRMSD=n/a;contactSpec=n/a;clashPen=n/a;enrichSets=0;enrichActive=0;enrichDecoy=0;enrichAUC=n/a;enrichMargin=n/a | case=4q9r-spinach-2zy;rank=1;top=mode:1;decoys=10;margin=26.590;topRMSD=0.000;bestDecoyRMSD=8.224;contactSpec=0.000;clashPen=0.000;enrichSets=0;enrichActive=0;enrichDecoy=0;enrichAUC=n/a;enrichMargin=n/a | case=1fmn-fmn-riboswitch;rank=1;top=mode:1;decoys=0;margin=n/a;topRMSD=0.000;bestDecoyRMSD=n/a;contactSpec=n/a;clashPen=n/a;enrichSets=1;enrichActive=1;enrichDecoy=60;enrichAUC=1.000;enrichMargin=9.818 | case=1fmn-fmn-riboswitch-mg;rank=1;top=mode:1;decoys=0;margin=n/a;topRMSD=0.000;bestDecoyRMSD=n/a;contactSpec=n/a;clashPen=n/a;enrichSets=0;enrichActive=0;enrichDecoy=0;enrichAUC=n/a;enrichMargin=n/a | case=2g9c-purine-riboswitch;rank=1;top=mode:1;decoys=0;margin=n/a;topRMSD=0.000;bestDecoyRMSD=n/a;contactSpec=n/a;clashPen=n/a;enrichSets=1;enrichActive=7;enrichDecoy=88;enrichAUC=0.657;enrichMargin=-0.906 | case=4rzd-preq1-riboswitch;rank=1;top=mode:1;decoys=0;margin=n/a;topRMSD=0.000;bestDecoyRMSD=n/a;contactSpec=n/a;clashPen=n/a;enrichSets=1;enrichActive=5;enrichDecoy=74;enrichAUC=0.500;enrichMargin=0.000 | case=2gdi-tpp-riboswitch;rank=1;top=mode:1;decoys=0;margin=n/a;topRMSD=0.000;bestDecoyRMSD=n/a;contactSpec=n/a;clashPen=n/a;enrichSets=1;enrichActive=7;enrichDecoy=266;enrichAUC=0.628;enrichMargin=-14.656 | case=2ygh-sam-riboswitch;rank=1;top=mode:1;decoys=0;margin=n/a;topRMSD=0.000;bestDecoyRMSD=n/a;contactSpec=n/a;clashPen=n/a;enrichSets=1;enrichActive=3;enrichDecoy=238;enrichAUC=0.821;enrichMargin=-1.032 | case=3b4b-glms-riboswitch;rank=1;top=mode:1;decoys=0;margin=n/a;topRMSD=0.000;bestDecoyRMSD=n/a;contactSpec=n/a;clashPen=n/a;enrichSets=1;enrichActive=4;enrichDecoy=165;enrichAUC=0.750;enrichMargin=0.180 | case=2hoj-tpp-riboswitch;rank=1;top=mode:1;decoys=0;margin=n/a;topRMSD=0.000;bestDecoyRMSD=n/a;contactSpec=n/a;clashPen=n/a;enrichSets=2;enrichActive=14;enrichDecoy=532;enrichAUC=0.714;enrichMargin=0.360 | case=3sd3-thf-riboswitch;rank=1;top=mode:1;decoys=0;margin=n/a;topRMSD=0.000;bestDecoyRMSD=n/a;contactSpec=n/a;clashPen=n/a;enrichSets=0;enrichActive=0;enrichDecoy=0;enrichAUC=n/a;enrichMargin=n/a | case=5dhb-gmp-primer-template;rank=1;top=mode:1;decoys=0;margin=n/a;topRMSD=0.000;bestDecoyRMSD=n/a;contactSpec=n/a;clashPen=n/a;enrichSets=0;enrichActive=0;enrichDecoy=0;enrichAUC=n/a;enrichMargin=n/a | case=6c64-mango-ii-ekm;rank=1;top=mode:1;decoys=0;margin=n/a;topRMSD=0.000;bestDecoyRMSD=n/a;contactSpec=n/a;clashPen=n/a;enrichSets=0;enrichActive=0;enrichDecoy=0;enrichAUC=n/a;enrichMargin=n/a | case=5bjp-corn-dfho;rank=1;top=mode:1;decoys=0;margin=n/a;topRMSD=0.000;bestDecoyRMSD=n/a;contactSpec=n/a;clashPen=n/a;enrichSets=0;enrichActive=0;enrichDecoy=0;enrichAUC=n/a;enrichMargin=n/a | case=6wzs-ztp-riboswitch;rank=1;top=mode:1;decoys=0;margin=n/a;topRMSD=0.000;bestDecoyRMSD=n/a;contactSpec=n/a;clashPen=n/a;enrichSets=0;enrichActive=0;enrichDecoy=0;enrichAUC=n/a;enrichMargin=n/a | case=3irw-c-di-gmp-riboswitch;rank=1;top=mode:1;decoys=0;margin=n/a;topRMSD=0.000;bestDecoyRMSD=n/a;contactSpec=n/a;clashPen=n/a;enrichSets=0;enrichActive=0;enrichDecoy=0;enrichAUC=n/a;enrichMargin=n/a | case=4qlm-c-di-amp-riboswitch;rank=1;top=mode:1;decoys=0;margin=n/a;topRMSD=0.000;bestDecoyRMSD=n/a;contactSpec=n/a;clashPen=n/a;enrichSets=0;enrichActive=0;enrichDecoy=0;enrichAUC=n/a;enrichMargin=n/a | case=3d0u-lysine-riboswitch;rank=1;top=mode:1;decoys=0;margin=n/a;topRMSD=0.000;bestDecoyRMSD=n/a;contactSpec=n/a;clashPen=n/a;enrichSets=0;enrichActive=0;enrichDecoy=0;enrichAUC=n/a;enrichMargin=n/a | case=3oww-glycine-riboswitch;rank=1;top=mode:1;decoys=0;margin=n/a;topRMSD=0.000;bestDecoyRMSD=n/a;contactSpec=n/a;clashPen=n/a;enrichSets=0;enrichActive=0;enrichDecoy=0;enrichAUC=n/a;enrichMargin=n/a
-0.120000,-0.180000,-0.500000,-0.350000,2.990284,0.724,-0.891,8,41,1423,1.000000,4.347428,0.562,0.000,0.000,8.224,26.590268,0.000000,0.000000,2.157895,1.000000,case=t6-thrombin-vina;rank=1;top=mode:1;decoys=0;margin=n/a;topRMSD=0.000;bestDecoyRMSD=n/a;contactSpec=n/a;clashPen=n/a;enrichSets=0;enrichActive=0;enrichDecoy=0;enrichAUC=n/a;enrichMargin=n/a | case=4q9r-spinach-2zy;rank=1;top=mode:1;decoys=10;margin=26.590;topRMSD=0.000;bestDecoyRMSD=8.224;contactSpec=0.000;clashPen=0.000;enrichSets=0;enrichActive=0;enrichDecoy=0;enrichAUC=n/a;enrichMargin=n/a | case=1fmn-fmn-riboswitch;rank=1;top=mode:1;decoys=0;margin=n/a;topRMSD=0.000;bestDecoyRMSD=n/a;contactSpec=n/a;clashPen=n/a;enrichSets=1;enrichActive=1;enrichDecoy=60;enrichAUC=1.000;enrichMargin=9.818 | case=1fmn-fmn-riboswitch-mg;rank=1;top=mode:1;decoys=0;margin=n/a;topRMSD=0.000;bestDecoyRMSD=n/a;contactSpec=n/a;clashPen=n/a;enrichSets=0;enrichActive=0;enrichDecoy=0;enrichAUC=n/a;enrichMargin=n/a | case=2g9c-purine-riboswitch;rank=1;top=mode:1;decoys=0;margin=n/a;topRMSD=0.000;bestDecoyRMSD=n/a;contactSpec=n/a;clashPen=n/a;enrichSets=1;enrichActive=7;enrichDecoy=88;enrichAUC=0.657;enrichMargin=-0.906 | case=4rzd-preq1-riboswitch;rank=1;top=mode:1;decoys=0;margin=n/a;topRMSD=0.000;bestDecoyRMSD=n/a;contactSpec=n/a;clashPen=n/a;enrichSets=1;enrichActive=5;enrichDecoy=74;enrichAUC=0.500;enrichMargin=0.000 | case=2gdi-tpp-riboswitch;rank=1;top=mode:1;decoys=0;margin=n/a;topRMSD=0.000;bestDecoyRMSD=n/a;contactSpec=n/a;clashPen=n/a;enrichSets=1;enrichActive=7;enrichDecoy=266;enrichAUC=0.628;enrichMargin=-14.656 | case=2ygh-sam-riboswitch;rank=1;top=mode:1;decoys=0;margin=n/a;topRMSD=0.000;bestDecoyRMSD=n/a;contactSpec=n/a;clashPen=n/a;enrichSets=1;enrichActive=3;enrichDecoy=238;enrichAUC=0.821;enrichMargin=-1.032 | case=3b4b-glms-riboswitch;rank=1;top=mode:1;decoys=0;margin=n/a;topRMSD=0.000;bestDecoyRMSD=n/a;contactSpec=n/a;clashPen=n/a;enrichSets=1;enrichActive=4;enrichDecoy=165;enrichAUC=0.750;enrichMargin=0.180 | case=2hoj-tpp-riboswitch;rank=1;top=mode:1;decoys=0;margin=n/a;topRMSD=0.000;bestDecoyRMSD=n/a;contactSpec=n/a;clashPen=n/a;enrichSets=2;enrichActive=14;enrichDecoy=532;enrichAUC=0.714;enrichMargin=0.360 | case=3sd3-thf-riboswitch;rank=1;top=mode:1;decoys=0;margin=n/a;topRMSD=0.000;bestDecoyRMSD=n/a;contactSpec=n/a;clashPen=n/a;enrichSets=0;enrichActive=0;enrichDecoy=0;enrichAUC=n/a;enrichMargin=n/a | case=5dhb-gmp-primer-template;rank=1;top=mode:1;decoys=0;margin=n/a;topRMSD=0.000;bestDecoyRMSD=n/a;contactSpec=n/a;clashPen=n/a;enrichSets=0;enrichActive=0;enrichDecoy=0;enrichAUC=n/a;enrichMargin=n/a | case=6c64-mango-ii-ekm;rank=1;top=mode:1;decoys=0;margin=n/a;topRMSD=0.000;bestDecoyRMSD=n/a;contactSpec=n/a;clashPen=n/a;enrichSets=0;enrichActive=0;enrichDecoy=0;enrichAUC=n/a;enrichMargin=n/a | case=5bjp-corn-dfho;rank=1;top=mode:1;decoys=0;margin=n/a;topRMSD=0.000;bestDecoyRMSD=n/a;contactSpec=n/a;clashPen=n/a;enrichSets=0;enrichActive=0;enrichDecoy=0;enrichAUC=n/a;enrichMargin=n/a | case=6wzs-ztp-riboswitch;rank=1;top=mode:1;decoys=0;margin=n/a;topRMSD=0.000;bestDecoyRMSD=n/a;contactSpec=n/a;clashPen=n/a;enrichSets=0;enrichActive=0;enrichDecoy=0;enrichAUC=n/a;enrichMargin=n/a | case=3irw-c-di-gmp-riboswitch;rank=1;top=mode:1;decoys=0;margin=n/a;topRMSD=0.000;bestDecoyRMSD=n/a;contactSpec=n/a;clashPen=n/a;enrichSets=0;enrichActive=0;enrichDecoy=0;enrichAUC=n/a;enrichMargin=n/a | case=4qlm-c-di-amp-riboswitch;rank=1;top=mode:1;decoys=0;margin=n/a;topRMSD=0.000;bestDecoyRMSD=n/a;contactSpec=n/a;clashPen=n/a;enrichSets=0;enrichActive=0;enrichDecoy=0;enrichAUC=n/a;enrichMargin=n/a | case=3d0u-lysine-riboswitch;rank=1;top=mode:1;decoys=0;margin=n/a;topRMSD=0.000;bestDecoyRMSD=n/a;contactSpec=n/a;clashPen=n/a;enrichSets=0;enrichActive=0;enrichDecoy=0;enrichAUC=n/a;enrichMargin=n/a | case=3oww-glycine-riboswitch;rank=1;top=mode:1;decoys=0;margin=n/a;topRMSD=0.000;bestDecoyRMSD=n/a;contactSpec=n/a;clashPen=n/a;enrichSets=0;enrichActive=0;enrichDecoy=0;enrichAUC=n/a;enrichMargin=n/a
-0.080000,-0.180000,-0.500000,-0.100000,2.998189,0.724,-0.897,8,41,1423,1.000000,4.358578,0.562,0.000,0.000,8.224,26.590278,0.000000,0.000000,2.157895,1.000000,case=t6-thrombin-vina;rank=1;top=mode:1;decoys=0;margin=n/a;topRMSD=0.000;bestDecoyRMSD=n/a;contactSpec=n/a;clashPen=n/a;enrichSets=0;enrichActive=0;enrichDecoy=0;enrichAUC=n/a;enrichMargin=n/a | case=4q9r-spinach-2zy;rank=1;top=mode:1;decoys=10;margin=26.590;topRMSD=0.000;bestDecoyRMSD=8.224;contactSpec=0.000;clashPen=0.000;enrichSets=0;enrichActive=0;enrichDecoy=0;enrichAUC=n/a;enrichMargin=n/a | case=1fmn-fmn-riboswitch;rank=1;top=mode:1;decoys=0;margin=n/a;topRMSD=0.000;bestDecoyRMSD=n/a;contactSpec=n/a;clashPen=n/a;enrichSets=1;enrichActive=1;enrichDecoy=60;enrichAUC=1.000;enrichMargin=9.748 | case=1fmn-fmn-riboswitch-mg;rank=1;top=mode:1;decoys=0;margin=n/a;topRMSD=0.000;bestDecoyRMSD=n/a;contactSpec=n/a;clashPen=n/a;enrichSets=0;enrichActive=0;enrichDecoy=0;enrichAUC=n/a;enrichMargin=n/a | case=2g9c-purine-riboswitch;rank=1;top=mode:1;decoys=0;margin=n/a;topRMSD=0.000;bestDecoyRMSD=n/a;contactSpec=n/a;clashPen=n/a;enrichSets=1;enrichActive=7;enrichDecoy=88;enrichAUC=0.656;enrichMargin=-0.906 | case=4rzd-preq1-riboswitch;rank=1;top=mode:1;decoys=0;margin=n/a;topRMSD=0.000;bestDecoyRMSD=n/a;contactSpec=n/a;clashPen=n/a;enrichSets=1;enrichActive=5;enrichDecoy=74;enrichAUC=0.500;enrichMargin=0.000 | case=2gdi-tpp-riboswitch;rank=1;top=mode:1;decoys=0;margin=n/a;topRMSD=0.000;bestDecoyRMSD=n/a;contactSpec=n/a;clashPen=n/a;enrichSets=1;enrichActive=7;enrichDecoy=266;enrichAUC=0.627;enrichMargin=-14.651 | case=2ygh-sam-riboswitch;rank=1;top=mode:1;decoys=0;margin=n/a;topRMSD=0.000;bestDecoyRMSD=n/a;contactSpec=n/a;clashPen=n/a;enrichSets=1;enrichActive=3;enrichDecoy=238;enrichAUC=0.821;enrichMargin=-1.010 | case=3b4b-glms-riboswitch;rank=1;top=mode:1;decoys=0;margin=n/a;topRMSD=0.000;bestDecoyRMSD=n/a;contactSpec=n/a;clashPen=n/a;enrichSets=1;enrichActive=4;enrichDecoy=165;enrichAUC=0.750;enrichMargin=0.180 | case=2hoj-tpp-riboswitch;rank=1;top=mode:1;decoys=0;margin=n/a;topRMSD=0.000;bestDecoyRMSD=n/a;contactSpec=n/a;clashPen=n/a;enrichSets=2;enrichActive=14;enrichDecoy=532;enrichAUC=0.714;enrichMargin=0.360 | case=3sd3-thf-riboswitch;rank=1;top=mode:1;decoys=0;margin=n/a;topRMSD=0.000;bestDecoyRMSD=n/a;contactSpec=n/a;clashPen=n/a;enrichSets=0;enrichActive=0;enrichDecoy=0;enrichAUC=n/a;enrichMargin=n/a | case=5dhb-gmp-primer-template;rank=1;top=mode:1;decoys=0;margin=n/a;topRMSD=0.000;bestDecoyRMSD=n/a;contactSpec=n/a;clashPen=n/a;enrichSets=0;enrichActive=0;enrichDecoy=0;enrichAUC=n/a;enrichMargin=n/a | case=6c64-mango-ii-ekm;rank=1;top=mode:1;decoys=0;margin=n/a;topRMSD=0.000;bestDecoyRMSD=n/a;contactSpec=n/a;clashPen=n/a;enrichSets=0;enrichActive=0;enrichDecoy=0;enrichAUC=n/a;enrichMargin=n/a | case=5bjp-corn-dfho;rank=1;top=mode:1;decoys=0;margin=n/a;topRMSD=0.000;bestDecoyRMSD=n/a;contactSpec=n/a;clashPen=n/a;enrichSets=0;enrichActive=0;enrichDecoy=0;enrichAUC=n/a;enrichMargin=n/a | case=6wzs-ztp-riboswitch;rank=1;top=mode:1;decoys=0;margin=n/a;topRMSD=0.000;bestDecoyRMSD=n/a;contactSpec=n/a;clashPen=n/a;enrichSets=0;enrichActive=0;enrichDecoy=0;enrichAUC=n/a;enrichMargin=n/a | case=3irw-c-di-gmp-riboswitch;rank=1;top=mode:1;decoys=0;margin=n/a;topRMSD=0.000;bestDecoyRMSD=n/a;contactSpec=n/a;clashPen=n/a;enrichSets=0;enrichActive=0;enrichDecoy=0;enrichAUC=n/a;enrichMargin=n/a | case=4qlm-c-di-amp-riboswitch;rank=1;top=mode:1;decoys=0;margin=n/a;topRMSD=0.000;bestDecoyRMSD=n/a;contactSpec=n/a;clashPen=n/a;enrichSets=0;enrichActive=0;enrichDecoy=0;enrichAUC=n/a;enrichMargin=n/a | case=3d0u-lysine-riboswitch;rank=1;top=mode:1;decoys=0;margin=n/a;topRMSD=0.000;bestDecoyRMSD=n/a;contactSpec=n/a;clashPen=n/a;enrichSets=0;enrichActive=0;enrichDecoy=0;enrichAUC=n/a;enrichMargin=n/a | case=3oww-glycine-riboswitch;rank=1;top=mode:1;decoys=0;margin=n/a;topRMSD=0.000;bestDecoyRMSD=n/a;contactSpec=n/a;clashPen=n/a;enrichSets=0;enrichActive=0;enrichDecoy=0;enrichAUC=n/a;enrichMargin=n/a
-0.080000,-0.180000,-0.500000,-0.220000,2.998189,0.724,-0.897,8,41,1423,1.000000,4.358578,0.562,0.000,0.000,8.224,26.590278,0.000000,0.000000,2.157895,1.000000,case=t6-thrombin-vina;rank=1;top=mode:1;decoys=0;margin=n/a;topRMSD=0.000;bestDecoyRMSD=n/a;contactSpec=n/a;clashPen=n/a;enrichSets=0;enrichActive=0;enrichDecoy=0;enrichAUC=n/a;enrichMargin=n/a | case=4q9r-spinach-2zy;rank=1;top=mode:1;decoys=10;margin=26.590;topRMSD=0.000;bestDecoyRMSD=8.224;contactSpec=0.000;clashPen=0.000;enrichSets=0;enrichActive=0;enrichDecoy=0;enrichAUC=n/a;enrichMargin=n/a | case=1fmn-fmn-riboswitch;rank=1;top=mode:1;decoys=0;margin=n/a;topRMSD=0.000;bestDecoyRMSD=n/a;contactSpec=n/a;clashPen=n/a;enrichSets=1;enrichActive=1;enrichDecoy=60;enrichAUC=1.000;enrichMargin=9.748 | case=1fmn-fmn-riboswitch-mg;rank=1;top=mode:1;decoys=0;margin=n/a;topRMSD=0.000;bestDecoyRMSD=n/a;contactSpec=n/a;clashPen=n/a;enrichSets=0;enrichActive=0;enrichDecoy=0;enrichAUC=n/a;enrichMargin=n/a | case=2g9c-purine-riboswitch;rank=1;top=mode:1;decoys=0;margin=n/a;topRMSD=0.000;bestDecoyRMSD=n/a;contactSpec=n/a;clashPen=n/a;enrichSets=1;enrichActive=7;enrichDecoy=88;enrichAUC=0.656;enrichMargin=-0.906 | case=4rzd-preq1-riboswitch;rank=1;top=mode:1;decoys=0;margin=n/a;topRMSD=0.000;bestDecoyRMSD=n/a;contactSpec=n/a;clashPen=n/a;enrichSets=1;enrichActive=5;enrichDecoy=74;enrichAUC=0.500;enrichMargin=0.000 | case=2gdi-tpp-riboswitch;rank=1;top=mode:1;decoys=0;margin=n/a;topRMSD=0.000;bestDecoyRMSD=n/a;contactSpec=n/a;clashPen=n/a;enrichSets=1;enrichActive=7;enrichDecoy=266;enrichAUC=0.627;enrichMargin=-14.651 | case=2ygh-sam-riboswitch;rank=1;top=mode:1;decoys=0;margin=n/a;topRMSD=0.000;bestDecoyRMSD=n/a;contactSpec=n/a;clashPen=n/a;enrichSets=1;enrichActive=3;enrichDecoy=238;enrichAUC=0.821;enrichMargin=-1.010 | case=3b4b-glms-riboswitch;rank=1;top=mode:1;decoys=0;margin=n/a;topRMSD=0.000;bestDecoyRMSD=n/a;contactSpec=n/a;clashPen=n/a;enrichSets=1;enrichActive=4;enrichDecoy=165;enrichAUC=0.750;enrichMargin=0.180 | case=2hoj-tpp-riboswitch;rank=1;top=mode:1;decoys=0;margin=n/a;topRMSD=0.000;bestDecoyRMSD=n/a;contactSpec=n/a;clashPen=n/a;enrichSets=2;enrichActive=14;enrichDecoy=532;enrichAUC=0.714;enrichMargin=0.360 | case=3sd3-thf-riboswitch;rank=1;top=mode:1;decoys=0;margin=n/a;topRMSD=0.000;bestDecoyRMSD=n/a;contactSpec=n/a;clashPen=n/a;enrichSets=0;enrichActive=0;enrichDecoy=0;enrichAUC=n/a;enrichMargin=n/a | case=5dhb-gmp-primer-template;rank=1;top=mode:1;decoys=0;margin=n/a;topRMSD=0.000;bestDecoyRMSD=n/a;contactSpec=n/a;clashPen=n/a;enrichSets=0;enrichActive=0;enrichDecoy=0;enrichAUC=n/a;enrichMargin=n/a | case=6c64-mango-ii-ekm;rank=1;top=mode:1;decoys=0;margin=n/a;topRMSD=0.000;bestDecoyRMSD=n/a;contactSpec=n/a;clashPen=n/a;enrichSets=0;enrichActive=0;enrichDecoy=0;enrichAUC=n/a;enrichMargin=n/a | case=5bjp-corn-dfho;rank=1;top=mode:1;decoys=0;margin=n/a;topRMSD=0.000;bestDecoyRMSD=n/a;contactSpec=n/a;clashPen=n/a;enrichSets=0;enrichActive=0;enrichDecoy=0;enrichAUC=n/a;enrichMargin=n/a | case=6wzs-ztp-riboswitch;rank=1;top=mode:1;decoys=0;margin=n/a;topRMSD=0.000;bestDecoyRMSD=n/a;contactSpec=n/a;clashPen=n/a;enrichSets=0;enrichActive=0;enrichDecoy=0;enrichAUC=n/a;enrichMargin=n/a | case=3irw-c-di-gmp-riboswitch;rank=1;top=mode:1;decoys=0;margin=n/a;topRMSD=0.000;bestDecoyRMSD=n/a;contactSpec=n/a;clashPen=n/a;enrichSets=0;enrichActive=0;enrichDecoy=0;enrichAUC=n/a;enrichMargin=n/a | case=4qlm-c-di-amp-riboswitch;rank=1;top=mode:1;decoys=0;margin=n/a;topRMSD=0.000;bestDecoyRMSD=n/a;contactSpec=n/a;clashPen=n/a;enrichSets=0;enrichActive=0;enrichDecoy=0;enrichAUC=n/a;enrichMargin=n/a | case=3d0u-lysine-riboswitch;rank=1;top=mode:1;decoys=0;margin=n/a;topRMSD=0.000;bestDecoyRMSD=n/a;contactSpec=n/a;clashPen=n/a;enrichSets=0;enrichActive=0;enrichDecoy=0;enrichAUC=n/a;enrichMargin=n/a | case=3oww-glycine-riboswitch;rank=1;top=mode:1;decoys=0;margin=n/a;topRMSD=0.000;bestDecoyRMSD=n/a;contactSpec=n/a;clashPen=n/a;enrichSets=0;enrichActive=0;enrichDecoy=0;enrichAUC=n/a;enrichMargin=n/a
-0.080000,-0.180000,-0.500000,-0.350000,2.998189,0.724,-0.897,8,41,1423,1.000000,4.358578,0.562,0.000,0.000,8.224,26.590278,0.000000,0.000000,2.157895,1.000000,case=t6-thrombin-vina;rank=1;top=mode:1;decoys=0;margin=n/a;topRMSD=0.000;bestDecoyRMSD=n/a;contactSpec=n/a;clashPen=n/a;enrichSets=0;enrichActive=0;enrichDecoy=0;enrichAUC=n/a;enrichMargin=n/a | case=4q9r-spinach-2zy;rank=1;top=mode:1;decoys=10;margin=26.590;topRMSD=0.000;bestDecoyRMSD=8.224;contactSpec=0.000;clashPen=0.000;enrichSets=0;enrichActive=0;enrichDecoy=0;enrichAUC=n/a;enrichMargin=n/a | case=1fmn-fmn-riboswitch;rank=1;top=mode:1;decoys=0;margin=n/a;topRMSD=0.000;bestDecoyRMSD=n/a;contactSpec=n/a;clashPen=n/a;enrichSets=1;enrichActive=1;enrichDecoy=60;enrichAUC=1.000;enrichMargin=9.748 | case=1fmn-fmn-riboswitch-mg;rank=1;top=mode:1;decoys=0;margin=n/a;topRMSD=0.000;bestDecoyRMSD=n/a;contactSpec=n/a;clashPen=n/a;enrichSets=0;enrichActive=0;enrichDecoy=0;enrichAUC=n/a;enrichMargin=n/a | case=2g9c-purine-riboswitch;rank=1;top=mode:1;decoys=0;margin=n/a;topRMSD=0.000;bestDecoyRMSD=n/a;contactSpec=n/a;clashPen=n/a;enrichSets=1;enrichActive=7;enrichDecoy=88;enrichAUC=0.656;enrichMargin=-0.906 | case=4rzd-preq1-riboswitch;rank=1;top=mode:1;decoys=0;margin=n/a;topRMSD=0.000;bestDecoyRMSD=n/a;contactSpec=n/a;clashPen=n/a;enrichSets=1;enrichActive=5;enrichDecoy=74;enrichAUC=0.500;enrichMargin=0.000 | case=2gdi-tpp-riboswitch;rank=1;top=mode:1;decoys=0;margin=n/a;topRMSD=0.000;bestDecoyRMSD=n/a;contactSpec=n/a;clashPen=n/a;enrichSets=1;enrichActive=7;enrichDecoy=266;enrichAUC=0.627;enrichMargin=-14.651 | case=2ygh-sam-riboswitch;rank=1;top=mode:1;decoys=0;margin=n/a;topRMSD=0.000;bestDecoyRMSD=n/a;contactSpec=n/a;clashPen=n/a;enrichSets=1;enrichActive=3;enrichDecoy=238;enrichAUC=0.821;enrichMargin=-1.010 | case=3b4b-glms-riboswitch;rank=1;top=mode:1;decoys=0;margin=n/a;topRMSD=0.000;bestDecoyRMSD=n/a;contactSpec=n/a;clashPen=n/a;enrichSets=1;enrichActive=4;enrichDecoy=165;enrichAUC=0.750;enrichMargin=0.180 | case=2hoj-tpp-riboswitch;rank=1;top=mode:1;decoys=0;margin=n/a;topRMSD=0.000;bestDecoyRMSD=n/a;contactSpec=n/a;clashPen=n/a;enrichSets=2;enrichActive=14;enrichDecoy=532;enrichAUC=0.714;enrichMargin=0.360 | case=3sd3-thf-riboswitch;rank=1;top=mode:1;decoys=0;margin=n/a;topRMSD=0.000;bestDecoyRMSD=n/a;contactSpec=n/a;clashPen=n/a;enrichSets=0;enrichActive=0;enrichDecoy=0;enrichAUC=n/a;enrichMargin=n/a | case=5dhb-gmp-primer-template;rank=1;top=mode:1;decoys=0;margin=n/a;topRMSD=0.000;bestDecoyRMSD=n/a;contactSpec=n/a;clashPen=n/a;enrichSets=0;enrichActive=0;enrichDecoy=0;enrichAUC=n/a;enrichMargin=n/a | case=6c64-mango-ii-ekm;rank=1;top=mode:1;decoys=0;margin=n/a;topRMSD=0.000;bestDecoyRMSD=n/a;contactSpec=n/a;clashPen=n/a;enrichSets=0;enrichActive=0;enrichDecoy=0;enrichAUC=n/a;enrichMargin=n/a | case=5bjp-corn-dfho;rank=1;top=mode:1;decoys=0;margin=n/a;topRMSD=0.000;bestDecoyRMSD=n/a;contactSpec=n/a;clashPen=n/a;enrichSets=0;enrichActive=0;enrichDecoy=0;enrichAUC=n/a;enrichMargin=n/a | case=6wzs-ztp-riboswitch;rank=1;top=mode:1;decoys=0;margin=n/a;topRMSD=0.000;bestDecoyRMSD=n/a;contactSpec=n/a;clashPen=n/a;enrichSets=0;enrichActive=0;enrichDecoy=0;enrichAUC=n/a;enrichMargin=n/a | case=3irw-c-di-gmp-riboswitch;rank=1;top=mode:1;decoys=0;margin=n/a;topRMSD=0.000;bestDecoyRMSD=n/a;contactSpec=n/a;clashPen=n/a;enrichSets=0;enrichActive=0;enrichDecoy=0;enrichAUC=n/a;enrichMargin=n/a | case=4qlm-c-di-amp-riboswitch;rank=1;top=mode:1;decoys=0;margin=n/a;topRMSD=0.000;bestDecoyRMSD=n/a;contactSpec=n/a;clashPen=n/a;enrichSets=0;enrichActive=0;enrichDecoy=0;enrichAUC=n/a;enrichMargin=n/a | case=3d0u-lysine-riboswitch;rank=1;top=mode:1;decoys=0;margin=n/a;topRMSD=0.000;bestDecoyRMSD=n/a;contactSpec=n/a;clashPen=n/a;enrichSets=0;enrichActive=0;enrichDecoy=0;enrichAUC=n/a;enrichMargin=n/a | case=3oww-glycine-riboswitch;rank=1;top=mode:1;decoys=0;margin=n/a;topRMSD=0.000;bestDecoyRMSD=n/a;contactSpec=n/a;clashPen=n/a;enrichSets=0;enrichActive=0;enrichDecoy=0;enrichAUC=n/a;enrichMargin=n/a
-0.320000,-0.180000,-0.350000,-0.100000,2.999392,0.725,-0.894,8,41,1423,1.000000,4.377210,0.562,0.000,0.000,8.224,26.605320,0.000000,0.000000,2.157895,1.000000,case=t6-thrombin-vina;rank=1;top=mode:1;decoys=0;margin=n/a;topRMSD=0.000;bestDecoyRMSD=n/a;contactSpec=n/a;clashPen=n/a;enrichSets=0;enrichActive=0;enrichDecoy=0;enrichAUC=n/a;enrichMargin=n/a | case=4q9r-spinach-2zy;rank=1;top=mode:1;decoys=10;margin=26.605;topRMSD=0.000;bestDecoyRMSD=8.224;contactSpec=0.000;clashPen=0.000;enrichSets=0;enrichActive=0;enrichDecoy=0;enrichAUC=n/a;enrichMargin=n/a | case=1fmn-fmn-riboswitch;rank=1;top=mode:1;decoys=0;margin=n/a;topRMSD=0.000;bestDecoyRMSD=n/a;contactSpec=n/a;clashPen=n/a;enrichSets=1;enrichActive=1;enrichDecoy=60;enrichAUC=1.000;enrichMargin=9.953 | case=1fmn-fmn-riboswitch-mg;rank=1;top=mode:1;decoys=0;margin=n/a;topRMSD=0.000;bestDecoyRMSD=n/a;contactSpec=n/a;clashPen=n/a;enrichSets=0;enrichActive=0;enrichDecoy=0;enrichAUC=n/a;enrichMargin=n/a | case=2g9c-purine-riboswitch;rank=1;top=mode:1;decoys=0;margin=n/a;topRMSD=0.000;bestDecoyRMSD=n/a;contactSpec=n/a;clashPen=n/a;enrichSets=1;enrichActive=7;enrichDecoy=88;enrichAUC=0.661;enrichMargin=-0.905 | case=4rzd-preq1-riboswitch;rank=1;top=mode:1;decoys=0;margin=n/a;topRMSD=0.000;bestDecoyRMSD=n/a;contactSpec=n/a;clashPen=n/a;enrichSets=1;enrichActive=5;enrichDecoy=74;enrichAUC=0.500;enrichMargin=0.000 | case=2gdi-tpp-riboswitch;rank=1;top=mode:1;decoys=0;margin=n/a;topRMSD=0.000;bestDecoyRMSD=n/a;contactSpec=n/a;clashPen=n/a;enrichSets=1;enrichActive=7;enrichDecoy=266;enrichAUC=0.632;enrichMargin=-14.684 | case=2ygh-sam-riboswitch;rank=1;top=mode:1;decoys=0;margin=n/a;topRMSD=0.000;bestDecoyRMSD=n/a;contactSpec=n/a;clashPen=n/a;enrichSets=1;enrichActive=3;enrichDecoy=238;enrichAUC=0.819;enrichMargin=-1.165 | case=3b4b-glms-riboswitch;rank=1;top=mode:1;decoys=0;margin=n/a;topRMSD=0.000;bestDecoyRMSD=n/a;contactSpec=n/a;clashPen=n/a;enrichSets=1;enrichActive=4;enrichDecoy=165;enrichAUC=0.750;enrichMargin=0.180 | case=2hoj-tpp-riboswitch;rank=1;top=mode:1;decoys=0;margin=n/a;topRMSD=0.000;bestDecoyRMSD=n/a;contactSpec=n/a;clashPen=n/a;enrichSets=2;enrichActive=14;enrichDecoy=532;enrichAUC=0.714;enrichMargin=0.360 | case=3sd3-thf-riboswitch;rank=1;top=mode:1;decoys=0;margin=n/a;topRMSD=0.000;bestDecoyRMSD=n/a;contactSpec=n/a;clashPen=n/a;enrichSets=0;enrichActive=0;enrichDecoy=0;enrichAUC=n/a;enrichMargin=n/a | case=5dhb-gmp-primer-template;rank=1;top=mode:1;decoys=0;margin=n/a;topRMSD=0.000;bestDecoyRMSD=n/a;contactSpec=n/a;clashPen=n/a;enrichSets=0;enrichActive=0;enrichDecoy=0;enrichAUC=n/a;enrichMargin=n/a | case=6c64-mango-ii-ekm;rank=1;top=mode:1;decoys=0;margin=n/a;topRMSD=0.000;bestDecoyRMSD=n/a;contactSpec=n/a;clashPen=n/a;enrichSets=0;enrichActive=0;enrichDecoy=0;enrichAUC=n/a;enrichMargin=n/a | case=5bjp-corn-dfho;rank=1;top=mode:1;decoys=0;margin=n/a;topRMSD=0.000;bestDecoyRMSD=n/a;contactSpec=n/a;clashPen=n/a;enrichSets=0;enrichActive=0;enrichDecoy=0;enrichAUC=n/a;enrichMargin=n/a | case=6wzs-ztp-riboswitch;rank=1;top=mode:1;decoys=0;margin=n/a;topRMSD=0.000;bestDecoyRMSD=n/a;contactSpec=n/a;clashPen=n/a;enrichSets=0;enrichActive=0;enrichDecoy=0;enrichAUC=n/a;enrichMargin=n/a | case=3irw-c-di-gmp-riboswitch;rank=1;top=mode:1;decoys=0;margin=n/a;topRMSD=0.000;bestDecoyRMSD=n/a;contactSpec=n/a;clashPen=n/a;enrichSets=0;enrichActive=0;enrichDecoy=0;enrichAUC=n/a;enrichMargin=n/a | case=4qlm-c-di-amp-riboswitch;rank=1;top=mode:1;decoys=0;margin=n/a;topRMSD=0.000;bestDecoyRMSD=n/a;contactSpec=n/a;clashPen=n/a;enrichSets=0;enrichActive=0;enrichDecoy=0;enrichAUC=n/a;enrichMargin=n/a | case=3d0u-lysine-riboswitch;rank=1;top=mode:1;decoys=0;margin=n/a;topRMSD=0.000;bestDecoyRMSD=n/a;contactSpec=n/a;clashPen=n/a;enrichSets=0;enrichActive=0;enrichDecoy=0;enrichAUC=n/a;enrichMargin=n/a | case=3oww-glycine-riboswitch;rank=1;top=mode:1;decoys=0;margin=n/a;topRMSD=0.000;bestDecoyRMSD=n/a;contactSpec=n/a;clashPen=n/a;enrichSets=0;enrichActive=0;enrichDecoy=0;enrichAUC=n/a;enrichMargin=n/a
-0.320000,-0.180000,-0.350000,-0.220000,2.999392,0.725,-0.894,8,41,1423,1.000000,4.377210,0.562,0.000,0.000,8.224,26.605320,0.000000,0.000000,2.157895,1.000000,case=t6-thrombin-vina;rank=1;top=mode:1;decoys=0;margin=n/a;topRMSD=0.000;bestDecoyRMSD=n/a;contactSpec=n/a;clashPen=n/a;enrichSets=0;enrichActive=0;enrichDecoy=0;enrichAUC=n/a;enrichMargin=n/a | case=4q9r-spinach-2zy;rank=1;top=mode:1;decoys=10;margin=26.605;topRMSD=0.000;bestDecoyRMSD=8.224;contactSpec=0.000;clashPen=0.000;enrichSets=0;enrichActive=0;enrichDecoy=0;enrichAUC=n/a;enrichMargin=n/a | case=1fmn-fmn-riboswitch;rank=1;top=mode:1;decoys=0;margin=n/a;topRMSD=0.000;bestDecoyRMSD=n/a;contactSpec=n/a;clashPen=n/a;enrichSets=1;enrichActive=1;enrichDecoy=60;enrichAUC=1.000;enrichMargin=9.953 | case=1fmn-fmn-riboswitch-mg;rank=1;top=mode:1;decoys=0;margin=n/a;topRMSD=0.000;bestDecoyRMSD=n/a;contactSpec=n/a;clashPen=n/a;enrichSets=0;enrichActive=0;enrichDecoy=0;enrichAUC=n/a;enrichMargin=n/a | case=2g9c-purine-riboswitch;rank=1;top=mode:1;decoys=0;margin=n/a;topRMSD=0.000;bestDecoyRMSD=n/a;contactSpec=n/a;clashPen=n/a;enrichSets=1;enrichActive=7;enrichDecoy=88;enrichAUC=0.661;enrichMargin=-0.905 | case=4rzd-preq1-riboswitch;rank=1;top=mode:1;decoys=0;margin=n/a;topRMSD=0.000;bestDecoyRMSD=n/a;contactSpec=n/a;clashPen=n/a;enrichSets=1;enrichActive=5;enrichDecoy=74;enrichAUC=0.500;enrichMargin=0.000 | case=2gdi-tpp-riboswitch;rank=1;top=mode:1;decoys=0;margin=n/a;topRMSD=0.000;bestDecoyRMSD=n/a;contactSpec=n/a;clashPen=n/a;enrichSets=1;enrichActive=7;enrichDecoy=266;enrichAUC=0.632;enrichMargin=-14.684 | case=2ygh-sam-riboswitch;rank=1;top=mode:1;decoys=0;margin=n/a;topRMSD=0.000;bestDecoyRMSD=n/a;contactSpec=n/a;clashPen=n/a;enrichSets=1;enrichActive=3;enrichDecoy=238;enrichAUC=0.819;enrichMargin=-1.165 | case=3b4b-glms-riboswitch;rank=1;top=mode:1;decoys=0;margin=n/a;topRMSD=0.000;bestDecoyRMSD=n/a;contactSpec=n/a;clashPen=n/a;enrichSets=1;enrichActive=4;enrichDecoy=165;enrichAUC=0.750;enrichMargin=0.180 | case=2hoj-tpp-riboswitch;rank=1;top=mode:1;decoys=0;margin=n/a;topRMSD=0.000;bestDecoyRMSD=n/a;contactSpec=n/a;clashPen=n/a;enrichSets=2;enrichActive=14;enrichDecoy=532;enrichAUC=0.714;enrichMargin=0.360 | case=3sd3-thf-riboswitch;rank=1;top=mode:1;decoys=0;margin=n/a;topRMSD=0.000;bestDecoyRMSD=n/a;contactSpec=n/a;clashPen=n/a;enrichSets=0;enrichActive=0;enrichDecoy=0;enrichAUC=n/a;enrichMargin=n/a | case=5dhb-gmp-primer-template;rank=1;top=mode:1;decoys=0;margin=n/a;topRMSD=0.000;bestDecoyRMSD=n/a;contactSpec=n/a;clashPen=n/a;enrichSets=0;enrichActive=0;enrichDecoy=0;enrichAUC=n/a;enrichMargin=n/a | case=6c64-mango-ii-ekm;rank=1;top=mode:1;decoys=0;margin=n/a;topRMSD=0.000;bestDecoyRMSD=n/a;contactSpec=n/a;clashPen=n/a;enrichSets=0;enrichActive=0;enrichDecoy=0;enrichAUC=n/a;enrichMargin=n/a | case=5bjp-corn-dfho;rank=1;top=mode:1;decoys=0;margin=n/a;topRMSD=0.000;bestDecoyRMSD=n/a;contactSpec=n/a;clashPen=n/a;enrichSets=0;enrichActive=0;enrichDecoy=0;enrichAUC=n/a;enrichMargin=n/a | case=6wzs-ztp-riboswitch;rank=1;top=mode:1;decoys=0;margin=n/a;topRMSD=0.000;bestDecoyRMSD=n/a;contactSpec=n/a;clashPen=n/a;enrichSets=0;enrichActive=0;enrichDecoy=0;enrichAUC=n/a;enrichMargin=n/a | case=3irw-c-di-gmp-riboswitch;rank=1;top=mode:1;decoys=0;margin=n/a;topRMSD=0.000;bestDecoyRMSD=n/a;contactSpec=n/a;clashPen=n/a;enrichSets=0;enrichActive=0;enrichDecoy=0;enrichAUC=n/a;enrichMargin=n/a | case=4qlm-c-di-amp-riboswitch;rank=1;top=mode:1;decoys=0;margin=n/a;topRMSD=0.000;bestDecoyRMSD=n/a;contactSpec=n/a;clashPen=n/a;enrichSets=0;enrichActive=0;enrichDecoy=0;enrichAUC=n/a;enrichMargin=n/a | case=3d0u-lysine-riboswitch;rank=1;top=mode:1;decoys=0;margin=n/a;topRMSD=0.000;bestDecoyRMSD=n/a;contactSpec=n/a;clashPen=n/a;enrichSets=0;enrichActive=0;enrichDecoy=0;enrichAUC=n/a;enrichMargin=n/a | case=3oww-glycine-riboswitch;rank=1;top=mode:1;decoys=0;margin=n/a;topRMSD=0.000;bestDecoyRMSD=n/a;contactSpec=n/a;clashPen=n/a;enrichSets=0;enrichActive=0;enrichDecoy=0;enrichAUC=n/a;enrichMargin=n/a
-0.320000,-0.180000,-0.350000,-0.350000,2.999392,0.725,-0.894,8,41,1423,1.000000,4.377210,0.562,0.000,0.000,8.224,26.605320,0.000000,0.000000,2.157895,1.000000,case=t6-thrombin-vina;rank=1;top=mode:1;decoys=0;margin=n/a;topRMSD=0.000;bestDecoyRMSD=n/a;contactSpec=n/a;clashPen=n/a;enrichSets=0;enrichActive=0;enrichDecoy=0;enrichAUC=n/a;enrichMargin=n/a | case=4q9r-spinach-2zy;rank=1;top=mode:1;decoys=10;margin=26.605;topRMSD=0.000;bestDecoyRMSD=8.224;contactSpec=0.000;clashPen=0.000;enrichSets=0;enrichActive=0;enrichDecoy=0;enrichAUC=n/a;enrichMargin=n/a | case=1fmn-fmn-riboswitch;rank=1;top=mode:1;decoys=0;margin=n/a;topRMSD=0.000;bestDecoyRMSD=n/a;contactSpec=n/a;clashPen=n/a;enrichSets=1;enrichActive=1;enrichDecoy=60;enrichAUC=1.000;enrichMargin=9.953 | case=1fmn-fmn-riboswitch-mg;rank=1;top=mode:1;decoys=0;margin=n/a;topRMSD=0.000;bestDecoyRMSD=n/a;contactSpec=n/a;clashPen=n/a;enrichSets=0;enrichActive=0;enrichDecoy=0;enrichAUC=n/a;enrichMargin=n/a | case=2g9c-purine-riboswitch;rank=1;top=mode:1;decoys=0;margin=n/a;topRMSD=0.000;bestDecoyRMSD=n/a;contactSpec=n/a;clashPen=n/a;enrichSets=1;enrichActive=7;enrichDecoy=88;enrichAUC=0.661;enrichMargin=-0.905 | case=4rzd-preq1-riboswitch;rank=1;top=mode:1;decoys=0;margin=n/a;topRMSD=0.000;bestDecoyRMSD=n/a;contactSpec=n/a;clashPen=n/a;enrichSets=1;enrichActive=5;enrichDecoy=74;enrichAUC=0.500;enrichMargin=0.000 | case=2gdi-tpp-riboswitch;rank=1;top=mode:1;decoys=0;margin=n/a;topRMSD=0.000;bestDecoyRMSD=n/a;contactSpec=n/a;clashPen=n/a;enrichSets=1;enrichActive=7;enrichDecoy=266;enrichAUC=0.632;enrichMargin=-14.684 | case=2ygh-sam-riboswitch;rank=1;top=mode:1;decoys=0;margin=n/a;topRMSD=0.000;bestDecoyRMSD=n/a;contactSpec=n/a;clashPen=n/a;enrichSets=1;enrichActive=3;enrichDecoy=238;enrichAUC=0.819;enrichMargin=-1.165 | case=3b4b-glms-riboswitch;rank=1;top=mode:1;decoys=0;margin=n/a;topRMSD=0.000;bestDecoyRMSD=n/a;contactSpec=n/a;clashPen=n/a;enrichSets=1;enrichActive=4;enrichDecoy=165;enrichAUC=0.750;enrichMargin=0.180 | case=2hoj-tpp-riboswitch;rank=1;top=mode:1;decoys=0;margin=n/a;topRMSD=0.000;bestDecoyRMSD=n/a;contactSpec=n/a;clashPen=n/a;enrichSets=2;enrichActive=14;enrichDecoy=532;enrichAUC=0.714;enrichMargin=0.360 | case=3sd3-thf-riboswitch;rank=1;top=mode:1;decoys=0;margin=n/a;topRMSD=0.000;bestDecoyRMSD=n/a;contactSpec=n/a;clashPen=n/a;enrichSets=0;enrichActive=0;enrichDecoy=0;enrichAUC=n/a;enrichMargin=n/a | case=5dhb-gmp-primer-template;rank=1;top=mode:1;decoys=0;margin=n/a;topRMSD=0.000;bestDecoyRMSD=n/a;contactSpec=n/a;clashPen=n/a;enrichSets=0;enrichActive=0;enrichDecoy=0;enrichAUC=n/a;enrichMargin=n/a | case=6c64-mango-ii-ekm;rank=1;top=mode:1;decoys=0;margin=n/a;topRMSD=0.000;bestDecoyRMSD=n/a;contactSpec=n/a;clashPen=n/a;enrichSets=0;enrichActive=0;enrichDecoy=0;enrichAUC=n/a;enrichMargin=n/a | case=5bjp-corn-dfho;rank=1;top=mode:1;decoys=0;margin=n/a;topRMSD=0.000;bestDecoyRMSD=n/a;contactSpec=n/a;clashPen=n/a;enrichSets=0;enrichActive=0;enrichDecoy=0;enrichAUC=n/a;enrichMargin=n/a | case=6wzs-ztp-riboswitch;rank=1;top=mode:1;decoys=0;margin=n/a;topRMSD=0.000;bestDecoyRMSD=n/a;contactSpec=n/a;clashPen=n/a;enrichSets=0;enrichActive=0;enrichDecoy=0;enrichAUC=n/a;enrichMargin=n/a | case=3irw-c-di-gmp-riboswitch;rank=1;top=mode:1;decoys=0;margin=n/a;topRMSD=0.000;bestDecoyRMSD=n/a;contactSpec=n/a;clashPen=n/a;enrichSets=0;enrichActive=0;enrichDecoy=0;enrichAUC=n/a;enrichMargin=n/a | case=4qlm-c-di-amp-riboswitch;rank=1;top=mode:1;decoys=0;margin=n/a;topRMSD=0.000;bestDecoyRMSD=n/a;contactSpec=n/a;clashPen=n/a;enrichSets=0;enrichActive=0;enrichDecoy=0;enrichAUC=n/a;enrichMargin=n/a | case=3d0u-lysine-riboswitch;rank=1;top=mode:1;decoys=0;margin=n/a;topRMSD=0.000;bestDecoyRMSD=n/a;contactSpec=n/a;clashPen=n/a;enrichSets=0;enrichActive=0;enrichDecoy=0;enrichAUC=n/a;enrichMargin=n/a | case=3oww-glycine-riboswitch;rank=1;top=mode:1;decoys=0;margin=n/a;topRMSD=0.000;bestDecoyRMSD=n/a;contactSpec=n/a;clashPen=n/a;enrichSets=0;enrichActive=0;enrichDecoy=0;enrichAUC=n/a;enrichMargin=n/a
-0.240000,-0.180000,-0.350000,-0.100000,3.012246,0.725,-0.903,8,41,1423,1.000000,4.399510,0.562,0.000,0.000,8.224,26.605340,0.000000,0.000000,2.157895,1.000000,case=t6-thrombin-vina;rank=1;top=mode:1;decoys=0;margin=n/a;topRMSD=0.000;bestDecoyRMSD=n/a;contactSpec=n/a;clashPen=n/a;enrichSets=0;enrichActive=0;enrichDecoy=0;enrichAUC=n/a;enrichMargin=n/a | case=4q9r-spinach-2zy;rank=1;top=mode:1;decoys=10;margin=26.605;topRMSD=0.000;bestDecoyRMSD=8.224;contactSpec=0.000;clashPen=0.000;enrichSets=0;enrichActive=0;enrichDecoy=0;enrichAUC=n/a;enrichMargin=n/a | case=1fmn-fmn-riboswitch;rank=1;top=mode:1;decoys=0;margin=n/a;topRMSD=0.000;bestDecoyRMSD=n/a;contactSpec=n/a;clashPen=n/a;enrichSets=1;enrichActive=1;enrichDecoy=60;enrichAUC=1.000;enrichMargin=9.814 | case=1fmn-fmn-riboswitch-mg;rank=1;top=mode:1;decoys=0;margin=n/a;topRMSD=0.000;bestDecoyRMSD=n/a;contactSpec=n/a;clashPen=n/a;enrichSets=0;enrichActive=0;enrichDecoy=0;enrichAUC=n/a;enrichMargin=n/a | case=2g9c-purine-riboswitch;rank=1;top=mode:1;decoys=0;margin=n/a;topRMSD=0.000;bestDecoyRMSD=n/a;contactSpec=n/a;clashPen=n/a;enrichSets=1;enrichActive=7;enrichDecoy=88;enrichAUC=0.659;enrichMargin=-0.905 | case=4rzd-preq1-riboswitch;rank=1;top=mode:1;decoys=0;margin=n/a;topRMSD=0.000;bestDecoyRMSD=n/a;contactSpec=n/a;clashPen=n/a;enrichSets=1;enrichActive=5;enrichDecoy=74;enrichAUC=0.500;enrichMargin=0.000 | case=2gdi-tpp-riboswitch;rank=1;top=mode:1;decoys=0;margin=n/a;topRMSD=0.000;bestDecoyRMSD=n/a;contactSpec=n/a;clashPen=n/a;enrichSets=1;enrichActive=7;enrichDecoy=266;enrichAUC=0.630;enrichMargin=-14.673 | case=2ygh-sam-riboswitch;rank=1;top=mode:1;decoys=0;margin=n/a;topRMSD=0.000;bestDecoyRMSD=n/a;contactSpec=n/a;clashPen=n/a;enrichSets=1;enrichActive=3;enrichDecoy=238;enrichAUC=0.819;enrichMargin=-1.098 | case=3b4b-glms-riboswitch;rank=1;top=mode:1;decoys=0;margin=n/a;topRMSD=0.000;bestDecoyRMSD=n/a;contactSpec=n/a;clashPen=n/a;enrichSets=1;enrichActive=4;enrichDecoy=165;enrichAUC=0.750;enrichMargin=0.180 | case=2hoj-tpp-riboswitch;rank=1;top=mode:1;decoys=0;margin=n/a;topRMSD=0.000;bestDecoyRMSD=n/a;contactSpec=n/a;clashPen=n/a;enrichSets=2;enrichActive=14;enrichDecoy=532;enrichAUC=0.714;enrichMargin=0.360 | case=3sd3-thf-riboswitch;rank=1;top=mode:1;decoys=0;margin=n/a;topRMSD=0.000;bestDecoyRMSD=n/a;contactSpec=n/a;clashPen=n/a;enrichSets=0;enrichActive=0;enrichDecoy=0;enrichAUC=n/a;enrichMargin=n/a | case=5dhb-gmp-primer-template;rank=1;top=mode:1;decoys=0;margin=n/a;topRMSD=0.000;bestDecoyRMSD=n/a;contactSpec=n/a;clashPen=n/a;enrichSets=0;enrichActive=0;enrichDecoy=0;enrichAUC=n/a;enrichMargin=n/a | case=6c64-mango-ii-ekm;rank=1;top=mode:1;decoys=0;margin=n/a;topRMSD=0.000;bestDecoyRMSD=n/a;contactSpec=n/a;clashPen=n/a;enrichSets=0;enrichActive=0;enrichDecoy=0;enrichAUC=n/a;enrichMargin=n/a | case=5bjp-corn-dfho;rank=1;top=mode:1;decoys=0;margin=n/a;topRMSD=0.000;bestDecoyRMSD=n/a;contactSpec=n/a;clashPen=n/a;enrichSets=0;enrichActive=0;enrichDecoy=0;enrichAUC=n/a;enrichMargin=n/a | case=6wzs-ztp-riboswitch;rank=1;top=mode:1;decoys=0;margin=n/a;topRMSD=0.000;bestDecoyRMSD=n/a;contactSpec=n/a;clashPen=n/a;enrichSets=0;enrichActive=0;enrichDecoy=0;enrichAUC=n/a;enrichMargin=n/a | case=3irw-c-di-gmp-riboswitch;rank=1;top=mode:1;decoys=0;margin=n/a;topRMSD=0.000;bestDecoyRMSD=n/a;contactSpec=n/a;clashPen=n/a;enrichSets=0;enrichActive=0;enrichDecoy=0;enrichAUC=n/a;enrichMargin=n/a | case=4qlm-c-di-amp-riboswitch;rank=1;top=mode:1;decoys=0;margin=n/a;topRMSD=0.000;bestDecoyRMSD=n/a;contactSpec=n/a;clashPen=n/a;enrichSets=0;enrichActive=0;enrichDecoy=0;enrichAUC=n/a;enrichMargin=n/a | case=3d0u-lysine-riboswitch;rank=1;top=mode:1;decoys=0;margin=n/a;topRMSD=0.000;bestDecoyRMSD=n/a;contactSpec=n/a;clashPen=n/a;enrichSets=0;enrichActive=0;enrichDecoy=0;enrichAUC=n/a;enrichMargin=n/a | case=3oww-glycine-riboswitch;rank=1;top=mode:1;decoys=0;margin=n/a;topRMSD=0.000;bestDecoyRMSD=n/a;contactSpec=n/a;clashPen=n/a;enrichSets=0;enrichActive=0;enrichDecoy=0;enrichAUC=n/a;enrichMargin=n/a
-0.240000,-0.180000,-0.350000,-0.220000,3.012246,0.725,-0.903,8,41,1423,1.000000,4.399510,0.562,0.000,0.000,8.224,26.605340,0.000000,0.000000,2.157895,1.000000,case=t6-thrombin-vina;rank=1;top=mode:1;decoys=0;margin=n/a;topRMSD=0.000;bestDecoyRMSD=n/a;contactSpec=n/a;clashPen=n/a;enrichSets=0;enrichActive=0;enrichDecoy=0;enrichAUC=n/a;enrichMargin=n/a | case=4q9r-spinach-2zy;rank=1;top=mode:1;decoys=10;margin=26.605;topRMSD=0.000;bestDecoyRMSD=8.224;contactSpec=0.000;clashPen=0.000;enrichSets=0;enrichActive=0;enrichDecoy=0;enrichAUC=n/a;enrichMargin=n/a | case=1fmn-fmn-riboswitch;rank=1;top=mode:1;decoys=0;margin=n/a;topRMSD=0.000;bestDecoyRMSD=n/a;contactSpec=n/a;clashPen=n/a;enrichSets=1;enrichActive=1;enrichDecoy=60;enrichAUC=1.000;enrichMargin=9.814 | case=1fmn-fmn-riboswitch-mg;rank=1;top=mode:1;decoys=0;margin=n/a;topRMSD=0.000;bestDecoyRMSD=n/a;contactSpec=n/a;clashPen=n/a;enrichSets=0;enrichActive=0;enrichDecoy=0;enrichAUC=n/a;enrichMargin=n/a | case=2g9c-purine-riboswitch;rank=1;top=mode:1;decoys=0;margin=n/a;topRMSD=0.000;bestDecoyRMSD=n/a;contactSpec=n/a;clashPen=n/a;enrichSets=1;enrichActive=7;enrichDecoy=88;enrichAUC=0.659;enrichMargin=-0.905 | case=4rzd-preq1-riboswitch;rank=1;top=mode:1;decoys=0;margin=n/a;topRMSD=0.000;bestDecoyRMSD=n/a;contactSpec=n/a;clashPen=n/a;enrichSets=1;enrichActive=5;enrichDecoy=74;enrichAUC=0.500;enrichMargin=0.000 | case=2gdi-tpp-riboswitch;rank=1;top=mode:1;decoys=0;margin=n/a;topRMSD=0.000;bestDecoyRMSD=n/a;contactSpec=n/a;clashPen=n/a;enrichSets=1;enrichActive=7;enrichDecoy=266;enrichAUC=0.630;enrichMargin=-14.673 | case=2ygh-sam-riboswitch;rank=1;top=mode:1;decoys=0;margin=n/a;topRMSD=0.000;bestDecoyRMSD=n/a;contactSpec=n/a;clashPen=n/a;enrichSets=1;enrichActive=3;enrichDecoy=238;enrichAUC=0.819;enrichMargin=-1.098 | case=3b4b-glms-riboswitch;rank=1;top=mode:1;decoys=0;margin=n/a;topRMSD=0.000;bestDecoyRMSD=n/a;contactSpec=n/a;clashPen=n/a;enrichSets=1;enrichActive=4;enrichDecoy=165;enrichAUC=0.750;enrichMargin=0.180 | case=2hoj-tpp-riboswitch;rank=1;top=mode:1;decoys=0;margin=n/a;topRMSD=0.000;bestDecoyRMSD=n/a;contactSpec=n/a;clashPen=n/a;enrichSets=2;enrichActive=14;enrichDecoy=532;enrichAUC=0.714;enrichMargin=0.360 | case=3sd3-thf-riboswitch;rank=1;top=mode:1;decoys=0;margin=n/a;topRMSD=0.000;bestDecoyRMSD=n/a;contactSpec=n/a;clashPen=n/a;enrichSets=0;enrichActive=0;enrichDecoy=0;enrichAUC=n/a;enrichMargin=n/a | case=5dhb-gmp-primer-template;rank=1;top=mode:1;decoys=0;margin=n/a;topRMSD=0.000;bestDecoyRMSD=n/a;contactSpec=n/a;clashPen=n/a;enrichSets=0;enrichActive=0;enrichDecoy=0;enrichAUC=n/a;enrichMargin=n/a | case=6c64-mango-ii-ekm;rank=1;top=mode:1;decoys=0;margin=n/a;topRMSD=0.000;bestDecoyRMSD=n/a;contactSpec=n/a;clashPen=n/a;enrichSets=0;enrichActive=0;enrichDecoy=0;enrichAUC=n/a;enrichMargin=n/a | case=5bjp-corn-dfho;rank=1;top=mode:1;decoys=0;margin=n/a;topRMSD=0.000;bestDecoyRMSD=n/a;contactSpec=n/a;clashPen=n/a;enrichSets=0;enrichActive=0;enrichDecoy=0;enrichAUC=n/a;enrichMargin=n/a | case=6wzs-ztp-riboswitch;rank=1;top=mode:1;decoys=0;margin=n/a;topRMSD=0.000;bestDecoyRMSD=n/a;contactSpec=n/a;clashPen=n/a;enrichSets=0;enrichActive=0;enrichDecoy=0;enrichAUC=n/a;enrichMargin=n/a | case=3irw-c-di-gmp-riboswitch;rank=1;top=mode:1;decoys=0;margin=n/a;topRMSD=0.000;bestDecoyRMSD=n/a;contactSpec=n/a;clashPen=n/a;enrichSets=0;enrichActive=0;enrichDecoy=0;enrichAUC=n/a;enrichMargin=n/a | case=4qlm-c-di-amp-riboswitch;rank=1;top=mode:1;decoys=0;margin=n/a;topRMSD=0.000;bestDecoyRMSD=n/a;contactSpec=n/a;clashPen=n/a;enrichSets=0;enrichActive=0;enrichDecoy=0;enrichAUC=n/a;enrichMargin=n/a | case=3d0u-lysine-riboswitch;rank=1;top=mode:1;decoys=0;margin=n/a;topRMSD=0.000;bestDecoyRMSD=n/a;contactSpec=n/a;clashPen=n/a;enrichSets=0;enrichActive=0;enrichDecoy=0;enrichAUC=n/a;enrichMargin=n/a | case=3oww-glycine-riboswitch;rank=1;top=mode:1;decoys=0;margin=n/a;topRMSD=0.000;bestDecoyRMSD=n/a;contactSpec=n/a;clashPen=n/a;enrichSets=0;enrichActive=0;enrichDecoy=0;enrichAUC=n/a;enrichMargin=n/a
-0.240000,-0.180000,-0.350000,-0.350000,3.012246,0.725,-0.903,8,41,1423,1.000000,4.399510,0.562,0.000,0.000,8.224,26.605340,0.000000,0.000000,2.157895,1.000000,case=t6-thrombin-vina;rank=1;top=mode:1;decoys=0;margin=n/a;topRMSD=0.000;bestDecoyRMSD=n/a;contactSpec=n/a;clashPen=n/a;enrichSets=0;enrichActive=0;enrichDecoy=0;enrichAUC=n/a;enrichMargin=n/a | case=4q9r-spinach-2zy;rank=1;top=mode:1;decoys=10;margin=26.605;topRMSD=0.000;bestDecoyRMSD=8.224;contactSpec=0.000;clashPen=0.000;enrichSets=0;enrichActive=0;enrichDecoy=0;enrichAUC=n/a;enrichMargin=n/a | case=1fmn-fmn-riboswitch;rank=1;top=mode:1;decoys=0;margin=n/a;topRMSD=0.000;bestDecoyRMSD=n/a;contactSpec=n/a;clashPen=n/a;enrichSets=1;enrichActive=1;enrichDecoy=60;enrichAUC=1.000;enrichMargin=9.814 | case=1fmn-fmn-riboswitch-mg;rank=1;top=mode:1;decoys=0;margin=n/a;topRMSD=0.000;bestDecoyRMSD=n/a;contactSpec=n/a;clashPen=n/a;enrichSets=0;enrichActive=0;enrichDecoy=0;enrichAUC=n/a;enrichMargin=n/a | case=2g9c-purine-riboswitch;rank=1;top=mode:1;decoys=0;margin=n/a;topRMSD=0.000;bestDecoyRMSD=n/a;contactSpec=n/a;clashPen=n/a;enrichSets=1;enrichActive=7;enrichDecoy=88;enrichAUC=0.659;enrichMargin=-0.905 | case=4rzd-preq1-riboswitch;rank=1;top=mode:1;decoys=0;margin=n/a;topRMSD=0.000;bestDecoyRMSD=n/a;contactSpec=n/a;clashPen=n/a;enrichSets=1;enrichActive=5;enrichDecoy=74;enrichAUC=0.500;enrichMargin=0.000 | case=2gdi-tpp-riboswitch;rank=1;top=mode:1;decoys=0;margin=n/a;topRMSD=0.000;bestDecoyRMSD=n/a;contactSpec=n/a;clashPen=n/a;enrichSets=1;enrichActive=7;enrichDecoy=266;enrichAUC=0.630;enrichMargin=-14.673 | case=2ygh-sam-riboswitch;rank=1;top=mode:1;decoys=0;margin=n/a;topRMSD=0.000;bestDecoyRMSD=n/a;contactSpec=n/a;clashPen=n/a;enrichSets=1;enrichActive=3;enrichDecoy=238;enrichAUC=0.819;enrichMargin=-1.098 | case=3b4b-glms-riboswitch;rank=1;top=mode:1;decoys=0;margin=n/a;topRMSD=0.000;bestDecoyRMSD=n/a;contactSpec=n/a;clashPen=n/a;enrichSets=1;enrichActive=4;enrichDecoy=165;enrichAUC=0.750;enrichMargin=0.180 | case=2hoj-tpp-riboswitch;rank=1;top=mode:1;decoys=0;margin=n/a;topRMSD=0.000;bestDecoyRMSD=n/a;contactSpec=n/a;clashPen=n/a;enrichSets=2;enrichActive=14;enrichDecoy=532;enrichAUC=0.714;enrichMargin=0.360 | case=3sd3-thf-riboswitch;rank=1;top=mode:1;decoys=0;margin=n/a;topRMSD=0.000;bestDecoyRMSD=n/a;contactSpec=n/a;clashPen=n/a;enrichSets=0;enrichActive=0;enrichDecoy=0;enrichAUC=n/a;enrichMargin=n/a | case=5dhb-gmp-primer-template;rank=1;top=mode:1;decoys=0;margin=n/a;topRMSD=0.000;bestDecoyRMSD=n/a;contactSpec=n/a;clashPen=n/a;enrichSets=0;enrichActive=0;enrichDecoy=0;enrichAUC=n/a;enrichMargin=n/a | case=6c64-mango-ii-ekm;rank=1;top=mode:1;decoys=0;margin=n/a;topRMSD=0.000;bestDecoyRMSD=n/a;contactSpec=n/a;clashPen=n/a;enrichSets=0;enrichActive=0;enrichDecoy=0;enrichAUC=n/a;enrichMargin=n/a | case=5bjp-corn-dfho;rank=1;top=mode:1;decoys=0;margin=n/a;topRMSD=0.000;bestDecoyRMSD=n/a;contactSpec=n/a;clashPen=n/a;enrichSets=0;enrichActive=0;enrichDecoy=0;enrichAUC=n/a;enrichMargin=n/a | case=6wzs-ztp-riboswitch;rank=1;top=mode:1;decoys=0;margin=n/a;topRMSD=0.000;bestDecoyRMSD=n/a;contactSpec=n/a;clashPen=n/a;enrichSets=0;enrichActive=0;enrichDecoy=0;enrichAUC=n/a;enrichMargin=n/a | case=3irw-c-di-gmp-riboswitch;rank=1;top=mode:1;decoys=0;margin=n/a;topRMSD=0.000;bestDecoyRMSD=n/a;contactSpec=n/a;clashPen=n/a;enrichSets=0;enrichActive=0;enrichDecoy=0;enrichAUC=n/a;enrichMargin=n/a | case=4qlm-c-di-amp-riboswitch;rank=1;top=mode:1;decoys=0;margin=n/a;topRMSD=0.000;bestDecoyRMSD=n/a;contactSpec=n/a;clashPen=n/a;enrichSets=0;enrichActive=0;enrichDecoy=0;enrichAUC=n/a;enrichMargin=n/a | case=3d0u-lysine-riboswitch;rank=1;top=mode:1;decoys=0;margin=n/a;topRMSD=0.000;bestDecoyRMSD=n/a;contactSpec=n/a;clashPen=n/a;enrichSets=0;enrichActive=0;enrichDecoy=0;enrichAUC=n/a;enrichMargin=n/a | case=3oww-glycine-riboswitch;rank=1;top=mode:1;decoys=0;margin=n/a;topRMSD=0.000;bestDecoyRMSD=n/a;contactSpec=n/a;clashPen=n/a;enrichSets=0;enrichActive=0;enrichDecoy=0;enrichAUC=n/a;enrichMargin=n/a
-0.180000,-0.180000,-0.350000,-0.100000,3.023719,0.724,-0.912,8,41,1423,1.000000,4.416235,0.562,0.000,0.000,8.224,26.605355,0.000000,0.000000,2.157895,1.000000,case=t6-thrombin-vina;rank=1;top=mode:1;decoys=0;margin=n/a;topRMSD=0.000;bestDecoyRMSD=n/a;contactSpec=n/a;clashPen=n/a;enrichSets=0;enrichActive=0;enrichDecoy=0;enrichAUC=n/a;enrichMargin=n/a | case=4q9r-spinach-2zy;rank=1;top=mode:1;decoys=10;margin=26.605;topRMSD=0.000;bestDecoyRMSD=8.224;contactSpec=0.000;clashPen=0.000;enrichSets=0;enrichActive=0;enrichDecoy=0;enrichAUC=n/a;enrichMargin=n/a | case=1fmn-fmn-riboswitch;rank=1;top=mode:1;decoys=0;margin=n/a;topRMSD=0.000;bestDecoyRMSD=n/a;contactSpec=n/a;clashPen=n/a;enrichSets=1;enrichActive=1;enrichDecoy=60;enrichAUC=1.000;enrichMargin=9.709 | case=1fmn-fmn-riboswitch-mg;rank=1;top=mode:1;decoys=0;margin=n/a;topRMSD=0.000;bestDecoyRMSD=n/a;contactSpec=n/a;clashPen=n/a;enrichSets=0;enrichActive=0;enrichDecoy=0;enrichAUC=n/a;enrichMargin=n/a | case=2g9c-purine-riboswitch;rank=1;top=mode:1;decoys=0;margin=n/a;topRMSD=0.000;bestDecoyRMSD=n/a;contactSpec=n/a;clashPen=n/a;enrichSets=1;enrichActive=7;enrichDecoy=88;enrichAUC=0.657;enrichMargin=-0.906 | case=4rzd-preq1-riboswitch;rank=1;top=mode:1;decoys=0;margin=n/a;topRMSD=0.000;bestDecoyRMSD=n/a;contactSpec=n/a;clashPen=n/a;enrichSets=1;enrichActive=5;enrichDecoy=74;enrichAUC=0.500;enrichMargin=0.000 | case=2gdi-tpp-riboswitch;rank=1;top=mode:1;decoys=0;margin=n/a;topRMSD=0.000;bestDecoyRMSD=n/a;contactSpec=n/a;clashPen=n/a;enrichSets=1;enrichActive=7;enrichDecoy=266;enrichAUC=0.629;enrichMargin=-14.664 | case=2ygh-sam-riboswitch;rank=1;top=mode:1;decoys=0;margin=n/a;topRMSD=0.000;bestDecoyRMSD=n/a;contactSpec=n/a;clashPen=n/a;enrichSets=1;enrichActive=3;enrichDecoy=238;enrichAUC=0.819;enrichMargin=-1.065 | case=3b4b-glms-riboswitch;rank=1;top=mode:1;decoys=0;margin=n/a;topRMSD=0.000;bestDecoyRMSD=n/a;contactSpec=n/a;clashPen=n/a;enrichSets=1;enrichActive=4;enrichDecoy=165;enrichAUC=0.750;enrichMargin=0.180 | case=2hoj-tpp-riboswitch;rank=1;top=mode:1;decoys=0;margin=n/a;topRMSD=0.000;bestDecoyRMSD=n/a;contactSpec=n/a;clashPen=n/a;enrichSets=2;enrichActive=14;enrichDecoy=532;enrichAUC=0.714;enrichMargin=0.360 | case=3sd3-thf-riboswitch;rank=1;top=mode:1;decoys=0;margin=n/a;topRMSD=0.000;bestDecoyRMSD=n/a;contactSpec=n/a;clashPen=n/a;enrichSets=0;enrichActive=0;enrichDecoy=0;enrichAUC=n/a;enrichMargin=n/a | case=5dhb-gmp-primer-template;rank=1;top=mode:1;decoys=0;margin=n/a;topRMSD=0.000;bestDecoyRMSD=n/a;contactSpec=n/a;clashPen=n/a;enrichSets=0;enrichActive=0;enrichDecoy=0;enrichAUC=n/a;enrichMargin=n/a | case=6c64-mango-ii-ekm;rank=1;top=mode:1;decoys=0;margin=n/a;topRMSD=0.000;bestDecoyRMSD=n/a;contactSpec=n/a;clashPen=n/a;enrichSets=0;enrichActive=0;enrichDecoy=0;enrichAUC=n/a;enrichMargin=n/a | case=5bjp-corn-dfho;rank=1;top=mode:1;decoys=0;margin=n/a;topRMSD=0.000;bestDecoyRMSD=n/a;contactSpec=n/a;clashPen=n/a;enrichSets=0;enrichActive=0;enrichDecoy=0;enrichAUC=n/a;enrichMargin=n/a | case=6wzs-ztp-riboswitch;rank=1;top=mode:1;decoys=0;margin=n/a;topRMSD=0.000;bestDecoyRMSD=n/a;contactSpec=n/a;clashPen=n/a;enrichSets=0;enrichActive=0;enrichDecoy=0;enrichAUC=n/a;enrichMargin=n/a | case=3irw-c-di-gmp-riboswitch;rank=1;top=mode:1;decoys=0;margin=n/a;topRMSD=0.000;bestDecoyRMSD=n/a;contactSpec=n/a;clashPen=n/a;enrichSets=0;enrichActive=0;enrichDecoy=0;enrichAUC=n/a;enrichMargin=n/a | case=4qlm-c-di-amp-riboswitch;rank=1;top=mode:1;decoys=0;margin=n/a;topRMSD=0.000;bestDecoyRMSD=n/a;contactSpec=n/a;clashPen=n/a;enrichSets=0;enrichActive=0;enrichDecoy=0;enrichAUC=n/a;enrichMargin=n/a | case=3d0u-lysine-riboswitch;rank=1;top=mode:1;decoys=0;margin=n/a;topRMSD=0.000;bestDecoyRMSD=n/a;contactSpec=n/a;clashPen=n/a;enrichSets=0;enrichActive=0;enrichDecoy=0;enrichAUC=n/a;enrichMargin=n/a | case=3oww-glycine-riboswitch;rank=1;top=mode:1;decoys=0;margin=n/a;topRMSD=0.000;bestDecoyRMSD=n/a;contactSpec=n/a;clashPen=n/a;enrichSets=0;enrichActive=0;enrichDecoy=0;enrichAUC=n/a;enrichMargin=n/a
-0.180000,-0.180000,-0.350000,-0.220000,3.023719,0.724,-0.912,8,41,1423,1.000000,4.416235,0.562,0.000,0.000,8.224,26.605355,0.000000,0.000000,2.157895,1.000000,case=t6-thrombin-vina;rank=1;top=mode:1;decoys=0;margin=n/a;topRMSD=0.000;bestDecoyRMSD=n/a;contactSpec=n/a;clashPen=n/a;enrichSets=0;enrichActive=0;enrichDecoy=0;enrichAUC=n/a;enrichMargin=n/a | case=4q9r-spinach-2zy;rank=1;top=mode:1;decoys=10;margin=26.605;topRMSD=0.000;bestDecoyRMSD=8.224;contactSpec=0.000;clashPen=0.000;enrichSets=0;enrichActive=0;enrichDecoy=0;enrichAUC=n/a;enrichMargin=n/a | case=1fmn-fmn-riboswitch;rank=1;top=mode:1;decoys=0;margin=n/a;topRMSD=0.000;bestDecoyRMSD=n/a;contactSpec=n/a;clashPen=n/a;enrichSets=1;enrichActive=1;enrichDecoy=60;enrichAUC=1.000;enrichMargin=9.709 | case=1fmn-fmn-riboswitch-mg;rank=1;top=mode:1;decoys=0;margin=n/a;topRMSD=0.000;bestDecoyRMSD=n/a;contactSpec=n/a;clashPen=n/a;enrichSets=0;enrichActive=0;enrichDecoy=0;enrichAUC=n/a;enrichMargin=n/a | case=2g9c-purine-riboswitch;rank=1;top=mode:1;decoys=0;margin=n/a;topRMSD=0.000;bestDecoyRMSD=n/a;contactSpec=n/a;clashPen=n/a;enrichSets=1;enrichActive=7;enrichDecoy=88;enrichAUC=0.657;enrichMargin=-0.906 | case=4rzd-preq1-riboswitch;rank=1;top=mode:1;decoys=0;margin=n/a;topRMSD=0.000;bestDecoyRMSD=n/a;contactSpec=n/a;clashPen=n/a;enrichSets=1;enrichActive=5;enrichDecoy=74;enrichAUC=0.500;enrichMargin=0.000 | case=2gdi-tpp-riboswitch;rank=1;top=mode:1;decoys=0;margin=n/a;topRMSD=0.000;bestDecoyRMSD=n/a;contactSpec=n/a;clashPen=n/a;enrichSets=1;enrichActive=7;enrichDecoy=266;enrichAUC=0.629;enrichMargin=-14.664 | case=2ygh-sam-riboswitch;rank=1;top=mode:1;decoys=0;margin=n/a;topRMSD=0.000;bestDecoyRMSD=n/a;contactSpec=n/a;clashPen=n/a;enrichSets=1;enrichActive=3;enrichDecoy=238;enrichAUC=0.819;enrichMargin=-1.065 | case=3b4b-glms-riboswitch;rank=1;top=mode:1;decoys=0;margin=n/a;topRMSD=0.000;bestDecoyRMSD=n/a;contactSpec=n/a;clashPen=n/a;enrichSets=1;enrichActive=4;enrichDecoy=165;enrichAUC=0.750;enrichMargin=0.180 | case=2hoj-tpp-riboswitch;rank=1;top=mode:1;decoys=0;margin=n/a;topRMSD=0.000;bestDecoyRMSD=n/a;contactSpec=n/a;clashPen=n/a;enrichSets=2;enrichActive=14;enrichDecoy=532;enrichAUC=0.714;enrichMargin=0.360 | case=3sd3-thf-riboswitch;rank=1;top=mode:1;decoys=0;margin=n/a;topRMSD=0.000;bestDecoyRMSD=n/a;contactSpec=n/a;clashPen=n/a;enrichSets=0;enrichActive=0;enrichDecoy=0;enrichAUC=n/a;enrichMargin=n/a | case=5dhb-gmp-primer-template;rank=1;top=mode:1;decoys=0;margin=n/a;topRMSD=0.000;bestDecoyRMSD=n/a;contactSpec=n/a;clashPen=n/a;enrichSets=0;enrichActive=0;enrichDecoy=0;enrichAUC=n/a;enrichMargin=n/a | case=6c64-mango-ii-ekm;rank=1;top=mode:1;decoys=0;margin=n/a;topRMSD=0.000;bestDecoyRMSD=n/a;contactSpec=n/a;clashPen=n/a;enrichSets=0;enrichActive=0;enrichDecoy=0;enrichAUC=n/a;enrichMargin=n/a | case=5bjp-corn-dfho;rank=1;top=mode:1;decoys=0;margin=n/a;topRMSD=0.000;bestDecoyRMSD=n/a;contactSpec=n/a;clashPen=n/a;enrichSets=0;enrichActive=0;enrichDecoy=0;enrichAUC=n/a;enrichMargin=n/a | case=6wzs-ztp-riboswitch;rank=1;top=mode:1;decoys=0;margin=n/a;topRMSD=0.000;bestDecoyRMSD=n/a;contactSpec=n/a;clashPen=n/a;enrichSets=0;enrichActive=0;enrichDecoy=0;enrichAUC=n/a;enrichMargin=n/a | case=3irw-c-di-gmp-riboswitch;rank=1;top=mode:1;decoys=0;margin=n/a;topRMSD=0.000;bestDecoyRMSD=n/a;contactSpec=n/a;clashPen=n/a;enrichSets=0;enrichActive=0;enrichDecoy=0;enrichAUC=n/a;enrichMargin=n/a | case=4qlm-c-di-amp-riboswitch;rank=1;top=mode:1;decoys=0;margin=n/a;topRMSD=0.000;bestDecoyRMSD=n/a;contactSpec=n/a;clashPen=n/a;enrichSets=0;enrichActive=0;enrichDecoy=0;enrichAUC=n/a;enrichMargin=n/a | case=3d0u-lysine-riboswitch;rank=1;top=mode:1;decoys=0;margin=n/a;topRMSD=0.000;bestDecoyRMSD=n/a;contactSpec=n/a;clashPen=n/a;enrichSets=0;enrichActive=0;enrichDecoy=0;enrichAUC=n/a;enrichMargin=n/a | case=3oww-glycine-riboswitch;rank=1;top=mode:1;decoys=0;margin=n/a;topRMSD=0.000;bestDecoyRMSD=n/a;contactSpec=n/a;clashPen=n/a;enrichSets=0;enrichActive=0;enrichDecoy=0;enrichAUC=n/a;enrichMargin=n/a
-0.180000,-0.180000,-0.350000,-0.350000,3.023719,0.724,-0.912,8,41,1423,1.000000,4.416235,0.562,0.000,0.000,8.224,26.605355,0.000000,0.000000,2.157895,1.000000,case=t6-thrombin-vina;rank=1;top=mode:1;decoys=0;margin=n/a;topRMSD=0.000;bestDecoyRMSD=n/a;contactSpec=n/a;clashPen=n/a;enrichSets=0;enrichActive=0;enrichDecoy=0;enrichAUC=n/a;enrichMargin=n/a | case=4q9r-spinach-2zy;rank=1;top=mode:1;decoys=10;margin=26.605;topRMSD=0.000;bestDecoyRMSD=8.224;contactSpec=0.000;clashPen=0.000;enrichSets=0;enrichActive=0;enrichDecoy=0;enrichAUC=n/a;enrichMargin=n/a | case=1fmn-fmn-riboswitch;rank=1;top=mode:1;decoys=0;margin=n/a;topRMSD=0.000;bestDecoyRMSD=n/a;contactSpec=n/a;clashPen=n/a;enrichSets=1;enrichActive=1;enrichDecoy=60;enrichAUC=1.000;enrichMargin=9.709 | case=1fmn-fmn-riboswitch-mg;rank=1;top=mode:1;decoys=0;margin=n/a;topRMSD=0.000;bestDecoyRMSD=n/a;contactSpec=n/a;clashPen=n/a;enrichSets=0;enrichActive=0;enrichDecoy=0;enrichAUC=n/a;enrichMargin=n/a | case=2g9c-purine-riboswitch;rank=1;top=mode:1;decoys=0;margin=n/a;topRMSD=0.000;bestDecoyRMSD=n/a;contactSpec=n/a;clashPen=n/a;enrichSets=1;enrichActive=7;enrichDecoy=88;enrichAUC=0.657;enrichMargin=-0.906 | case=4rzd-preq1-riboswitch;rank=1;top=mode:1;decoys=0;margin=n/a;topRMSD=0.000;bestDecoyRMSD=n/a;contactSpec=n/a;clashPen=n/a;enrichSets=1;enrichActive=5;enrichDecoy=74;enrichAUC=0.500;enrichMargin=0.000 | case=2gdi-tpp-riboswitch;rank=1;top=mode:1;decoys=0;margin=n/a;topRMSD=0.000;bestDecoyRMSD=n/a;contactSpec=n/a;clashPen=n/a;enrichSets=1;enrichActive=7;enrichDecoy=266;enrichAUC=0.629;enrichMargin=-14.664 | case=2ygh-sam-riboswitch;rank=1;top=mode:1;decoys=0;margin=n/a;topRMSD=0.000;bestDecoyRMSD=n/a;contactSpec=n/a;clashPen=n/a;enrichSets=1;enrichActive=3;enrichDecoy=238;enrichAUC=0.819;enrichMargin=-1.065 | case=3b4b-glms-riboswitch;rank=1;top=mode:1;decoys=0;margin=n/a;topRMSD=0.000;bestDecoyRMSD=n/a;contactSpec=n/a;clashPen=n/a;enrichSets=1;enrichActive=4;enrichDecoy=165;enrichAUC=0.750;enrichMargin=0.180 | case=2hoj-tpp-riboswitch;rank=1;top=mode:1;decoys=0;margin=n/a;topRMSD=0.000;bestDecoyRMSD=n/a;contactSpec=n/a;clashPen=n/a;enrichSets=2;enrichActive=14;enrichDecoy=532;enrichAUC=0.714;enrichMargin=0.360 | case=3sd3-thf-riboswitch;rank=1;top=mode:1;decoys=0;margin=n/a;topRMSD=0.000;bestDecoyRMSD=n/a;contactSpec=n/a;clashPen=n/a;enrichSets=0;enrichActive=0;enrichDecoy=0;enrichAUC=n/a;enrichMargin=n/a | case=5dhb-gmp-primer-template;rank=1;top=mode:1;decoys=0;margin=n/a;topRMSD=0.000;bestDecoyRMSD=n/a;contactSpec=n/a;clashPen=n/a;enrichSets=0;enrichActive=0;enrichDecoy=0;enrichAUC=n/a;enrichMargin=n/a | case=6c64-mango-ii-ekm;rank=1;top=mode:1;decoys=0;margin=n/a;topRMSD=0.000;bestDecoyRMSD=n/a;contactSpec=n/a;clashPen=n/a;enrichSets=0;enrichActive=0;enrichDecoy=0;enrichAUC=n/a;enrichMargin=n/a | case=5bjp-corn-dfho;rank=1;top=mode:1;decoys=0;margin=n/a;topRMSD=0.000;bestDecoyRMSD=n/a;contactSpec=n/a;clashPen=n/a;enrichSets=0;enrichActive=0;enrichDecoy=0;enrichAUC=n/a;enrichMargin=n/a | case=6wzs-ztp-riboswitch;rank=1;top=mode:1;decoys=0;margin=n/a;topRMSD=0.000;bestDecoyRMSD=n/a;contactSpec=n/a;clashPen=n/a;enrichSets=0;enrichActive=0;enrichDecoy=0;enrichAUC=n/a;enrichMargin=n/a | case=3irw-c-di-gmp-riboswitch;rank=1;top=mode:1;decoys=0;margin=n/a;topRMSD=0.000;bestDecoyRMSD=n/a;contactSpec=n/a;clashPen=n/a;enrichSets=0;enrichActive=0;enrichDecoy=0;enrichAUC=n/a;enrichMargin=n/a | case=4qlm-c-di-amp-riboswitch;rank=1;top=mode:1;decoys=0;margin=n/a;topRMSD=0.000;bestDecoyRMSD=n/a;contactSpec=n/a;clashPen=n/a;enrichSets=0;enrichActive=0;enrichDecoy=0;enrichAUC=n/a;enrichMargin=n/a | case=3d0u-lysine-riboswitch;rank=1;top=mode:1;decoys=0;margin=n/a;topRMSD=0.000;bestDecoyRMSD=n/a;contactSpec=n/a;clashPen=n/a;enrichSets=0;enrichActive=0;enrichDecoy=0;enrichAUC=n/a;enrichMargin=n/a | case=3oww-glycine-riboswitch;rank=1;top=mode:1;decoys=0;margin=n/a;topRMSD=0.000;bestDecoyRMSD=n/a;contactSpec=n/a;clashPen=n/a;enrichSets=0;enrichActive=0;enrichDecoy=0;enrichAUC=n/a;enrichMargin=n/a
-0.320000,-0.180000,-0.250000,-0.100000,3.028907,0.725,-0.915,8,41,1423,1.000000,4.434231,0.562,0.000,0.000,8.224,26.615388,0.000000,0.000000,2.157895,1.000000,case=t6-thrombin-vina;rank=1;top=mode:1;decoys=0;margin=n/a;topRMSD=0.000;bestDecoyRMSD=n/a;contactSpec=n/a;clashPen=n/a;enrichSets=0;enrichActive=0;enrichDecoy=0;enrichAUC=n/a;enrichMargin=n/a | case=4q9r-spinach-2zy;rank=1;top=mode:1;decoys=10;margin=26.615;topRMSD=0.000;bestDecoyRMSD=8.224;contactSpec=0.000;clashPen=0.000;enrichSets=0;enrichActive=0;enrichDecoy=0;enrichAUC=n/a;enrichMargin=n/a | case=1fmn-fmn-riboswitch;rank=1;top=mode:1;decoys=0;margin=n/a;topRMSD=0.000;bestDecoyRMSD=n/a;contactSpec=n/a;clashPen=n/a;enrichSets=1;enrichActive=1;enrichDecoy=60;enrichAUC=1.000;enrichMargin=9.811 | case=1fmn-fmn-riboswitch-mg;rank=1;top=mode:1;decoys=0;margin=n/a;topRMSD=0.000;bestDecoyRMSD=n/a;contactSpec=n/a;clashPen=n/a;enrichSets=0;enrichActive=0;enrichDecoy=0;enrichAUC=n/a;enrichMargin=n/a | case=2g9c-purine-riboswitch;rank=1;top=mode:1;decoys=0;margin=n/a;topRMSD=0.000;bestDecoyRMSD=n/a;contactSpec=n/a;clashPen=n/a;enrichSets=1;enrichActive=7;enrichDecoy=88;enrichAUC=0.661;enrichMargin=-0.905 | case=4rzd-preq1-riboswitch;rank=1;top=mode:1;decoys=0;margin=n/a;topRMSD=0.000;bestDecoyRMSD=n/a;contactSpec=n/a;clashPen=n/a;enrichSets=1;enrichActive=5;enrichDecoy=74;enrichAUC=0.500;enrichMargin=0.000 | case=2gdi-tpp-riboswitch;rank=1;top=mode:1;decoys=0;margin=n/a;topRMSD=0.000;bestDecoyRMSD=n/a;contactSpec=n/a;clashPen=n/a;enrichSets=1;enrichActive=7;enrichDecoy=266;enrichAUC=0.632;enrichMargin=-14.684 | case=2ygh-sam-riboswitch;rank=1;top=mode:1;decoys=0;margin=n/a;topRMSD=0.000;bestDecoyRMSD=n/a;contactSpec=n/a;clashPen=n/a;enrichSets=1;enrichActive=3;enrichDecoy=238;enrichAUC=0.819;enrichMargin=-1.165 | case=3b4b-glms-riboswitch;rank=1;top=mode:1;decoys=0;margin=n/a;topRMSD=0.000;bestDecoyRMSD=n/a;contactSpec=n/a;clashPen=n/a;enrichSets=1;enrichActive=4;enrichDecoy=165;enrichAUC=0.750;enrichMargin=0.180 | case=2hoj-tpp-riboswitch;rank=1;top=mode:1;decoys=0;margin=n/a;topRMSD=0.000;bestDecoyRMSD=n/a;contactSpec=n/a;clashPen=n/a;enrichSets=2;enrichActive=14;enrichDecoy=532;enrichAUC=0.714;enrichMargin=0.360 | case=3sd3-thf-riboswitch;rank=1;top=mode:1;decoys=0;margin=n/a;topRMSD=0.000;bestDecoyRMSD=n/a;contactSpec=n/a;clashPen=n/a;enrichSets=0;enrichActive=0;enrichDecoy=0;enrichAUC=n/a;enrichMargin=n/a | case=5dhb-gmp-primer-template;rank=1;top=mode:1;decoys=0;margin=n/a;topRMSD=0.000;bestDecoyRMSD=n/a;contactSpec=n/a;clashPen=n/a;enrichSets=0;enrichActive=0;enrichDecoy=0;enrichAUC=n/a;enrichMargin=n/a | case=6c64-mango-ii-ekm;rank=1;top=mode:1;decoys=0;margin=n/a;topRMSD=0.000;bestDecoyRMSD=n/a;contactSpec=n/a;clashPen=n/a;enrichSets=0;enrichActive=0;enrichDecoy=0;enrichAUC=n/a;enrichMargin=n/a | case=5bjp-corn-dfho;rank=1;top=mode:1;decoys=0;margin=n/a;topRMSD=0.000;bestDecoyRMSD=n/a;contactSpec=n/a;clashPen=n/a;enrichSets=0;enrichActive=0;enrichDecoy=0;enrichAUC=n/a;enrichMargin=n/a | case=6wzs-ztp-riboswitch;rank=1;top=mode:1;decoys=0;margin=n/a;topRMSD=0.000;bestDecoyRMSD=n/a;contactSpec=n/a;clashPen=n/a;enrichSets=0;enrichActive=0;enrichDecoy=0;enrichAUC=n/a;enrichMargin=n/a | case=3irw-c-di-gmp-riboswitch;rank=1;top=mode:1;decoys=0;margin=n/a;topRMSD=0.000;bestDecoyRMSD=n/a;contactSpec=n/a;clashPen=n/a;enrichSets=0;enrichActive=0;enrichDecoy=0;enrichAUC=n/a;enrichMargin=n/a | case=4qlm-c-di-amp-riboswitch;rank=1;top=mode:1;decoys=0;margin=n/a;topRMSD=0.000;bestDecoyRMSD=n/a;contactSpec=n/a;clashPen=n/a;enrichSets=0;enrichActive=0;enrichDecoy=0;enrichAUC=n/a;enrichMargin=n/a | case=3d0u-lysine-riboswitch;rank=1;top=mode:1;decoys=0;margin=n/a;topRMSD=0.000;bestDecoyRMSD=n/a;contactSpec=n/a;clashPen=n/a;enrichSets=0;enrichActive=0;enrichDecoy=0;enrichAUC=n/a;enrichMargin=n/a | case=3oww-glycine-riboswitch;rank=1;top=mode:1;decoys=0;margin=n/a;topRMSD=0.000;bestDecoyRMSD=n/a;contactSpec=n/a;clashPen=n/a;enrichSets=0;enrichActive=0;enrichDecoy=0;enrichAUC=n/a;enrichMargin=n/a
-0.320000,-0.180000,-0.250000,-0.220000,3.028907,0.725,-0.915,8,41,1423,1.000000,4.434231,0.562,0.000,0.000,8.224,26.615388,0.000000,0.000000,2.157895,1.000000,case=t6-thrombin-vina;rank=1;top=mode:1;decoys=0;margin=n/a;topRMSD=0.000;bestDecoyRMSD=n/a;contactSpec=n/a;clashPen=n/a;enrichSets=0;enrichActive=0;enrichDecoy=0;enrichAUC=n/a;enrichMargin=n/a | case=4q9r-spinach-2zy;rank=1;top=mode:1;decoys=10;margin=26.615;topRMSD=0.000;bestDecoyRMSD=8.224;contactSpec=0.000;clashPen=0.000;enrichSets=0;enrichActive=0;enrichDecoy=0;enrichAUC=n/a;enrichMargin=n/a | case=1fmn-fmn-riboswitch;rank=1;top=mode:1;decoys=0;margin=n/a;topRMSD=0.000;bestDecoyRMSD=n/a;contactSpec=n/a;clashPen=n/a;enrichSets=1;enrichActive=1;enrichDecoy=60;enrichAUC=1.000;enrichMargin=9.811 | case=1fmn-fmn-riboswitch-mg;rank=1;top=mode:1;decoys=0;margin=n/a;topRMSD=0.000;bestDecoyRMSD=n/a;contactSpec=n/a;clashPen=n/a;enrichSets=0;enrichActive=0;enrichDecoy=0;enrichAUC=n/a;enrichMargin=n/a | case=2g9c-purine-riboswitch;rank=1;top=mode:1;decoys=0;margin=n/a;topRMSD=0.000;bestDecoyRMSD=n/a;contactSpec=n/a;clashPen=n/a;enrichSets=1;enrichActive=7;enrichDecoy=88;enrichAUC=0.661;enrichMargin=-0.905 | case=4rzd-preq1-riboswitch;rank=1;top=mode:1;decoys=0;margin=n/a;topRMSD=0.000;bestDecoyRMSD=n/a;contactSpec=n/a;clashPen=n/a;enrichSets=1;enrichActive=5;enrichDecoy=74;enrichAUC=0.500;enrichMargin=0.000 | case=2gdi-tpp-riboswitch;rank=1;top=mode:1;decoys=0;margin=n/a;topRMSD=0.000;bestDecoyRMSD=n/a;contactSpec=n/a;clashPen=n/a;enrichSets=1;enrichActive=7;enrichDecoy=266;enrichAUC=0.632;enrichMargin=-14.684 | case=2ygh-sam-riboswitch;rank=1;top=mode:1;decoys=0;margin=n/a;topRMSD=0.000;bestDecoyRMSD=n/a;contactSpec=n/a;clashPen=n/a;enrichSets=1;enrichActive=3;enrichDecoy=238;enrichAUC=0.819;enrichMargin=-1.165 | case=3b4b-glms-riboswitch;rank=1;top=mode:1;decoys=0;margin=n/a;topRMSD=0.000;bestDecoyRMSD=n/a;contactSpec=n/a;clashPen=n/a;enrichSets=1;enrichActive=4;enrichDecoy=165;enrichAUC=0.750;enrichMargin=0.180 | case=2hoj-tpp-riboswitch;rank=1;top=mode:1;decoys=0;margin=n/a;topRMSD=0.000;bestDecoyRMSD=n/a;contactSpec=n/a;clashPen=n/a;enrichSets=2;enrichActive=14;enrichDecoy=532;enrichAUC=0.714;enrichMargin=0.360 | case=3sd3-thf-riboswitch;rank=1;top=mode:1;decoys=0;margin=n/a;topRMSD=0.000;bestDecoyRMSD=n/a;contactSpec=n/a;clashPen=n/a;enrichSets=0;enrichActive=0;enrichDecoy=0;enrichAUC=n/a;enrichMargin=n/a | case=5dhb-gmp-primer-template;rank=1;top=mode:1;decoys=0;margin=n/a;topRMSD=0.000;bestDecoyRMSD=n/a;contactSpec=n/a;clashPen=n/a;enrichSets=0;enrichActive=0;enrichDecoy=0;enrichAUC=n/a;enrichMargin=n/a | case=6c64-mango-ii-ekm;rank=1;top=mode:1;decoys=0;margin=n/a;topRMSD=0.000;bestDecoyRMSD=n/a;contactSpec=n/a;clashPen=n/a;enrichSets=0;enrichActive=0;enrichDecoy=0;enrichAUC=n/a;enrichMargin=n/a | case=5bjp-corn-dfho;rank=1;top=mode:1;decoys=0;margin=n/a;topRMSD=0.000;bestDecoyRMSD=n/a;contactSpec=n/a;clashPen=n/a;enrichSets=0;enrichActive=0;enrichDecoy=0;enrichAUC=n/a;enrichMargin=n/a | case=6wzs-ztp-riboswitch;rank=1;top=mode:1;decoys=0;margin=n/a;topRMSD=0.000;bestDecoyRMSD=n/a;contactSpec=n/a;clashPen=n/a;enrichSets=0;enrichActive=0;enrichDecoy=0;enrichAUC=n/a;enrichMargin=n/a | case=3irw-c-di-gmp-riboswitch;rank=1;top=mode:1;decoys=0;margin=n/a;topRMSD=0.000;bestDecoyRMSD=n/a;contactSpec=n/a;clashPen=n/a;enrichSets=0;enrichActive=0;enrichDecoy=0;enrichAUC=n/a;enrichMargin=n/a | case=4qlm-c-di-amp-riboswitch;rank=1;top=mode:1;decoys=0;margin=n/a;topRMSD=0.000;bestDecoyRMSD=n/a;contactSpec=n/a;clashPen=n/a;enrichSets=0;enrichActive=0;enrichDecoy=0;enrichAUC=n/a;enrichMargin=n/a | case=3d0u-lysine-riboswitch;rank=1;top=mode:1;decoys=0;margin=n/a;topRMSD=0.000;bestDecoyRMSD=n/a;contactSpec=n/a;clashPen=n/a;enrichSets=0;enrichActive=0;enrichDecoy=0;enrichAUC=n/a;enrichMargin=n/a | case=3oww-glycine-riboswitch;rank=1;top=mode:1;decoys=0;margin=n/a;topRMSD=0.000;bestDecoyRMSD=n/a;contactSpec=n/a;clashPen=n/a;enrichSets=0;enrichActive=0;enrichDecoy=0;enrichAUC=n/a;enrichMargin=n/a
-0.320000,-0.180000,-0.250000,-0.350000,3.028907,0.725,-0.915,8,41,1423,1.000000,4.434231,0.562,0.000,0.000,8.224,26.615388,0.000000,0.000000,2.157895,1.000000,case=t6-thrombin-vina;rank=1;top=mode:1;decoys=0;margin=n/a;topRMSD=0.000;bestDecoyRMSD=n/a;contactSpec=n/a;clashPen=n/a;enrichSets=0;enrichActive=0;enrichDecoy=0;enrichAUC=n/a;enrichMargin=n/a | case=4q9r-spinach-2zy;rank=1;top=mode:1;decoys=10;margin=26.615;topRMSD=0.000;bestDecoyRMSD=8.224;contactSpec=0.000;clashPen=0.000;enrichSets=0;enrichActive=0;enrichDecoy=0;enrichAUC=n/a;enrichMargin=n/a | case=1fmn-fmn-riboswitch;rank=1;top=mode:1;decoys=0;margin=n/a;topRMSD=0.000;bestDecoyRMSD=n/a;contactSpec=n/a;clashPen=n/a;enrichSets=1;enrichActive=1;enrichDecoy=60;enrichAUC=1.000;enrichMargin=9.811 | case=1fmn-fmn-riboswitch-mg;rank=1;top=mode:1;decoys=0;margin=n/a;topRMSD=0.000;bestDecoyRMSD=n/a;contactSpec=n/a;clashPen=n/a;enrichSets=0;enrichActive=0;enrichDecoy=0;enrichAUC=n/a;enrichMargin=n/a | case=2g9c-purine-riboswitch;rank=1;top=mode:1;decoys=0;margin=n/a;topRMSD=0.000;bestDecoyRMSD=n/a;contactSpec=n/a;clashPen=n/a;enrichSets=1;enrichActive=7;enrichDecoy=88;enrichAUC=0.661;enrichMargin=-0.905 | case=4rzd-preq1-riboswitch;rank=1;top=mode:1;decoys=0;margin=n/a;topRMSD=0.000;bestDecoyRMSD=n/a;contactSpec=n/a;clashPen=n/a;enrichSets=1;enrichActive=5;enrichDecoy=74;enrichAUC=0.500;enrichMargin=0.000 | case=2gdi-tpp-riboswitch;rank=1;top=mode:1;decoys=0;margin=n/a;topRMSD=0.000;bestDecoyRMSD=n/a;contactSpec=n/a;clashPen=n/a;enrichSets=1;enrichActive=7;enrichDecoy=266;enrichAUC=0.632;enrichMargin=-14.684 | case=2ygh-sam-riboswitch;rank=1;top=mode:1;decoys=0;margin=n/a;topRMSD=0.000;bestDecoyRMSD=n/a;contactSpec=n/a;clashPen=n/a;enrichSets=1;enrichActive=3;enrichDecoy=238;enrichAUC=0.819;enrichMargin=-1.165 | case=3b4b-glms-riboswitch;rank=1;top=mode:1;decoys=0;margin=n/a;topRMSD=0.000;bestDecoyRMSD=n/a;contactSpec=n/a;clashPen=n/a;enrichSets=1;enrichActive=4;enrichDecoy=165;enrichAUC=0.750;enrichMargin=0.180 | case=2hoj-tpp-riboswitch;rank=1;top=mode:1;decoys=0;margin=n/a;topRMSD=0.000;bestDecoyRMSD=n/a;contactSpec=n/a;clashPen=n/a;enrichSets=2;enrichActive=14;enrichDecoy=532;enrichAUC=0.714;enrichMargin=0.360 | case=3sd3-thf-riboswitch;rank=1;top=mode:1;decoys=0;margin=n/a;topRMSD=0.000;bestDecoyRMSD=n/a;contactSpec=n/a;clashPen=n/a;enrichSets=0;enrichActive=0;enrichDecoy=0;enrichAUC=n/a;enrichMargin=n/a | case=5dhb-gmp-primer-template;rank=1;top=mode:1;decoys=0;margin=n/a;topRMSD=0.000;bestDecoyRMSD=n/a;contactSpec=n/a;clashPen=n/a;enrichSets=0;enrichActive=0;enrichDecoy=0;enrichAUC=n/a;enrichMargin=n/a | case=6c64-mango-ii-ekm;rank=1;top=mode:1;decoys=0;margin=n/a;topRMSD=0.000;bestDecoyRMSD=n/a;contactSpec=n/a;clashPen=n/a;enrichSets=0;enrichActive=0;enrichDecoy=0;enrichAUC=n/a;enrichMargin=n/a | case=5bjp-corn-dfho;rank=1;top=mode:1;decoys=0;margin=n/a;topRMSD=0.000;bestDecoyRMSD=n/a;contactSpec=n/a;clashPen=n/a;enrichSets=0;enrichActive=0;enrichDecoy=0;enrichAUC=n/a;enrichMargin=n/a | case=6wzs-ztp-riboswitch;rank=1;top=mode:1;decoys=0;margin=n/a;topRMSD=0.000;bestDecoyRMSD=n/a;contactSpec=n/a;clashPen=n/a;enrichSets=0;enrichActive=0;enrichDecoy=0;enrichAUC=n/a;enrichMargin=n/a | case=3irw-c-di-gmp-riboswitch;rank=1;top=mode:1;decoys=0;margin=n/a;topRMSD=0.000;bestDecoyRMSD=n/a;contactSpec=n/a;clashPen=n/a;enrichSets=0;enrichActive=0;enrichDecoy=0;enrichAUC=n/a;enrichMargin=n/a | case=4qlm-c-di-amp-riboswitch;rank=1;top=mode:1;decoys=0;margin=n/a;topRMSD=0.000;bestDecoyRMSD=n/a;contactSpec=n/a;clashPen=n/a;enrichSets=0;enrichActive=0;enrichDecoy=0;enrichAUC=n/a;enrichMargin=n/a | case=3d0u-lysine-riboswitch;rank=1;top=mode:1;decoys=0;margin=n/a;topRMSD=0.000;bestDecoyRMSD=n/a;contactSpec=n/a;clashPen=n/a;enrichSets=0;enrichActive=0;enrichDecoy=0;enrichAUC=n/a;enrichMargin=n/a | case=3oww-glycine-riboswitch;rank=1;top=mode:1;decoys=0;margin=n/a;topRMSD=0.000;bestDecoyRMSD=n/a;contactSpec=n/a;clashPen=n/a;enrichSets=0;enrichActive=0;enrichDecoy=0;enrichAUC=n/a;enrichMargin=n/a
-0.120000,-0.180000,-0.350000,-0.100000,3.034557,0.724,-0.921,8,41,1423,1.000000,4.432960,0.562,0.000,0.000,8.224,26.605369,0.000000,0.000000,2.157895,1.000000,case=t6-thrombin-vina;rank=1;top=mode:1;decoys=0;margin=n/a;topRMSD=0.000;bestDecoyRMSD=n/a;contactSpec=n/a;clashPen=n/a;enrichSets=0;enrichActive=0;enrichDecoy=0;enrichAUC=n/a;enrichMargin=n/a | case=4q9r-spinach-2zy;rank=1;top=mode:1;decoys=10;margin=26.605;topRMSD=0.000;bestDecoyRMSD=8.224;contactSpec=0.000;clashPen=0.000;enrichSets=0;enrichActive=0;enrichDecoy=0;enrichAUC=n/a;enrichMargin=n/a | case=1fmn-fmn-riboswitch;rank=1;top=mode:1;decoys=0;margin=n/a;topRMSD=0.000;bestDecoyRMSD=n/a;contactSpec=n/a;clashPen=n/a;enrichSets=1;enrichActive=1;enrichDecoy=60;enrichAUC=1.000;enrichMargin=9.604 | case=1fmn-fmn-riboswitch-mg;rank=1;top=mode:1;decoys=0;margin=n/a;topRMSD=0.000;bestDecoyRMSD=n/a;contactSpec=n/a;clashPen=n/a;enrichSets=0;enrichActive=0;enrichDecoy=0;enrichAUC=n/a;enrichMargin=n/a | case=2g9c-purine-riboswitch;rank=1;top=mode:1;decoys=0;margin=n/a;topRMSD=0.000;bestDecoyRMSD=n/a;contactSpec=n/a;clashPen=n/a;enrichSets=1;enrichActive=7;enrichDecoy=88;enrichAUC=0.657;enrichMargin=-0.906 | case=4rzd-preq1-riboswitch;rank=1;top=mode:1;decoys=0;margin=n/a;topRMSD=0.000;bestDecoyRMSD=n/a;contactSpec=n/a;clashPen=n/a;enrichSets=1;enrichActive=5;enrichDecoy=74;enrichAUC=0.500;enrichMargin=0.000 | case=2gdi-tpp-riboswitch;rank=1;top=mode:1;decoys=0;margin=n/a;topRMSD=0.000;bestDecoyRMSD=n/a;contactSpec=n/a;clashPen=n/a;enrichSets=1;enrichActive=7;enrichDecoy=266;enrichAUC=0.628;enrichMargin=-14.656 | case=2ygh-sam-riboswitch;rank=1;top=mode:1;decoys=0;margin=n/a;topRMSD=0.000;bestDecoyRMSD=n/a;contactSpec=n/a;clashPen=n/a;enrichSets=1;enrichActive=3;enrichDecoy=238;enrichAUC=0.821;enrichMargin=-1.032 | case=3b4b-glms-riboswitch;rank=1;top=mode:1;decoys=0;margin=n/a;topRMSD=0.000;bestDecoyRMSD=n/a;contactSpec=n/a;clashPen=n/a;enrichSets=1;enrichActive=4;enrichDecoy=165;enrichAUC=0.750;enrichMargin=0.180 | case=2hoj-tpp-riboswitch;rank=1;top=mode:1;decoys=0;margin=n/a;topRMSD=0.000;bestDecoyRMSD=n/a;contactSpec=n/a;clashPen=n/a;enrichSets=2;enrichActive=14;enrichDecoy=532;enrichAUC=0.714;enrichMargin=0.360 | case=3sd3-thf-riboswitch;rank=1;top=mode:1;decoys=0;margin=n/a;topRMSD=0.000;bestDecoyRMSD=n/a;contactSpec=n/a;clashPen=n/a;enrichSets=0;enrichActive=0;enrichDecoy=0;enrichAUC=n/a;enrichMargin=n/a | case=5dhb-gmp-primer-template;rank=1;top=mode:1;decoys=0;margin=n/a;topRMSD=0.000;bestDecoyRMSD=n/a;contactSpec=n/a;clashPen=n/a;enrichSets=0;enrichActive=0;enrichDecoy=0;enrichAUC=n/a;enrichMargin=n/a | case=6c64-mango-ii-ekm;rank=1;top=mode:1;decoys=0;margin=n/a;topRMSD=0.000;bestDecoyRMSD=n/a;contactSpec=n/a;clashPen=n/a;enrichSets=0;enrichActive=0;enrichDecoy=0;enrichAUC=n/a;enrichMargin=n/a | case=5bjp-corn-dfho;rank=1;top=mode:1;decoys=0;margin=n/a;topRMSD=0.000;bestDecoyRMSD=n/a;contactSpec=n/a;clashPen=n/a;enrichSets=0;enrichActive=0;enrichDecoy=0;enrichAUC=n/a;enrichMargin=n/a | case=6wzs-ztp-riboswitch;rank=1;top=mode:1;decoys=0;margin=n/a;topRMSD=0.000;bestDecoyRMSD=n/a;contactSpec=n/a;clashPen=n/a;enrichSets=0;enrichActive=0;enrichDecoy=0;enrichAUC=n/a;enrichMargin=n/a | case=3irw-c-di-gmp-riboswitch;rank=1;top=mode:1;decoys=0;margin=n/a;topRMSD=0.000;bestDecoyRMSD=n/a;contactSpec=n/a;clashPen=n/a;enrichSets=0;enrichActive=0;enrichDecoy=0;enrichAUC=n/a;enrichMargin=n/a | case=4qlm-c-di-amp-riboswitch;rank=1;top=mode:1;decoys=0;margin=n/a;topRMSD=0.000;bestDecoyRMSD=n/a;contactSpec=n/a;clashPen=n/a;enrichSets=0;enrichActive=0;enrichDecoy=0;enrichAUC=n/a;enrichMargin=n/a | case=3d0u-lysine-riboswitch;rank=1;top=mode:1;decoys=0;margin=n/a;topRMSD=0.000;bestDecoyRMSD=n/a;contactSpec=n/a;clashPen=n/a;enrichSets=0;enrichActive=0;enrichDecoy=0;enrichAUC=n/a;enrichMargin=n/a | case=3oww-glycine-riboswitch;rank=1;top=mode:1;decoys=0;margin=n/a;topRMSD=0.000;bestDecoyRMSD=n/a;contactSpec=n/a;clashPen=n/a;enrichSets=0;enrichActive=0;enrichDecoy=0;enrichAUC=n/a;enrichMargin=n/a
-0.120000,-0.180000,-0.350000,-0.220000,3.034557,0.724,-0.921,8,41,1423,1.000000,4.432960,0.562,0.000,0.000,8.224,26.605369,0.000000,0.000000,2.157895,1.000000,case=t6-thrombin-vina;rank=1;top=mode:1;decoys=0;margin=n/a;topRMSD=0.000;bestDecoyRMSD=n/a;contactSpec=n/a;clashPen=n/a;enrichSets=0;enrichActive=0;enrichDecoy=0;enrichAUC=n/a;enrichMargin=n/a | case=4q9r-spinach-2zy;rank=1;top=mode:1;decoys=10;margin=26.605;topRMSD=0.000;bestDecoyRMSD=8.224;contactSpec=0.000;clashPen=0.000;enrichSets=0;enrichActive=0;enrichDecoy=0;enrichAUC=n/a;enrichMargin=n/a | case=1fmn-fmn-riboswitch;rank=1;top=mode:1;decoys=0;margin=n/a;topRMSD=0.000;bestDecoyRMSD=n/a;contactSpec=n/a;clashPen=n/a;enrichSets=1;enrichActive=1;enrichDecoy=60;enrichAUC=1.000;enrichMargin=9.604 | case=1fmn-fmn-riboswitch-mg;rank=1;top=mode:1;decoys=0;margin=n/a;topRMSD=0.000;bestDecoyRMSD=n/a;contactSpec=n/a;clashPen=n/a;enrichSets=0;enrichActive=0;enrichDecoy=0;enrichAUC=n/a;enrichMargin=n/a | case=2g9c-purine-riboswitch;rank=1;top=mode:1;decoys=0;margin=n/a;topRMSD=0.000;bestDecoyRMSD=n/a;contactSpec=n/a;clashPen=n/a;enrichSets=1;enrichActive=7;enrichDecoy=88;enrichAUC=0.657;enrichMargin=-0.906 | case=4rzd-preq1-riboswitch;rank=1;top=mode:1;decoys=0;margin=n/a;topRMSD=0.000;bestDecoyRMSD=n/a;contactSpec=n/a;clashPen=n/a;enrichSets=1;enrichActive=5;enrichDecoy=74;enrichAUC=0.500;enrichMargin=0.000 | case=2gdi-tpp-riboswitch;rank=1;top=mode:1;decoys=0;margin=n/a;topRMSD=0.000;bestDecoyRMSD=n/a;contactSpec=n/a;clashPen=n/a;enrichSets=1;enrichActive=7;enrichDecoy=266;enrichAUC=0.628;enrichMargin=-14.656 | case=2ygh-sam-riboswitch;rank=1;top=mode:1;decoys=0;margin=n/a;topRMSD=0.000;bestDecoyRMSD=n/a;contactSpec=n/a;clashPen=n/a;enrichSets=1;enrichActive=3;enrichDecoy=238;enrichAUC=0.821;enrichMargin=-1.032 | case=3b4b-glms-riboswitch;rank=1;top=mode:1;decoys=0;margin=n/a;topRMSD=0.000;bestDecoyRMSD=n/a;contactSpec=n/a;clashPen=n/a;enrichSets=1;enrichActive=4;enrichDecoy=165;enrichAUC=0.750;enrichMargin=0.180 | case=2hoj-tpp-riboswitch;rank=1;top=mode:1;decoys=0;margin=n/a;topRMSD=0.000;bestDecoyRMSD=n/a;contactSpec=n/a;clashPen=n/a;enrichSets=2;enrichActive=14;enrichDecoy=532;enrichAUC=0.714;enrichMargin=0.360 | case=3sd3-thf-riboswitch;rank=1;top=mode:1;decoys=0;margin=n/a;topRMSD=0.000;bestDecoyRMSD=n/a;contactSpec=n/a;clashPen=n/a;enrichSets=0;enrichActive=0;enrichDecoy=0;enrichAUC=n/a;enrichMargin=n/a | case=5dhb-gmp-primer-template;rank=1;top=mode:1;decoys=0;margin=n/a;topRMSD=0.000;bestDecoyRMSD=n/a;contactSpec=n/a;clashPen=n/a;enrichSets=0;enrichActive=0;enrichDecoy=0;enrichAUC=n/a;enrichMargin=n/a | case=6c64-mango-ii-ekm;rank=1;top=mode:1;decoys=0;margin=n/a;topRMSD=0.000;bestDecoyRMSD=n/a;contactSpec=n/a;clashPen=n/a;enrichSets=0;enrichActive=0;enrichDecoy=0;enrichAUC=n/a;enrichMargin=n/a | case=5bjp-corn-dfho;rank=1;top=mode:1;decoys=0;margin=n/a;topRMSD=0.000;bestDecoyRMSD=n/a;contactSpec=n/a;clashPen=n/a;enrichSets=0;enrichActive=0;enrichDecoy=0;enrichAUC=n/a;enrichMargin=n/a | case=6wzs-ztp-riboswitch;rank=1;top=mode:1;decoys=0;margin=n/a;topRMSD=0.000;bestDecoyRMSD=n/a;contactSpec=n/a;clashPen=n/a;enrichSets=0;enrichActive=0;enrichDecoy=0;enrichAUC=n/a;enrichMargin=n/a | case=3irw-c-di-gmp-riboswitch;rank=1;top=mode:1;decoys=0;margin=n/a;topRMSD=0.000;bestDecoyRMSD=n/a;contactSpec=n/a;clashPen=n/a;enrichSets=0;enrichActive=0;enrichDecoy=0;enrichAUC=n/a;enrichMargin=n/a | case=4qlm-c-di-amp-riboswitch;rank=1;top=mode:1;decoys=0;margin=n/a;topRMSD=0.000;bestDecoyRMSD=n/a;contactSpec=n/a;clashPen=n/a;enrichSets=0;enrichActive=0;enrichDecoy=0;enrichAUC=n/a;enrichMargin=n/a | case=3d0u-lysine-riboswitch;rank=1;top=mode:1;decoys=0;margin=n/a;topRMSD=0.000;bestDecoyRMSD=n/a;contactSpec=n/a;clashPen=n/a;enrichSets=0;enrichActive=0;enrichDecoy=0;enrichAUC=n/a;enrichMargin=n/a | case=3oww-glycine-riboswitch;rank=1;top=mode:1;decoys=0;margin=n/a;topRMSD=0.000;bestDecoyRMSD=n/a;contactSpec=n/a;clashPen=n/a;enrichSets=0;enrichActive=0;enrichDecoy=0;enrichAUC=n/a;enrichMargin=n/a
-0.120000,-0.180000,-0.350000,-0.350000,3.034557,0.724,-0.921,8,41,1423,1.000000,4.432960,0.562,0.000,0.000,8.224,26.605369,0.000000,0.000000,2.157895,1.000000,case=t6-thrombin-vina;rank=1;top=mode:1;decoys=0;margin=n/a;topRMSD=0.000;bestDecoyRMSD=n/a;contactSpec=n/a;clashPen=n/a;enrichSets=0;enrichActive=0;enrichDecoy=0;enrichAUC=n/a;enrichMargin=n/a | case=4q9r-spinach-2zy;rank=1;top=mode:1;decoys=10;margin=26.605;topRMSD=0.000;bestDecoyRMSD=8.224;contactSpec=0.000;clashPen=0.000;enrichSets=0;enrichActive=0;enrichDecoy=0;enrichAUC=n/a;enrichMargin=n/a | case=1fmn-fmn-riboswitch;rank=1;top=mode:1;decoys=0;margin=n/a;topRMSD=0.000;bestDecoyRMSD=n/a;contactSpec=n/a;clashPen=n/a;enrichSets=1;enrichActive=1;enrichDecoy=60;enrichAUC=1.000;enrichMargin=9.604 | case=1fmn-fmn-riboswitch-mg;rank=1;top=mode:1;decoys=0;margin=n/a;topRMSD=0.000;bestDecoyRMSD=n/a;contactSpec=n/a;clashPen=n/a;enrichSets=0;enrichActive=0;enrichDecoy=0;enrichAUC=n/a;enrichMargin=n/a | case=2g9c-purine-riboswitch;rank=1;top=mode:1;decoys=0;margin=n/a;topRMSD=0.000;bestDecoyRMSD=n/a;contactSpec=n/a;clashPen=n/a;enrichSets=1;enrichActive=7;enrichDecoy=88;enrichAUC=0.657;enrichMargin=-0.906 | case=4rzd-preq1-riboswitch;rank=1;top=mode:1;decoys=0;margin=n/a;topRMSD=0.000;bestDecoyRMSD=n/a;contactSpec=n/a;clashPen=n/a;enrichSets=1;enrichActive=5;enrichDecoy=74;enrichAUC=0.500;enrichMargin=0.000 | case=2gdi-tpp-riboswitch;rank=1;top=mode:1;decoys=0;margin=n/a;topRMSD=0.000;bestDecoyRMSD=n/a;contactSpec=n/a;clashPen=n/a;enrichSets=1;enrichActive=7;enrichDecoy=266;enrichAUC=0.628;enrichMargin=-14.656 | case=2ygh-sam-riboswitch;rank=1;top=mode:1;decoys=0;margin=n/a;topRMSD=0.000;bestDecoyRMSD=n/a;contactSpec=n/a;clashPen=n/a;enrichSets=1;enrichActive=3;enrichDecoy=238;enrichAUC=0.821;enrichMargin=-1.032 | case=3b4b-glms-riboswitch;rank=1;top=mode:1;decoys=0;margin=n/a;topRMSD=0.000;bestDecoyRMSD=n/a;contactSpec=n/a;clashPen=n/a;enrichSets=1;enrichActive=4;enrichDecoy=165;enrichAUC=0.750;enrichMargin=0.180 | case=2hoj-tpp-riboswitch;rank=1;top=mode:1;decoys=0;margin=n/a;topRMSD=0.000;bestDecoyRMSD=n/a;contactSpec=n/a;clashPen=n/a;enrichSets=2;enrichActive=14;enrichDecoy=532;enrichAUC=0.714;enrichMargin=0.360 | case=3sd3-thf-riboswitch;rank=1;top=mode:1;decoys=0;margin=n/a;topRMSD=0.000;bestDecoyRMSD=n/a;contactSpec=n/a;clashPen=n/a;enrichSets=0;enrichActive=0;enrichDecoy=0;enrichAUC=n/a;enrichMargin=n/a | case=5dhb-gmp-primer-template;rank=1;top=mode:1;decoys=0;margin=n/a;topRMSD=0.000;bestDecoyRMSD=n/a;contactSpec=n/a;clashPen=n/a;enrichSets=0;enrichActive=0;enrichDecoy=0;enrichAUC=n/a;enrichMargin=n/a | case=6c64-mango-ii-ekm;rank=1;top=mode:1;decoys=0;margin=n/a;topRMSD=0.000;bestDecoyRMSD=n/a;contactSpec=n/a;clashPen=n/a;enrichSets=0;enrichActive=0;enrichDecoy=0;enrichAUC=n/a;enrichMargin=n/a | case=5bjp-corn-dfho;rank=1;top=mode:1;decoys=0;margin=n/a;topRMSD=0.000;bestDecoyRMSD=n/a;contactSpec=n/a;clashPen=n/a;enrichSets=0;enrichActive=0;enrichDecoy=0;enrichAUC=n/a;enrichMargin=n/a | case=6wzs-ztp-riboswitch;rank=1;top=mode:1;decoys=0;margin=n/a;topRMSD=0.000;bestDecoyRMSD=n/a;contactSpec=n/a;clashPen=n/a;enrichSets=0;enrichActive=0;enrichDecoy=0;enrichAUC=n/a;enrichMargin=n/a | case=3irw-c-di-gmp-riboswitch;rank=1;top=mode:1;decoys=0;margin=n/a;topRMSD=0.000;bestDecoyRMSD=n/a;contactSpec=n/a;clashPen=n/a;enrichSets=0;enrichActive=0;enrichDecoy=0;enrichAUC=n/a;enrichMargin=n/a | case=4qlm-c-di-amp-riboswitch;rank=1;top=mode:1;decoys=0;margin=n/a;topRMSD=0.000;bestDecoyRMSD=n/a;contactSpec=n/a;clashPen=n/a;enrichSets=0;enrichActive=0;enrichDecoy=0;enrichAUC=n/a;enrichMargin=n/a | case=3d0u-lysine-riboswitch;rank=1;top=mode:1;decoys=0;margin=n/a;topRMSD=0.000;bestDecoyRMSD=n/a;contactSpec=n/a;clashPen=n/a;enrichSets=0;enrichActive=0;enrichDecoy=0;enrichAUC=n/a;enrichMargin=n/a | case=3oww-glycine-riboswitch;rank=1;top=mode:1;decoys=0;margin=n/a;topRMSD=0.000;bestDecoyRMSD=n/a;contactSpec=n/a;clashPen=n/a;enrichSets=0;enrichActive=0;enrichDecoy=0;enrichAUC=n/a;enrichMargin=n/a
-0.240000,-0.180000,-0.250000,-0.100000,3.041761,0.725,-0.924,8,41,1423,1.000000,4.456532,0.562,0.000,0.000,8.224,26.615408,0.000000,0.000000,2.157895,1.000000,case=t6-thrombin-vina;rank=1;top=mode:1;decoys=0;margin=n/a;topRMSD=0.000;bestDecoyRMSD=n/a;contactSpec=n/a;clashPen=n/a;enrichSets=0;enrichActive=0;enrichDecoy=0;enrichAUC=n/a;enrichMargin=n/a | case=4q9r-spinach-2zy;rank=1;top=mode:1;decoys=10;margin=26.615;topRMSD=0.000;bestDecoyRMSD=8.224;contactSpec=0.000;clashPen=0.000;enrichSets=0;enrichActive=0;enrichDecoy=0;enrichAUC=n/a;enrichMargin=n/a | case=1fmn-fmn-riboswitch;rank=1;top=mode:1;decoys=0;margin=n/a;topRMSD=0.000;bestDecoyRMSD=n/a;contactSpec=n/a;clashPen=n/a;enrichSets=1;enrichActive=1;enrichDecoy=60;enrichAUC=1.000;enrichMargin=9.671 | case=1fmn-fmn-riboswitch-mg;rank=1;top=mode:1;decoys=0;margin=n/a;topRMSD=0.000;bestDecoyRMSD=n/a;contactSpec=n/a;clashPen=n/a;enrichSets=0;enrichActive=0;enrichDecoy=0;enrichAUC=n/a;enrichMargin=n/a | case=2g9c-purine-riboswitch;rank=1;top=mode:1;decoys=0;margin=n/a;topRMSD=0.000;bestDecoyRMSD=n/a;contactSpec=n/a;clashPen=n/a;enrichSets=1;enrichActive=7;enrichDecoy=88;enrichAUC=0.659;enrichMargin=-0.905 | case=4rzd-preq1-riboswitch;rank=1;top=mode:1;decoys=0;margin=n/a;topRMSD=0.000;bestDecoyRMSD=n/a;contactSpec=n/a;clashPen=n/a;enrichSets=1;enrichActive=5;enrichDecoy=74;enrichAUC=0.500;enrichMargin=0.000 | case=2gdi-tpp-riboswitch;rank=1;top=mode:1;decoys=0;margin=n/a;topRMSD=0.000;bestDecoyRMSD=n/a;contactSpec=n/a;clashPen=n/a;enrichSets=1;enrichActive=7;enrichDecoy=266;enrichAUC=0.630;enrichMargin=-14.673 | case=2ygh-sam-riboswitch;rank=1;top=mode:1;decoys=0;margin=n/a;topRMSD=0.000;bestDecoyRMSD=n/a;contactSpec=n/a;clashPen=n/a;enrichSets=1;enrichActive=3;enrichDecoy=238;enrichAUC=0.819;enrichMargin=-1.098 | case=3b4b-glms-riboswitch;rank=1;top=mode:1;decoys=0;margin=n/a;topRMSD=0.000;bestDecoyRMSD=n/a;contactSpec=n/a;clashPen=n/a;enrichSets=1;enrichActive=4;enrichDecoy=165;enrichAUC=0.750;enrichMargin=0.180 | case=2hoj-tpp-riboswitch;rank=1;top=mode:1;decoys=0;margin=n/a;topRMSD=0.000;bestDecoyRMSD=n/a;contactSpec=n/a;clashPen=n/a;enrichSets=2;enrichActive=14;enrichDecoy=532;enrichAUC=0.714;enrichMargin=0.360 | case=3sd3-thf-riboswitch;rank=1;top=mode:1;decoys=0;margin=n/a;topRMSD=0.000;bestDecoyRMSD=n/a;contactSpec=n/a;clashPen=n/a;enrichSets=0;enrichActive=0;enrichDecoy=0;enrichAUC=n/a;enrichMargin=n/a | case=5dhb-gmp-primer-template;rank=1;top=mode:1;decoys=0;margin=n/a;topRMSD=0.000;bestDecoyRMSD=n/a;contactSpec=n/a;clashPen=n/a;enrichSets=0;enrichActive=0;enrichDecoy=0;enrichAUC=n/a;enrichMargin=n/a | case=6c64-mango-ii-ekm;rank=1;top=mode:1;decoys=0;margin=n/a;topRMSD=0.000;bestDecoyRMSD=n/a;contactSpec=n/a;clashPen=n/a;enrichSets=0;enrichActive=0;enrichDecoy=0;enrichAUC=n/a;enrichMargin=n/a | case=5bjp-corn-dfho;rank=1;top=mode:1;decoys=0;margin=n/a;topRMSD=0.000;bestDecoyRMSD=n/a;contactSpec=n/a;clashPen=n/a;enrichSets=0;enrichActive=0;enrichDecoy=0;enrichAUC=n/a;enrichMargin=n/a | case=6wzs-ztp-riboswitch;rank=1;top=mode:1;decoys=0;margin=n/a;topRMSD=0.000;bestDecoyRMSD=n/a;contactSpec=n/a;clashPen=n/a;enrichSets=0;enrichActive=0;enrichDecoy=0;enrichAUC=n/a;enrichMargin=n/a | case=3irw-c-di-gmp-riboswitch;rank=1;top=mode:1;decoys=0;margin=n/a;topRMSD=0.000;bestDecoyRMSD=n/a;contactSpec=n/a;clashPen=n/a;enrichSets=0;enrichActive=0;enrichDecoy=0;enrichAUC=n/a;enrichMargin=n/a | case=4qlm-c-di-amp-riboswitch;rank=1;top=mode:1;decoys=0;margin=n/a;topRMSD=0.000;bestDecoyRMSD=n/a;contactSpec=n/a;clashPen=n/a;enrichSets=0;enrichActive=0;enrichDecoy=0;enrichAUC=n/a;enrichMargin=n/a | case=3d0u-lysine-riboswitch;rank=1;top=mode:1;decoys=0;margin=n/a;topRMSD=0.000;bestDecoyRMSD=n/a;contactSpec=n/a;clashPen=n/a;enrichSets=0;enrichActive=0;enrichDecoy=0;enrichAUC=n/a;enrichMargin=n/a | case=3oww-glycine-riboswitch;rank=1;top=mode:1;decoys=0;margin=n/a;topRMSD=0.000;bestDecoyRMSD=n/a;contactSpec=n/a;clashPen=n/a;enrichSets=0;enrichActive=0;enrichDecoy=0;enrichAUC=n/a;enrichMargin=n/a
-0.240000,-0.180000,-0.250000,-0.220000,3.041761,0.725,-0.924,8,41,1423,1.000000,4.456532,0.562,0.000,0.000,8.224,26.615408,0.000000,0.000000,2.157895,1.000000,case=t6-thrombin-vina;rank=1;top=mode:1;decoys=0;margin=n/a;topRMSD=0.000;bestDecoyRMSD=n/a;contactSpec=n/a;clashPen=n/a;enrichSets=0;enrichActive=0;enrichDecoy=0;enrichAUC=n/a;enrichMargin=n/a | case=4q9r-spinach-2zy;rank=1;top=mode:1;decoys=10;margin=26.615;topRMSD=0.000;bestDecoyRMSD=8.224;contactSpec=0.000;clashPen=0.000;enrichSets=0;enrichActive=0;enrichDecoy=0;enrichAUC=n/a;enrichMargin=n/a | case=1fmn-fmn-riboswitch;rank=1;top=mode:1;decoys=0;margin=n/a;topRMSD=0.000;bestDecoyRMSD=n/a;contactSpec=n/a;clashPen=n/a;enrichSets=1;enrichActive=1;enrichDecoy=60;enrichAUC=1.000;enrichMargin=9.671 | case=1fmn-fmn-riboswitch-mg;rank=1;top=mode:1;decoys=0;margin=n/a;topRMSD=0.000;bestDecoyRMSD=n/a;contactSpec=n/a;clashPen=n/a;enrichSets=0;enrichActive=0;enrichDecoy=0;enrichAUC=n/a;enrichMargin=n/a | case=2g9c-purine-riboswitch;rank=1;top=mode:1;decoys=0;margin=n/a;topRMSD=0.000;bestDecoyRMSD=n/a;contactSpec=n/a;clashPen=n/a;enrichSets=1;enrichActive=7;enrichDecoy=88;enrichAUC=0.659;enrichMargin=-0.905 | case=4rzd-preq1-riboswitch;rank=1;top=mode:1;decoys=0;margin=n/a;topRMSD=0.000;bestDecoyRMSD=n/a;contactSpec=n/a;clashPen=n/a;enrichSets=1;enrichActive=5;enrichDecoy=74;enrichAUC=0.500;enrichMargin=0.000 | case=2gdi-tpp-riboswitch;rank=1;top=mode:1;decoys=0;margin=n/a;topRMSD=0.000;bestDecoyRMSD=n/a;contactSpec=n/a;clashPen=n/a;enrichSets=1;enrichActive=7;enrichDecoy=266;enrichAUC=0.630;enrichMargin=-14.673 | case=2ygh-sam-riboswitch;rank=1;top=mode:1;decoys=0;margin=n/a;topRMSD=0.000;bestDecoyRMSD=n/a;contactSpec=n/a;clashPen=n/a;enrichSets=1;enrichActive=3;enrichDecoy=238;enrichAUC=0.819;enrichMargin=-1.098 | case=3b4b-glms-riboswitch;rank=1;top=mode:1;decoys=0;margin=n/a;topRMSD=0.000;bestDecoyRMSD=n/a;contactSpec=n/a;clashPen=n/a;enrichSets=1;enrichActive=4;enrichDecoy=165;enrichAUC=0.750;enrichMargin=0.180 | case=2hoj-tpp-riboswitch;rank=1;top=mode:1;decoys=0;margin=n/a;topRMSD=0.000;bestDecoyRMSD=n/a;contactSpec=n/a;clashPen=n/a;enrichSets=2;enrichActive=14;enrichDecoy=532;enrichAUC=0.714;enrichMargin=0.360 | case=3sd3-thf-riboswitch;rank=1;top=mode:1;decoys=0;margin=n/a;topRMSD=0.000;bestDecoyRMSD=n/a;contactSpec=n/a;clashPen=n/a;enrichSets=0;enrichActive=0;enrichDecoy=0;enrichAUC=n/a;enrichMargin=n/a | case=5dhb-gmp-primer-template;rank=1;top=mode:1;decoys=0;margin=n/a;topRMSD=0.000;bestDecoyRMSD=n/a;contactSpec=n/a;clashPen=n/a;enrichSets=0;enrichActive=0;enrichDecoy=0;enrichAUC=n/a;enrichMargin=n/a | case=6c64-mango-ii-ekm;rank=1;top=mode:1;decoys=0;margin=n/a;topRMSD=0.000;bestDecoyRMSD=n/a;contactSpec=n/a;clashPen=n/a;enrichSets=0;enrichActive=0;enrichDecoy=0;enrichAUC=n/a;enrichMargin=n/a | case=5bjp-corn-dfho;rank=1;top=mode:1;decoys=0;margin=n/a;topRMSD=0.000;bestDecoyRMSD=n/a;contactSpec=n/a;clashPen=n/a;enrichSets=0;enrichActive=0;enrichDecoy=0;enrichAUC=n/a;enrichMargin=n/a | case=6wzs-ztp-riboswitch;rank=1;top=mode:1;decoys=0;margin=n/a;topRMSD=0.000;bestDecoyRMSD=n/a;contactSpec=n/a;clashPen=n/a;enrichSets=0;enrichActive=0;enrichDecoy=0;enrichAUC=n/a;enrichMargin=n/a | case=3irw-c-di-gmp-riboswitch;rank=1;top=mode:1;decoys=0;margin=n/a;topRMSD=0.000;bestDecoyRMSD=n/a;contactSpec=n/a;clashPen=n/a;enrichSets=0;enrichActive=0;enrichDecoy=0;enrichAUC=n/a;enrichMargin=n/a | case=4qlm-c-di-amp-riboswitch;rank=1;top=mode:1;decoys=0;margin=n/a;topRMSD=0.000;bestDecoyRMSD=n/a;contactSpec=n/a;clashPen=n/a;enrichSets=0;enrichActive=0;enrichDecoy=0;enrichAUC=n/a;enrichMargin=n/a | case=3d0u-lysine-riboswitch;rank=1;top=mode:1;decoys=0;margin=n/a;topRMSD=0.000;bestDecoyRMSD=n/a;contactSpec=n/a;clashPen=n/a;enrichSets=0;enrichActive=0;enrichDecoy=0;enrichAUC=n/a;enrichMargin=n/a | case=3oww-glycine-riboswitch;rank=1;top=mode:1;decoys=0;margin=n/a;topRMSD=0.000;bestDecoyRMSD=n/a;contactSpec=n/a;clashPen=n/a;enrichSets=0;enrichActive=0;enrichDecoy=0;enrichAUC=n/a;enrichMargin=n/a
-0.240000,-0.180000,-0.250000,-0.350000,3.041761,0.725,-0.924,8,41,1423,1.000000,4.456532,0.562,0.000,0.000,8.224,26.615408,0.000000,0.000000,2.157895,1.000000,case=t6-thrombin-vina;rank=1;top=mode:1;decoys=0;margin=n/a;topRMSD=0.000;bestDecoyRMSD=n/a;contactSpec=n/a;clashPen=n/a;enrichSets=0;enrichActive=0;enrichDecoy=0;enrichAUC=n/a;enrichMargin=n/a | case=4q9r-spinach-2zy;rank=1;top=mode:1;decoys=10;margin=26.615;topRMSD=0.000;bestDecoyRMSD=8.224;contactSpec=0.000;clashPen=0.000;enrichSets=0;enrichActive=0;enrichDecoy=0;enrichAUC=n/a;enrichMargin=n/a | case=1fmn-fmn-riboswitch;rank=1;top=mode:1;decoys=0;margin=n/a;topRMSD=0.000;bestDecoyRMSD=n/a;contactSpec=n/a;clashPen=n/a;enrichSets=1;enrichActive=1;enrichDecoy=60;enrichAUC=1.000;enrichMargin=9.671 | case=1fmn-fmn-riboswitch-mg;rank=1;top=mode:1;decoys=0;margin=n/a;topRMSD=0.000;bestDecoyRMSD=n/a;contactSpec=n/a;clashPen=n/a;enrichSets=0;enrichActive=0;enrichDecoy=0;enrichAUC=n/a;enrichMargin=n/a | case=2g9c-purine-riboswitch;rank=1;top=mode:1;decoys=0;margin=n/a;topRMSD=0.000;bestDecoyRMSD=n/a;contactSpec=n/a;clashPen=n/a;enrichSets=1;enrichActive=7;enrichDecoy=88;enrichAUC=0.659;enrichMargin=-0.905 | case=4rzd-preq1-riboswitch;rank=1;top=mode:1;decoys=0;margin=n/a;topRMSD=0.000;bestDecoyRMSD=n/a;contactSpec=n/a;clashPen=n/a;enrichSets=1;enrichActive=5;enrichDecoy=74;enrichAUC=0.500;enrichMargin=0.000 | case=2gdi-tpp-riboswitch;rank=1;top=mode:1;decoys=0;margin=n/a;topRMSD=0.000;bestDecoyRMSD=n/a;contactSpec=n/a;clashPen=n/a;enrichSets=1;enrichActive=7;enrichDecoy=266;enrichAUC=0.630;enrichMargin=-14.673 | case=2ygh-sam-riboswitch;rank=1;top=mode:1;decoys=0;margin=n/a;topRMSD=0.000;bestDecoyRMSD=n/a;contactSpec=n/a;clashPen=n/a;enrichSets=1;enrichActive=3;enrichDecoy=238;enrichAUC=0.819;enrichMargin=-1.098 | case=3b4b-glms-riboswitch;rank=1;top=mode:1;decoys=0;margin=n/a;topRMSD=0.000;bestDecoyRMSD=n/a;contactSpec=n/a;clashPen=n/a;enrichSets=1;enrichActive=4;enrichDecoy=165;enrichAUC=0.750;enrichMargin=0.180 | case=2hoj-tpp-riboswitch;rank=1;top=mode:1;decoys=0;margin=n/a;topRMSD=0.000;bestDecoyRMSD=n/a;contactSpec=n/a;clashPen=n/a;enrichSets=2;enrichActive=14;enrichDecoy=532;enrichAUC=0.714;enrichMargin=0.360 | case=3sd3-thf-riboswitch;rank=1;top=mode:1;decoys=0;margin=n/a;topRMSD=0.000;bestDecoyRMSD=n/a;contactSpec=n/a;clashPen=n/a;enrichSets=0;enrichActive=0;enrichDecoy=0;enrichAUC=n/a;enrichMargin=n/a | case=5dhb-gmp-primer-template;rank=1;top=mode:1;decoys=0;margin=n/a;topRMSD=0.000;bestDecoyRMSD=n/a;contactSpec=n/a;clashPen=n/a;enrichSets=0;enrichActive=0;enrichDecoy=0;enrichAUC=n/a;enrichMargin=n/a | case=6c64-mango-ii-ekm;rank=1;top=mode:1;decoys=0;margin=n/a;topRMSD=0.000;bestDecoyRMSD=n/a;contactSpec=n/a;clashPen=n/a;enrichSets=0;enrichActive=0;enrichDecoy=0;enrichAUC=n/a;enrichMargin=n/a | case=5bjp-corn-dfho;rank=1;top=mode:1;decoys=0;margin=n/a;topRMSD=0.000;bestDecoyRMSD=n/a;contactSpec=n/a;clashPen=n/a;enrichSets=0;enrichActive=0;enrichDecoy=0;enrichAUC=n/a;enrichMargin=n/a | case=6wzs-ztp-riboswitch;rank=1;top=mode:1;decoys=0;margin=n/a;topRMSD=0.000;bestDecoyRMSD=n/a;contactSpec=n/a;clashPen=n/a;enrichSets=0;enrichActive=0;enrichDecoy=0;enrichAUC=n/a;enrichMargin=n/a | case=3irw-c-di-gmp-riboswitch;rank=1;top=mode:1;decoys=0;margin=n/a;topRMSD=0.000;bestDecoyRMSD=n/a;contactSpec=n/a;clashPen=n/a;enrichSets=0;enrichActive=0;enrichDecoy=0;enrichAUC=n/a;enrichMargin=n/a | case=4qlm-c-di-amp-riboswitch;rank=1;top=mode:1;decoys=0;margin=n/a;topRMSD=0.000;bestDecoyRMSD=n/a;contactSpec=n/a;clashPen=n/a;enrichSets=0;enrichActive=0;enrichDecoy=0;enrichAUC=n/a;enrichMargin=n/a | case=3d0u-lysine-riboswitch;rank=1;top=mode:1;decoys=0;margin=n/a;topRMSD=0.000;bestDecoyRMSD=n/a;contactSpec=n/a;clashPen=n/a;enrichSets=0;enrichActive=0;enrichDecoy=0;enrichAUC=n/a;enrichMargin=n/a | case=3oww-glycine-riboswitch;rank=1;top=mode:1;decoys=0;margin=n/a;topRMSD=0.000;bestDecoyRMSD=n/a;contactSpec=n/a;clashPen=n/a;enrichSets=0;enrichActive=0;enrichDecoy=0;enrichAUC=n/a;enrichMargin=n/a
-0.080000,-0.180000,-0.350000,-0.100000,3.042462,0.724,-0.927,8,41,1423,1.000000,4.444110,0.562,0.000,0.000,8.224,26.605379,0.000000,0.000000,2.157895,1.000000,case=t6-thrombin-vina;rank=1;top=mode:1;decoys=0;margin=n/a;topRMSD=0.000;bestDecoyRMSD=n/a;contactSpec=n/a;clashPen=n/a;enrichSets=0;enrichActive=0;enrichDecoy=0;enrichAUC=n/a;enrichMargin=n/a | case=4q9r-spinach-2zy;rank=1;top=mode:1;decoys=10;margin=26.605;topRMSD=0.000;bestDecoyRMSD=8.224;contactSpec=0.000;clashPen=0.000;enrichSets=0;enrichActive=0;enrichDecoy=0;enrichAUC=n/a;enrichMargin=n/a | case=1fmn-fmn-riboswitch;rank=1;top=mode:1;decoys=0;margin=n/a;topRMSD=0.000;bestDecoyRMSD=n/a;contactSpec=n/a;clashPen=n/a;enrichSets=1;enrichActive=1;enrichDecoy=60;enrichAUC=1.000;enrichMargin=9.534 | case=1fmn-fmn-riboswitch-mg;rank=1;top=mode:1;decoys=0;margin=n/a;topRMSD=0.000;bestDecoyRMSD=n/a;contactSpec=n/a;clashPen=n/a;enrichSets=0;enrichActive=0;enrichDecoy=0;enrichAUC=n/a;enrichMargin=n/a | case=2g9c-purine-riboswitch;rank=1;top=mode:1;decoys=0;margin=n/a;topRMSD=0.000;bestDecoyRMSD=n/a;contactSpec=n/a;clashPen=n/a;enrichSets=1;enrichActive=7;enrichDecoy=88;enrichAUC=0.656;enrichMargin=-0.906 | case=4rzd-preq1-riboswitch;rank=1;top=mode:1;decoys=0;margin=n/a;topRMSD=0.000;bestDecoyRMSD=n/a;contactSpec=n/a;clashPen=n/a;enrichSets=1;enrichActive=5;enrichDecoy=74;enrichAUC=0.500;enrichMargin=0.000 | case=2gdi-tpp-riboswitch;rank=1;top=mode:1;decoys=0;margin=n/a;topRMSD=0.000;bestDecoyRMSD=n/a;contactSpec=n/a;clashPen=n/a;enrichSets=1;enrichActive=7;enrichDecoy=266;enrichAUC=0.627;enrichMargin=-14.651 | case=2ygh-sam-riboswitch;rank=1;top=mode:1;decoys=0;margin=n/a;topRMSD=0.000;bestDecoyRMSD=n/a;contactSpec=n/a;clashPen=n/a;enrichSets=1;enrichActive=3;enrichDecoy=238;enrichAUC=0.821;enrichMargin=-1.010 | case=3b4b-glms-riboswitch;rank=1;top=mode:1;decoys=0;margin=n/a;topRMSD=0.000;bestDecoyRMSD=n/a;contactSpec=n/a;clashPen=n/a;enrichSets=1;enrichActive=4;enrichDecoy=165;enrichAUC=0.750;enrichMargin=0.180 | case=2hoj-tpp-riboswitch;rank=1;top=mode:1;decoys=0;margin=n/a;topRMSD=0.000;bestDecoyRMSD=n/a;contactSpec=n/a;clashPen=n/a;enrichSets=2;enrichActive=14;enrichDecoy=532;enrichAUC=0.714;enrichMargin=0.360 | case=3sd3-thf-riboswitch;rank=1;top=mode:1;decoys=0;margin=n/a;topRMSD=0.000;bestDecoyRMSD=n/a;contactSpec=n/a;clashPen=n/a;enrichSets=0;enrichActive=0;enrichDecoy=0;enrichAUC=n/a;enrichMargin=n/a | case=5dhb-gmp-primer-template;rank=1;top=mode:1;decoys=0;margin=n/a;topRMSD=0.000;bestDecoyRMSD=n/a;contactSpec=n/a;clashPen=n/a;enrichSets=0;enrichActive=0;enrichDecoy=0;enrichAUC=n/a;enrichMargin=n/a | case=6c64-mango-ii-ekm;rank=1;top=mode:1;decoys=0;margin=n/a;topRMSD=0.000;bestDecoyRMSD=n/a;contactSpec=n/a;clashPen=n/a;enrichSets=0;enrichActive=0;enrichDecoy=0;enrichAUC=n/a;enrichMargin=n/a | case=5bjp-corn-dfho;rank=1;top=mode:1;decoys=0;margin=n/a;topRMSD=0.000;bestDecoyRMSD=n/a;contactSpec=n/a;clashPen=n/a;enrichSets=0;enrichActive=0;enrichDecoy=0;enrichAUC=n/a;enrichMargin=n/a | case=6wzs-ztp-riboswitch;rank=1;top=mode:1;decoys=0;margin=n/a;topRMSD=0.000;bestDecoyRMSD=n/a;contactSpec=n/a;clashPen=n/a;enrichSets=0;enrichActive=0;enrichDecoy=0;enrichAUC=n/a;enrichMargin=n/a | case=3irw-c-di-gmp-riboswitch;rank=1;top=mode:1;decoys=0;margin=n/a;topRMSD=0.000;bestDecoyRMSD=n/a;contactSpec=n/a;clashPen=n/a;enrichSets=0;enrichActive=0;enrichDecoy=0;enrichAUC=n/a;enrichMargin=n/a | case=4qlm-c-di-amp-riboswitch;rank=1;top=mode:1;decoys=0;margin=n/a;topRMSD=0.000;bestDecoyRMSD=n/a;contactSpec=n/a;clashPen=n/a;enrichSets=0;enrichActive=0;enrichDecoy=0;enrichAUC=n/a;enrichMargin=n/a | case=3d0u-lysine-riboswitch;rank=1;top=mode:1;decoys=0;margin=n/a;topRMSD=0.000;bestDecoyRMSD=n/a;contactSpec=n/a;clashPen=n/a;enrichSets=0;enrichActive=0;enrichDecoy=0;enrichAUC=n/a;enrichMargin=n/a | case=3oww-glycine-riboswitch;rank=1;top=mode:1;decoys=0;margin=n/a;topRMSD=0.000;bestDecoyRMSD=n/a;contactSpec=n/a;clashPen=n/a;enrichSets=0;enrichActive=0;enrichDecoy=0;enrichAUC=n/a;enrichMargin=n/a
-0.080000,-0.180000,-0.350000,-0.220000,3.042462,0.724,-0.927,8,41,1423,1.000000,4.444110,0.562,0.000,0.000,8.224,26.605379,0.000000,0.000000,2.157895,1.000000,case=t6-thrombin-vina;rank=1;top=mode:1;decoys=0;margin=n/a;topRMSD=0.000;bestDecoyRMSD=n/a;contactSpec=n/a;clashPen=n/a;enrichSets=0;enrichActive=0;enrichDecoy=0;enrichAUC=n/a;enrichMargin=n/a | case=4q9r-spinach-2zy;rank=1;top=mode:1;decoys=10;margin=26.605;topRMSD=0.000;bestDecoyRMSD=8.224;contactSpec=0.000;clashPen=0.000;enrichSets=0;enrichActive=0;enrichDecoy=0;enrichAUC=n/a;enrichMargin=n/a | case=1fmn-fmn-riboswitch;rank=1;top=mode:1;decoys=0;margin=n/a;topRMSD=0.000;bestDecoyRMSD=n/a;contactSpec=n/a;clashPen=n/a;enrichSets=1;enrichActive=1;enrichDecoy=60;enrichAUC=1.000;enrichMargin=9.534 | case=1fmn-fmn-riboswitch-mg;rank=1;top=mode:1;decoys=0;margin=n/a;topRMSD=0.000;bestDecoyRMSD=n/a;contactSpec=n/a;clashPen=n/a;enrichSets=0;enrichActive=0;enrichDecoy=0;enrichAUC=n/a;enrichMargin=n/a | case=2g9c-purine-riboswitch;rank=1;top=mode:1;decoys=0;margin=n/a;topRMSD=0.000;bestDecoyRMSD=n/a;contactSpec=n/a;clashPen=n/a;enrichSets=1;enrichActive=7;enrichDecoy=88;enrichAUC=0.656;enrichMargin=-0.906 | case=4rzd-preq1-riboswitch;rank=1;top=mode:1;decoys=0;margin=n/a;topRMSD=0.000;bestDecoyRMSD=n/a;contactSpec=n/a;clashPen=n/a;enrichSets=1;enrichActive=5;enrichDecoy=74;enrichAUC=0.500;enrichMargin=0.000 | case=2gdi-tpp-riboswitch;rank=1;top=mode:1;decoys=0;margin=n/a;topRMSD=0.000;bestDecoyRMSD=n/a;contactSpec=n/a;clashPen=n/a;enrichSets=1;enrichActive=7;enrichDecoy=266;enrichAUC=0.627;enrichMargin=-14.651 | case=2ygh-sam-riboswitch;rank=1;top=mode:1;decoys=0;margin=n/a;topRMSD=0.000;bestDecoyRMSD=n/a;contactSpec=n/a;clashPen=n/a;enrichSets=1;enrichActive=3;enrichDecoy=238;enrichAUC=0.821;enrichMargin=-1.010 | case=3b4b-glms-riboswitch;rank=1;top=mode:1;decoys=0;margin=n/a;topRMSD=0.000;bestDecoyRMSD=n/a;contactSpec=n/a;clashPen=n/a;enrichSets=1;enrichActive=4;enrichDecoy=165;enrichAUC=0.750;enrichMargin=0.180 | case=2hoj-tpp-riboswitch;rank=1;top=mode:1;decoys=0;margin=n/a;topRMSD=0.000;bestDecoyRMSD=n/a;contactSpec=n/a;clashPen=n/a;enrichSets=2;enrichActive=14;enrichDecoy=532;enrichAUC=0.714;enrichMargin=0.360 | case=3sd3-thf-riboswitch;rank=1;top=mode:1;decoys=0;margin=n/a;topRMSD=0.000;bestDecoyRMSD=n/a;contactSpec=n/a;clashPen=n/a;enrichSets=0;enrichActive=0;enrichDecoy=0;enrichAUC=n/a;enrichMargin=n/a | case=5dhb-gmp-primer-template;rank=1;top=mode:1;decoys=0;margin=n/a;topRMSD=0.000;bestDecoyRMSD=n/a;contactSpec=n/a;clashPen=n/a;enrichSets=0;enrichActive=0;enrichDecoy=0;enrichAUC=n/a;enrichMargin=n/a | case=6c64-mango-ii-ekm;rank=1;top=mode:1;decoys=0;margin=n/a;topRMSD=0.000;bestDecoyRMSD=n/a;contactSpec=n/a;clashPen=n/a;enrichSets=0;enrichActive=0;enrichDecoy=0;enrichAUC=n/a;enrichMargin=n/a | case=5bjp-corn-dfho;rank=1;top=mode:1;decoys=0;margin=n/a;topRMSD=0.000;bestDecoyRMSD=n/a;contactSpec=n/a;clashPen=n/a;enrichSets=0;enrichActive=0;enrichDecoy=0;enrichAUC=n/a;enrichMargin=n/a | case=6wzs-ztp-riboswitch;rank=1;top=mode:1;decoys=0;margin=n/a;topRMSD=0.000;bestDecoyRMSD=n/a;contactSpec=n/a;clashPen=n/a;enrichSets=0;enrichActive=0;enrichDecoy=0;enrichAUC=n/a;enrichMargin=n/a | case=3irw-c-di-gmp-riboswitch;rank=1;top=mode:1;decoys=0;margin=n/a;topRMSD=0.000;bestDecoyRMSD=n/a;contactSpec=n/a;clashPen=n/a;enrichSets=0;enrichActive=0;enrichDecoy=0;enrichAUC=n/a;enrichMargin=n/a | case=4qlm-c-di-amp-riboswitch;rank=1;top=mode:1;decoys=0;margin=n/a;topRMSD=0.000;bestDecoyRMSD=n/a;contactSpec=n/a;clashPen=n/a;enrichSets=0;enrichActive=0;enrichDecoy=0;enrichAUC=n/a;enrichMargin=n/a | case=3d0u-lysine-riboswitch;rank=1;top=mode:1;decoys=0;margin=n/a;topRMSD=0.000;bestDecoyRMSD=n/a;contactSpec=n/a;clashPen=n/a;enrichSets=0;enrichActive=0;enrichDecoy=0;enrichAUC=n/a;enrichMargin=n/a | case=3oww-glycine-riboswitch;rank=1;top=mode:1;decoys=0;margin=n/a;topRMSD=0.000;bestDecoyRMSD=n/a;contactSpec=n/a;clashPen=n/a;enrichSets=0;enrichActive=0;enrichDecoy=0;enrichAUC=n/a;enrichMargin=n/a
-0.080000,-0.180000,-0.350000,-0.350000,3.042462,0.724,-0.927,8,41,1423,1.000000,4.444110,0.562,0.000,0.000,8.224,26.605379,0.000000,0.000000,2.157895,1.000000,case=t6-thrombin-vina;rank=1;top=mode:1;decoys=0;margin=n/a;topRMSD=0.000;bestDecoyRMSD=n/a;contactSpec=n/a;clashPen=n/a;enrichSets=0;enrichActive=0;enrichDecoy=0;enrichAUC=n/a;enrichMargin=n/a | case=4q9r-spinach-2zy;rank=1;top=mode:1;decoys=10;margin=26.605;topRMSD=0.000;bestDecoyRMSD=8.224;contactSpec=0.000;clashPen=0.000;enrichSets=0;enrichActive=0;enrichDecoy=0;enrichAUC=n/a;enrichMargin=n/a | case=1fmn-fmn-riboswitch;rank=1;top=mode:1;decoys=0;margin=n/a;topRMSD=0.000;bestDecoyRMSD=n/a;contactSpec=n/a;clashPen=n/a;enrichSets=1;enrichActive=1;enrichDecoy=60;enrichAUC=1.000;enrichMargin=9.534 | case=1fmn-fmn-riboswitch-mg;rank=1;top=mode:1;decoys=0;margin=n/a;topRMSD=0.000;bestDecoyRMSD=n/a;contactSpec=n/a;clashPen=n/a;enrichSets=0;enrichActive=0;enrichDecoy=0;enrichAUC=n/a;enrichMargin=n/a | case=2g9c-purine-riboswitch;rank=1;top=mode:1;decoys=0;margin=n/a;topRMSD=0.000;bestDecoyRMSD=n/a;contactSpec=n/a;clashPen=n/a;enrichSets=1;enrichActive=7;enrichDecoy=88;enrichAUC=0.656;enrichMargin=-0.906 | case=4rzd-preq1-riboswitch;rank=1;top=mode:1;decoys=0;margin=n/a;topRMSD=0.000;bestDecoyRMSD=n/a;contactSpec=n/a;clashPen=n/a;enrichSets=1;enrichActive=5;enrichDecoy=74;enrichAUC=0.500;enrichMargin=0.000 | case=2gdi-tpp-riboswitch;rank=1;top=mode:1;decoys=0;margin=n/a;topRMSD=0.000;bestDecoyRMSD=n/a;contactSpec=n/a;clashPen=n/a;enrichSets=1;enrichActive=7;enrichDecoy=266;enrichAUC=0.627;enrichMargin=-14.651 | case=2ygh-sam-riboswitch;rank=1;top=mode:1;decoys=0;margin=n/a;topRMSD=0.000;bestDecoyRMSD=n/a;contactSpec=n/a;clashPen=n/a;enrichSets=1;enrichActive=3;enrichDecoy=238;enrichAUC=0.821;enrichMargin=-1.010 | case=3b4b-glms-riboswitch;rank=1;top=mode:1;decoys=0;margin=n/a;topRMSD=0.000;bestDecoyRMSD=n/a;contactSpec=n/a;clashPen=n/a;enrichSets=1;enrichActive=4;enrichDecoy=165;enrichAUC=0.750;enrichMargin=0.180 | case=2hoj-tpp-riboswitch;rank=1;top=mode:1;decoys=0;margin=n/a;topRMSD=0.000;bestDecoyRMSD=n/a;contactSpec=n/a;clashPen=n/a;enrichSets=2;enrichActive=14;enrichDecoy=532;enrichAUC=0.714;enrichMargin=0.360 | case=3sd3-thf-riboswitch;rank=1;top=mode:1;decoys=0;margin=n/a;topRMSD=0.000;bestDecoyRMSD=n/a;contactSpec=n/a;clashPen=n/a;enrichSets=0;enrichActive=0;enrichDecoy=0;enrichAUC=n/a;enrichMargin=n/a | case=5dhb-gmp-primer-template;rank=1;top=mode:1;decoys=0;margin=n/a;topRMSD=0.000;bestDecoyRMSD=n/a;contactSpec=n/a;clashPen=n/a;enrichSets=0;enrichActive=0;enrichDecoy=0;enrichAUC=n/a;enrichMargin=n/a | case=6c64-mango-ii-ekm;rank=1;top=mode:1;decoys=0;margin=n/a;topRMSD=0.000;bestDecoyRMSD=n/a;contactSpec=n/a;clashPen=n/a;enrichSets=0;enrichActive=0;enrichDecoy=0;enrichAUC=n/a;enrichMargin=n/a | case=5bjp-corn-dfho;rank=1;top=mode:1;decoys=0;margin=n/a;topRMSD=0.000;bestDecoyRMSD=n/a;contactSpec=n/a;clashPen=n/a;enrichSets=0;enrichActive=0;enrichDecoy=0;enrichAUC=n/a;enrichMargin=n/a | case=6wzs-ztp-riboswitch;rank=1;top=mode:1;decoys=0;margin=n/a;topRMSD=0.000;bestDecoyRMSD=n/a;contactSpec=n/a;clashPen=n/a;enrichSets=0;enrichActive=0;enrichDecoy=0;enrichAUC=n/a;enrichMargin=n/a | case=3irw-c-di-gmp-riboswitch;rank=1;top=mode:1;decoys=0;margin=n/a;topRMSD=0.000;bestDecoyRMSD=n/a;contactSpec=n/a;clashPen=n/a;enrichSets=0;enrichActive=0;enrichDecoy=0;enrichAUC=n/a;enrichMargin=n/a | case=4qlm-c-di-amp-riboswitch;rank=1;top=mode:1;decoys=0;margin=n/a;topRMSD=0.000;bestDecoyRMSD=n/a;contactSpec=n/a;clashPen=n/a;enrichSets=0;enrichActive=0;enrichDecoy=0;enrichAUC=n/a;enrichMargin=n/a | case=3d0u-lysine-riboswitch;rank=1;top=mode:1;decoys=0;margin=n/a;topRMSD=0.000;bestDecoyRMSD=n/a;contactSpec=n/a;clashPen=n/a;enrichSets=0;enrichActive=0;enrichDecoy=0;enrichAUC=n/a;enrichMargin=n/a | case=3oww-glycine-riboswitch;rank=1;top=mode:1;decoys=0;margin=n/a;topRMSD=0.000;bestDecoyRMSD=n/a;contactSpec=n/a;clashPen=n/a;enrichSets=0;enrichActive=0;enrichDecoy=0;enrichAUC=n/a;enrichMargin=n/a
-0.180000,-0.180000,-0.250000,-0.100000,3.053235,0.724,-0.933,8,41,1423,1.000000,4.473257,0.562,0.000,0.000,8.224,26.615422,0.000000,0.000000,2.157895,1.000000,case=t6-thrombin-vina;rank=1;top=mode:1;decoys=0;margin=n/a;topRMSD=0.000;bestDecoyRMSD=n/a;contactSpec=n/a;clashPen=n/a;enrichSets=0;enrichActive=0;enrichDecoy=0;enrichAUC=n/a;enrichMargin=n/a | case=4q9r-spinach-2zy;rank=1;top=mode:1;decoys=10;margin=26.615;topRMSD=0.000;bestDecoyRMSD=8.224;contactSpec=0.000;clashPen=0.000;enrichSets=0;enrichActive=0;enrichDecoy=0;enrichAUC=n/a;enrichMargin=n/a | case=1fmn-fmn-riboswitch;rank=1;top=mode:1;decoys=0;margin=n/a;topRMSD=0.000;bestDecoyRMSD=n/a;contactSpec=n/a;clashPen=n/a;enrichSets=1;enrichActive=1;enrichDecoy=60;enrichAUC=1.000;enrichMargin=9.567 | case=1fmn-fmn-riboswitch-mg;rank=1;top=mode:1;decoys=0;margin=n/a;topRMSD=0.000;bestDecoyRMSD=n/a;contactSpec=n/a;clashPen=n/a;enrichSets=0;enrichActive=0;enrichDecoy=0;enrichAUC=n/a;enrichMargin=n/a | case=2g9c-purine-riboswitch;rank=1;top=mode:1;decoys=0;margin=n/a;topRMSD=0.000;bestDecoyRMSD=n/a;contactSpec=n/a;clashPen=n/a;enrichSets=1;enrichActive=7;enrichDecoy=88;enrichAUC=0.657;enrichMargin=-0.906 | case=4rzd-preq1-riboswitch;rank=1;top=mode:1;decoys=0;margin=n/a;topRMSD=0.000;bestDecoyRMSD=n/a;contactSpec=n/a;clashPen=n/a;enrichSets=1;enrichActive=5;enrichDecoy=74;enrichAUC=0.500;enrichMargin=0.000 | case=2gdi-tpp-riboswitch;rank=1;top=mode:1;decoys=0;margin=n/a;topRMSD=0.000;bestDecoyRMSD=n/a;contactSpec=n/a;clashPen=n/a;enrichSets=1;enrichActive=7;enrichDecoy=266;enrichAUC=0.629;enrichMargin=-14.664 | case=2ygh-sam-riboswitch;rank=1;top=mode:1;decoys=0;margin=n/a;topRMSD=0.000;bestDecoyRMSD=n/a;contactSpec=n/a;clashPen=n/a;enrichSets=1;enrichActive=3;enrichDecoy=238;enrichAUC=0.819;enrichMargin=-1.065 | case=3b4b-glms-riboswitch;rank=1;top=mode:1;decoys=0;margin=n/a;topRMSD=0.000;bestDecoyRMSD=n/a;contactSpec=n/a;clashPen=n/a;enrichSets=1;enrichActive=4;enrichDecoy=165;enrichAUC=0.750;enrichMargin=0.180 | case=2hoj-tpp-riboswitch;rank=1;top=mode:1;decoys=0;margin=n/a;topRMSD=0.000;bestDecoyRMSD=n/a;contactSpec=n/a;clashPen=n/a;enrichSets=2;enrichActive=14;enrichDecoy=532;enrichAUC=0.714;enrichMargin=0.360 | case=3sd3-thf-riboswitch;rank=1;top=mode:1;decoys=0;margin=n/a;topRMSD=0.000;bestDecoyRMSD=n/a;contactSpec=n/a;clashPen=n/a;enrichSets=0;enrichActive=0;enrichDecoy=0;enrichAUC=n/a;enrichMargin=n/a | case=5dhb-gmp-primer-template;rank=1;top=mode:1;decoys=0;margin=n/a;topRMSD=0.000;bestDecoyRMSD=n/a;contactSpec=n/a;clashPen=n/a;enrichSets=0;enrichActive=0;enrichDecoy=0;enrichAUC=n/a;enrichMargin=n/a | case=6c64-mango-ii-ekm;rank=1;top=mode:1;decoys=0;margin=n/a;topRMSD=0.000;bestDecoyRMSD=n/a;contactSpec=n/a;clashPen=n/a;enrichSets=0;enrichActive=0;enrichDecoy=0;enrichAUC=n/a;enrichMargin=n/a | case=5bjp-corn-dfho;rank=1;top=mode:1;decoys=0;margin=n/a;topRMSD=0.000;bestDecoyRMSD=n/a;contactSpec=n/a;clashPen=n/a;enrichSets=0;enrichActive=0;enrichDecoy=0;enrichAUC=n/a;enrichMargin=n/a | case=6wzs-ztp-riboswitch;rank=1;top=mode:1;decoys=0;margin=n/a;topRMSD=0.000;bestDecoyRMSD=n/a;contactSpec=n/a;clashPen=n/a;enrichSets=0;enrichActive=0;enrichDecoy=0;enrichAUC=n/a;enrichMargin=n/a | case=3irw-c-di-gmp-riboswitch;rank=1;top=mode:1;decoys=0;margin=n/a;topRMSD=0.000;bestDecoyRMSD=n/a;contactSpec=n/a;clashPen=n/a;enrichSets=0;enrichActive=0;enrichDecoy=0;enrichAUC=n/a;enrichMargin=n/a | case=4qlm-c-di-amp-riboswitch;rank=1;top=mode:1;decoys=0;margin=n/a;topRMSD=0.000;bestDecoyRMSD=n/a;contactSpec=n/a;clashPen=n/a;enrichSets=0;enrichActive=0;enrichDecoy=0;enrichAUC=n/a;enrichMargin=n/a | case=3d0u-lysine-riboswitch;rank=1;top=mode:1;decoys=0;margin=n/a;topRMSD=0.000;bestDecoyRMSD=n/a;contactSpec=n/a;clashPen=n/a;enrichSets=0;enrichActive=0;enrichDecoy=0;enrichAUC=n/a;enrichMargin=n/a | case=3oww-glycine-riboswitch;rank=1;top=mode:1;decoys=0;margin=n/a;topRMSD=0.000;bestDecoyRMSD=n/a;contactSpec=n/a;clashPen=n/a;enrichSets=0;enrichActive=0;enrichDecoy=0;enrichAUC=n/a;enrichMargin=n/a
-0.180000,-0.180000,-0.250000,-0.220000,3.053235,0.724,-0.933,8,41,1423,1.000000,4.473257,0.562,0.000,0.000,8.224,26.615422,0.000000,0.000000,2.157895,1.000000,case=t6-thrombin-vina;rank=1;top=mode:1;decoys=0;margin=n/a;topRMSD=0.000;bestDecoyRMSD=n/a;contactSpec=n/a;clashPen=n/a;enrichSets=0;enrichActive=0;enrichDecoy=0;enrichAUC=n/a;enrichMargin=n/a | case=4q9r-spinach-2zy;rank=1;top=mode:1;decoys=10;margin=26.615;topRMSD=0.000;bestDecoyRMSD=8.224;contactSpec=0.000;clashPen=0.000;enrichSets=0;enrichActive=0;enrichDecoy=0;enrichAUC=n/a;enrichMargin=n/a | case=1fmn-fmn-riboswitch;rank=1;top=mode:1;decoys=0;margin=n/a;topRMSD=0.000;bestDecoyRMSD=n/a;contactSpec=n/a;clashPen=n/a;enrichSets=1;enrichActive=1;enrichDecoy=60;enrichAUC=1.000;enrichMargin=9.567 | case=1fmn-fmn-riboswitch-mg;rank=1;top=mode:1;decoys=0;margin=n/a;topRMSD=0.000;bestDecoyRMSD=n/a;contactSpec=n/a;clashPen=n/a;enrichSets=0;enrichActive=0;enrichDecoy=0;enrichAUC=n/a;enrichMargin=n/a | case=2g9c-purine-riboswitch;rank=1;top=mode:1;decoys=0;margin=n/a;topRMSD=0.000;bestDecoyRMSD=n/a;contactSpec=n/a;clashPen=n/a;enrichSets=1;enrichActive=7;enrichDecoy=88;enrichAUC=0.657;enrichMargin=-0.906 | case=4rzd-preq1-riboswitch;rank=1;top=mode:1;decoys=0;margin=n/a;topRMSD=0.000;bestDecoyRMSD=n/a;contactSpec=n/a;clashPen=n/a;enrichSets=1;enrichActive=5;enrichDecoy=74;enrichAUC=0.500;enrichMargin=0.000 | case=2gdi-tpp-riboswitch;rank=1;top=mode:1;decoys=0;margin=n/a;topRMSD=0.000;bestDecoyRMSD=n/a;contactSpec=n/a;clashPen=n/a;enrichSets=1;enrichActive=7;enrichDecoy=266;enrichAUC=0.629;enrichMargin=-14.664 | case=2ygh-sam-riboswitch;rank=1;top=mode:1;decoys=0;margin=n/a;topRMSD=0.000;bestDecoyRMSD=n/a;contactSpec=n/a;clashPen=n/a;enrichSets=1;enrichActive=3;enrichDecoy=238;enrichAUC=0.819;enrichMargin=-1.065 | case=3b4b-glms-riboswitch;rank=1;top=mode:1;decoys=0;margin=n/a;topRMSD=0.000;bestDecoyRMSD=n/a;contactSpec=n/a;clashPen=n/a;enrichSets=1;enrichActive=4;enrichDecoy=165;enrichAUC=0.750;enrichMargin=0.180 | case=2hoj-tpp-riboswitch;rank=1;top=mode:1;decoys=0;margin=n/a;topRMSD=0.000;bestDecoyRMSD=n/a;contactSpec=n/a;clashPen=n/a;enrichSets=2;enrichActive=14;enrichDecoy=532;enrichAUC=0.714;enrichMargin=0.360 | case=3sd3-thf-riboswitch;rank=1;top=mode:1;decoys=0;margin=n/a;topRMSD=0.000;bestDecoyRMSD=n/a;contactSpec=n/a;clashPen=n/a;enrichSets=0;enrichActive=0;enrichDecoy=0;enrichAUC=n/a;enrichMargin=n/a | case=5dhb-gmp-primer-template;rank=1;top=mode:1;decoys=0;margin=n/a;topRMSD=0.000;bestDecoyRMSD=n/a;contactSpec=n/a;clashPen=n/a;enrichSets=0;enrichActive=0;enrichDecoy=0;enrichAUC=n/a;enrichMargin=n/a | case=6c64-mango-ii-ekm;rank=1;top=mode:1;decoys=0;margin=n/a;topRMSD=0.000;bestDecoyRMSD=n/a;contactSpec=n/a;clashPen=n/a;enrichSets=0;enrichActive=0;enrichDecoy=0;enrichAUC=n/a;enrichMargin=n/a | case=5bjp-corn-dfho;rank=1;top=mode:1;decoys=0;margin=n/a;topRMSD=0.000;bestDecoyRMSD=n/a;contactSpec=n/a;clashPen=n/a;enrichSets=0;enrichActive=0;enrichDecoy=0;enrichAUC=n/a;enrichMargin=n/a | case=6wzs-ztp-riboswitch;rank=1;top=mode:1;decoys=0;margin=n/a;topRMSD=0.000;bestDecoyRMSD=n/a;contactSpec=n/a;clashPen=n/a;enrichSets=0;enrichActive=0;enrichDecoy=0;enrichAUC=n/a;enrichMargin=n/a | case=3irw-c-di-gmp-riboswitch;rank=1;top=mode:1;decoys=0;margin=n/a;topRMSD=0.000;bestDecoyRMSD=n/a;contactSpec=n/a;clashPen=n/a;enrichSets=0;enrichActive=0;enrichDecoy=0;enrichAUC=n/a;enrichMargin=n/a | case=4qlm-c-di-amp-riboswitch;rank=1;top=mode:1;decoys=0;margin=n/a;topRMSD=0.000;bestDecoyRMSD=n/a;contactSpec=n/a;clashPen=n/a;enrichSets=0;enrichActive=0;enrichDecoy=0;enrichAUC=n/a;enrichMargin=n/a | case=3d0u-lysine-riboswitch;rank=1;top=mode:1;decoys=0;margin=n/a;topRMSD=0.000;bestDecoyRMSD=n/a;contactSpec=n/a;clashPen=n/a;enrichSets=0;enrichActive=0;enrichDecoy=0;enrichAUC=n/a;enrichMargin=n/a | case=3oww-glycine-riboswitch;rank=1;top=mode:1;decoys=0;margin=n/a;topRMSD=0.000;bestDecoyRMSD=n/a;contactSpec=n/a;clashPen=n/a;enrichSets=0;enrichActive=0;enrichDecoy=0;enrichAUC=n/a;enrichMargin=n/a
-0.180000,-0.180000,-0.250000,-0.350000,3.053235,0.724,-0.933,8,41,1423,1.000000,4.473257,0.562,0.000,0.000,8.224,26.615422,0.000000,0.000000,2.157895,1.000000,case=t6-thrombin-vina;rank=1;top=mode:1;decoys=0;margin=n/a;topRMSD=0.000;bestDecoyRMSD=n/a;contactSpec=n/a;clashPen=n/a;enrichSets=0;enrichActive=0;enrichDecoy=0;enrichAUC=n/a;enrichMargin=n/a | case=4q9r-spinach-2zy;rank=1;top=mode:1;decoys=10;margin=26.615;topRMSD=0.000;bestDecoyRMSD=8.224;contactSpec=0.000;clashPen=0.000;enrichSets=0;enrichActive=0;enrichDecoy=0;enrichAUC=n/a;enrichMargin=n/a | case=1fmn-fmn-riboswitch;rank=1;top=mode:1;decoys=0;margin=n/a;topRMSD=0.000;bestDecoyRMSD=n/a;contactSpec=n/a;clashPen=n/a;enrichSets=1;enrichActive=1;enrichDecoy=60;enrichAUC=1.000;enrichMargin=9.567 | case=1fmn-fmn-riboswitch-mg;rank=1;top=mode:1;decoys=0;margin=n/a;topRMSD=0.000;bestDecoyRMSD=n/a;contactSpec=n/a;clashPen=n/a;enrichSets=0;enrichActive=0;enrichDecoy=0;enrichAUC=n/a;enrichMargin=n/a | case=2g9c-purine-riboswitch;rank=1;top=mode:1;decoys=0;margin=n/a;topRMSD=0.000;bestDecoyRMSD=n/a;contactSpec=n/a;clashPen=n/a;enrichSets=1;enrichActive=7;enrichDecoy=88;enrichAUC=0.657;enrichMargin=-0.906 | case=4rzd-preq1-riboswitch;rank=1;top=mode:1;decoys=0;margin=n/a;topRMSD=0.000;bestDecoyRMSD=n/a;contactSpec=n/a;clashPen=n/a;enrichSets=1;enrichActive=5;enrichDecoy=74;enrichAUC=0.500;enrichMargin=0.000 | case=2gdi-tpp-riboswitch;rank=1;top=mode:1;decoys=0;margin=n/a;topRMSD=0.000;bestDecoyRMSD=n/a;contactSpec=n/a;clashPen=n/a;enrichSets=1;enrichActive=7;enrichDecoy=266;enrichAUC=0.629;enrichMargin=-14.664 | case=2ygh-sam-riboswitch;rank=1;top=mode:1;decoys=0;margin=n/a;topRMSD=0.000;bestDecoyRMSD=n/a;contactSpec=n/a;clashPen=n/a;enrichSets=1;enrichActive=3;enrichDecoy=238;enrichAUC=0.819;enrichMargin=-1.065 | case=3b4b-glms-riboswitch;rank=1;top=mode:1;decoys=0;margin=n/a;topRMSD=0.000;bestDecoyRMSD=n/a;contactSpec=n/a;clashPen=n/a;enrichSets=1;enrichActive=4;enrichDecoy=165;enrichAUC=0.750;enrichMargin=0.180 | case=2hoj-tpp-riboswitch;rank=1;top=mode:1;decoys=0;margin=n/a;topRMSD=0.000;bestDecoyRMSD=n/a;contactSpec=n/a;clashPen=n/a;enrichSets=2;enrichActive=14;enrichDecoy=532;enrichAUC=0.714;enrichMargin=0.360 | case=3sd3-thf-riboswitch;rank=1;top=mode:1;decoys=0;margin=n/a;topRMSD=0.000;bestDecoyRMSD=n/a;contactSpec=n/a;clashPen=n/a;enrichSets=0;enrichActive=0;enrichDecoy=0;enrichAUC=n/a;enrichMargin=n/a | case=5dhb-gmp-primer-template;rank=1;top=mode:1;decoys=0;margin=n/a;topRMSD=0.000;bestDecoyRMSD=n/a;contactSpec=n/a;clashPen=n/a;enrichSets=0;enrichActive=0;enrichDecoy=0;enrichAUC=n/a;enrichMargin=n/a | case=6c64-mango-ii-ekm;rank=1;top=mode:1;decoys=0;margin=n/a;topRMSD=0.000;bestDecoyRMSD=n/a;contactSpec=n/a;clashPen=n/a;enrichSets=0;enrichActive=0;enrichDecoy=0;enrichAUC=n/a;enrichMargin=n/a | case=5bjp-corn-dfho;rank=1;top=mode:1;decoys=0;margin=n/a;topRMSD=0.000;bestDecoyRMSD=n/a;contactSpec=n/a;clashPen=n/a;enrichSets=0;enrichActive=0;enrichDecoy=0;enrichAUC=n/a;enrichMargin=n/a | case=6wzs-ztp-riboswitch;rank=1;top=mode:1;decoys=0;margin=n/a;topRMSD=0.000;bestDecoyRMSD=n/a;contactSpec=n/a;clashPen=n/a;enrichSets=0;enrichActive=0;enrichDecoy=0;enrichAUC=n/a;enrichMargin=n/a | case=3irw-c-di-gmp-riboswitch;rank=1;top=mode:1;decoys=0;margin=n/a;topRMSD=0.000;bestDecoyRMSD=n/a;contactSpec=n/a;clashPen=n/a;enrichSets=0;enrichActive=0;enrichDecoy=0;enrichAUC=n/a;enrichMargin=n/a | case=4qlm-c-di-amp-riboswitch;rank=1;top=mode:1;decoys=0;margin=n/a;topRMSD=0.000;bestDecoyRMSD=n/a;contactSpec=n/a;clashPen=n/a;enrichSets=0;enrichActive=0;enrichDecoy=0;enrichAUC=n/a;enrichMargin=n/a | case=3d0u-lysine-riboswitch;rank=1;top=mode:1;decoys=0;margin=n/a;topRMSD=0.000;bestDecoyRMSD=n/a;contactSpec=n/a;clashPen=n/a;enrichSets=0;enrichActive=0;enrichDecoy=0;enrichAUC=n/a;enrichMargin=n/a | case=3oww-glycine-riboswitch;rank=1;top=mode:1;decoys=0;margin=n/a;topRMSD=0.000;bestDecoyRMSD=n/a;contactSpec=n/a;clashPen=n/a;enrichSets=0;enrichActive=0;enrichDecoy=0;enrichAUC=n/a;enrichMargin=n/a
-0.320000,-0.180000,-0.150000,-0.100000,3.058423,0.725,-0.935,8,41,1423,1.000000,4.491253,0.562,0.000,0.000,8.224,26.625456,0.000000,0.000000,2.157895,1.000000,case=t6-thrombin-vina;rank=1;top=mode:1;decoys=0;margin=n/a;topRMSD=0.000;bestDecoyRMSD=n/a;contactSpec=n/a;clashPen=n/a;enrichSets=0;enrichActive=0;enrichDecoy=0;enrichAUC=n/a;enrichMargin=n/a | case=4q9r-spinach-2zy;rank=1;top=mode:1;decoys=10;margin=26.625;topRMSD=0.000;bestDecoyRMSD=8.224;contactSpec=0.000;clashPen=0.000;enrichSets=0;enrichActive=0;enrichDecoy=0;enrichAUC=n/a;enrichMargin=n/a | case=1fmn-fmn-riboswitch;rank=1;top=mode:1;decoys=0;margin=n/a;topRMSD=0.000;bestDecoyRMSD=n/a;contactSpec=n/a;clashPen=n/a;enrichSets=1;enrichActive=1;enrichDecoy=60;enrichAUC=1.000;enrichMargin=9.669 | case=1fmn-fmn-riboswitch-mg;rank=1;top=mode:1;decoys=0;margin=n/a;topRMSD=0.000;bestDecoyRMSD=n/a;contactSpec=n/a;clashPen=n/a;enrichSets=0;enrichActive=0;enrichDecoy=0;enrichAUC=n/a;enrichMargin=n/a | case=2g9c-purine-riboswitch;rank=1;top=mode:1;decoys=0;margin=n/a;topRMSD=0.000;bestDecoyRMSD=n/a;contactSpec=n/a;clashPen=n/a;enrichSets=1;enrichActive=7;enrichDecoy=88;enrichAUC=0.661;enrichMargin=-0.905 | case=4rzd-preq1-riboswitch;rank=1;top=mode:1;decoys=0;margin=n/a;topRMSD=0.000;bestDecoyRMSD=n/a;contactSpec=n/a;clashPen=n/a;enrichSets=1;enrichActive=5;enrichDecoy=74;enrichAUC=0.500;enrichMargin=0.000 | case=2gdi-tpp-riboswitch;rank=1;top=mode:1;decoys=0;margin=n/a;topRMSD=0.000;bestDecoyRMSD=n/a;contactSpec=n/a;clashPen=n/a;enrichSets=1;enrichActive=7;enrichDecoy=266;enrichAUC=0.632;enrichMargin=-14.684 | case=2ygh-sam-riboswitch;rank=1;top=mode:1;decoys=0;margin=n/a;topRMSD=0.000;bestDecoyRMSD=n/a;contactSpec=n/a;clashPen=n/a;enrichSets=1;enrichActive=3;enrichDecoy=238;enrichAUC=0.819;enrichMargin=-1.165 | case=3b4b-glms-riboswitch;rank=1;top=mode:1;decoys=0;margin=n/a;topRMSD=0.000;bestDecoyRMSD=n/a;contactSpec=n/a;clashPen=n/a;enrichSets=1;enrichActive=4;enrichDecoy=165;enrichAUC=0.750;enrichMargin=0.180 | case=2hoj-tpp-riboswitch;rank=1;top=mode:1;decoys=0;margin=n/a;topRMSD=0.000;bestDecoyRMSD=n/a;contactSpec=n/a;clashPen=n/a;enrichSets=2;enrichActive=14;enrichDecoy=532;enrichAUC=0.714;enrichMargin=0.360 | case=3sd3-thf-riboswitch;rank=1;top=mode:1;decoys=0;margin=n/a;topRMSD=0.000;bestDecoyRMSD=n/a;contactSpec=n/a;clashPen=n/a;enrichSets=0;enrichActive=0;enrichDecoy=0;enrichAUC=n/a;enrichMargin=n/a | case=5dhb-gmp-primer-template;rank=1;top=mode:1;decoys=0;margin=n/a;topRMSD=0.000;bestDecoyRMSD=n/a;contactSpec=n/a;clashPen=n/a;enrichSets=0;enrichActive=0;enrichDecoy=0;enrichAUC=n/a;enrichMargin=n/a | case=6c64-mango-ii-ekm;rank=1;top=mode:1;decoys=0;margin=n/a;topRMSD=0.000;bestDecoyRMSD=n/a;contactSpec=n/a;clashPen=n/a;enrichSets=0;enrichActive=0;enrichDecoy=0;enrichAUC=n/a;enrichMargin=n/a | case=5bjp-corn-dfho;rank=1;top=mode:1;decoys=0;margin=n/a;topRMSD=0.000;bestDecoyRMSD=n/a;contactSpec=n/a;clashPen=n/a;enrichSets=0;enrichActive=0;enrichDecoy=0;enrichAUC=n/a;enrichMargin=n/a | case=6wzs-ztp-riboswitch;rank=1;top=mode:1;decoys=0;margin=n/a;topRMSD=0.000;bestDecoyRMSD=n/a;contactSpec=n/a;clashPen=n/a;enrichSets=0;enrichActive=0;enrichDecoy=0;enrichAUC=n/a;enrichMargin=n/a | case=3irw-c-di-gmp-riboswitch;rank=1;top=mode:1;decoys=0;margin=n/a;topRMSD=0.000;bestDecoyRMSD=n/a;contactSpec=n/a;clashPen=n/a;enrichSets=0;enrichActive=0;enrichDecoy=0;enrichAUC=n/a;enrichMargin=n/a | case=4qlm-c-di-amp-riboswitch;rank=1;top=mode:1;decoys=0;margin=n/a;topRMSD=0.000;bestDecoyRMSD=n/a;contactSpec=n/a;clashPen=n/a;enrichSets=0;enrichActive=0;enrichDecoy=0;enrichAUC=n/a;enrichMargin=n/a | case=3d0u-lysine-riboswitch;rank=1;top=mode:1;decoys=0;margin=n/a;topRMSD=0.000;bestDecoyRMSD=n/a;contactSpec=n/a;clashPen=n/a;enrichSets=0;enrichActive=0;enrichDecoy=0;enrichAUC=n/a;enrichMargin=n/a | case=3oww-glycine-riboswitch;rank=1;top=mode:1;decoys=0;margin=n/a;topRMSD=0.000;bestDecoyRMSD=n/a;contactSpec=n/a;clashPen=n/a;enrichSets=0;enrichActive=0;enrichDecoy=0;enrichAUC=n/a;enrichMargin=n/a
-0.320000,-0.180000,-0.150000,-0.220000,3.058423,0.725,-0.935,8,41,1423,1.000000,4.491253,0.562,0.000,0.000,8.224,26.625456,0.000000,0.000000,2.157895,1.000000,case=t6-thrombin-vina;rank=1;top=mode:1;decoys=0;margin=n/a;topRMSD=0.000;bestDecoyRMSD=n/a;contactSpec=n/a;clashPen=n/a;enrichSets=0;enrichActive=0;enrichDecoy=0;enrichAUC=n/a;enrichMargin=n/a | case=4q9r-spinach-2zy;rank=1;top=mode:1;decoys=10;margin=26.625;topRMSD=0.000;bestDecoyRMSD=8.224;contactSpec=0.000;clashPen=0.000;enrichSets=0;enrichActive=0;enrichDecoy=0;enrichAUC=n/a;enrichMargin=n/a | case=1fmn-fmn-riboswitch;rank=1;top=mode:1;decoys=0;margin=n/a;topRMSD=0.000;bestDecoyRMSD=n/a;contactSpec=n/a;clashPen=n/a;enrichSets=1;enrichActive=1;enrichDecoy=60;enrichAUC=1.000;enrichMargin=9.669 | case=1fmn-fmn-riboswitch-mg;rank=1;top=mode:1;decoys=0;margin=n/a;topRMSD=0.000;bestDecoyRMSD=n/a;contactSpec=n/a;clashPen=n/a;enrichSets=0;enrichActive=0;enrichDecoy=0;enrichAUC=n/a;enrichMargin=n/a | case=2g9c-purine-riboswitch;rank=1;top=mode:1;decoys=0;margin=n/a;topRMSD=0.000;bestDecoyRMSD=n/a;contactSpec=n/a;clashPen=n/a;enrichSets=1;enrichActive=7;enrichDecoy=88;enrichAUC=0.661;enrichMargin=-0.905 | case=4rzd-preq1-riboswitch;rank=1;top=mode:1;decoys=0;margin=n/a;topRMSD=0.000;bestDecoyRMSD=n/a;contactSpec=n/a;clashPen=n/a;enrichSets=1;enrichActive=5;enrichDecoy=74;enrichAUC=0.500;enrichMargin=0.000 | case=2gdi-tpp-riboswitch;rank=1;top=mode:1;decoys=0;margin=n/a;topRMSD=0.000;bestDecoyRMSD=n/a;contactSpec=n/a;clashPen=n/a;enrichSets=1;enrichActive=7;enrichDecoy=266;enrichAUC=0.632;enrichMargin=-14.684 | case=2ygh-sam-riboswitch;rank=1;top=mode:1;decoys=0;margin=n/a;topRMSD=0.000;bestDecoyRMSD=n/a;contactSpec=n/a;clashPen=n/a;enrichSets=1;enrichActive=3;enrichDecoy=238;enrichAUC=0.819;enrichMargin=-1.165 | case=3b4b-glms-riboswitch;rank=1;top=mode:1;decoys=0;margin=n/a;topRMSD=0.000;bestDecoyRMSD=n/a;contactSpec=n/a;clashPen=n/a;enrichSets=1;enrichActive=4;enrichDecoy=165;enrichAUC=0.750;enrichMargin=0.180 | case=2hoj-tpp-riboswitch;rank=1;top=mode:1;decoys=0;margin=n/a;topRMSD=0.000;bestDecoyRMSD=n/a;contactSpec=n/a;clashPen=n/a;enrichSets=2;enrichActive=14;enrichDecoy=532;enrichAUC=0.714;enrichMargin=0.360 | case=3sd3-thf-riboswitch;rank=1;top=mode:1;decoys=0;margin=n/a;topRMSD=0.000;bestDecoyRMSD=n/a;contactSpec=n/a;clashPen=n/a;enrichSets=0;enrichActive=0;enrichDecoy=0;enrichAUC=n/a;enrichMargin=n/a | case=5dhb-gmp-primer-template;rank=1;top=mode:1;decoys=0;margin=n/a;topRMSD=0.000;bestDecoyRMSD=n/a;contactSpec=n/a;clashPen=n/a;enrichSets=0;enrichActive=0;enrichDecoy=0;enrichAUC=n/a;enrichMargin=n/a | case=6c64-mango-ii-ekm;rank=1;top=mode:1;decoys=0;margin=n/a;topRMSD=0.000;bestDecoyRMSD=n/a;contactSpec=n/a;clashPen=n/a;enrichSets=0;enrichActive=0;enrichDecoy=0;enrichAUC=n/a;enrichMargin=n/a | case=5bjp-corn-dfho;rank=1;top=mode:1;decoys=0;margin=n/a;topRMSD=0.000;bestDecoyRMSD=n/a;contactSpec=n/a;clashPen=n/a;enrichSets=0;enrichActive=0;enrichDecoy=0;enrichAUC=n/a;enrichMargin=n/a | case=6wzs-ztp-riboswitch;rank=1;top=mode:1;decoys=0;margin=n/a;topRMSD=0.000;bestDecoyRMSD=n/a;contactSpec=n/a;clashPen=n/a;enrichSets=0;enrichActive=0;enrichDecoy=0;enrichAUC=n/a;enrichMargin=n/a | case=3irw-c-di-gmp-riboswitch;rank=1;top=mode:1;decoys=0;margin=n/a;topRMSD=0.000;bestDecoyRMSD=n/a;contactSpec=n/a;clashPen=n/a;enrichSets=0;enrichActive=0;enrichDecoy=0;enrichAUC=n/a;enrichMargin=n/a | case=4qlm-c-di-amp-riboswitch;rank=1;top=mode:1;decoys=0;margin=n/a;topRMSD=0.000;bestDecoyRMSD=n/a;contactSpec=n/a;clashPen=n/a;enrichSets=0;enrichActive=0;enrichDecoy=0;enrichAUC=n/a;enrichMargin=n/a | case=3d0u-lysine-riboswitch;rank=1;top=mode:1;decoys=0;margin=n/a;topRMSD=0.000;bestDecoyRMSD=n/a;contactSpec=n/a;clashPen=n/a;enrichSets=0;enrichActive=0;enrichDecoy=0;enrichAUC=n/a;enrichMargin=n/a | case=3oww-glycine-riboswitch;rank=1;top=mode:1;decoys=0;margin=n/a;topRMSD=0.000;bestDecoyRMSD=n/a;contactSpec=n/a;clashPen=n/a;enrichSets=0;enrichActive=0;enrichDecoy=0;enrichAUC=n/a;enrichMargin=n/a
-0.320000,-0.180000,-0.150000,-0.350000,3.058423,0.725,-0.935,8,41,1423,1.000000,4.491253,0.562,0.000,0.000,8.224,26.625456,0.000000,0.000000,2.157895,1.000000,case=t6-thrombin-vina;rank=1;top=mode:1;decoys=0;margin=n/a;topRMSD=0.000;bestDecoyRMSD=n/a;contactSpec=n/a;clashPen=n/a;enrichSets=0;enrichActive=0;enrichDecoy=0;enrichAUC=n/a;enrichMargin=n/a | case=4q9r-spinach-2zy;rank=1;top=mode:1;decoys=10;margin=26.625;topRMSD=0.000;bestDecoyRMSD=8.224;contactSpec=0.000;clashPen=0.000;enrichSets=0;enrichActive=0;enrichDecoy=0;enrichAUC=n/a;enrichMargin=n/a | case=1fmn-fmn-riboswitch;rank=1;top=mode:1;decoys=0;margin=n/a;topRMSD=0.000;bestDecoyRMSD=n/a;contactSpec=n/a;clashPen=n/a;enrichSets=1;enrichActive=1;enrichDecoy=60;enrichAUC=1.000;enrichMargin=9.669 | case=1fmn-fmn-riboswitch-mg;rank=1;top=mode:1;decoys=0;margin=n/a;topRMSD=0.000;bestDecoyRMSD=n/a;contactSpec=n/a;clashPen=n/a;enrichSets=0;enrichActive=0;enrichDecoy=0;enrichAUC=n/a;enrichMargin=n/a | case=2g9c-purine-riboswitch;rank=1;top=mode:1;decoys=0;margin=n/a;topRMSD=0.000;bestDecoyRMSD=n/a;contactSpec=n/a;clashPen=n/a;enrichSets=1;enrichActive=7;enrichDecoy=88;enrichAUC=0.661;enrichMargin=-0.905 | case=4rzd-preq1-riboswitch;rank=1;top=mode:1;decoys=0;margin=n/a;topRMSD=0.000;bestDecoyRMSD=n/a;contactSpec=n/a;clashPen=n/a;enrichSets=1;enrichActive=5;enrichDecoy=74;enrichAUC=0.500;enrichMargin=0.000 | case=2gdi-tpp-riboswitch;rank=1;top=mode:1;decoys=0;margin=n/a;topRMSD=0.000;bestDecoyRMSD=n/a;contactSpec=n/a;clashPen=n/a;enrichSets=1;enrichActive=7;enrichDecoy=266;enrichAUC=0.632;enrichMargin=-14.684 | case=2ygh-sam-riboswitch;rank=1;top=mode:1;decoys=0;margin=n/a;topRMSD=0.000;bestDecoyRMSD=n/a;contactSpec=n/a;clashPen=n/a;enrichSets=1;enrichActive=3;enrichDecoy=238;enrichAUC=0.819;enrichMargin=-1.165 | case=3b4b-glms-riboswitch;rank=1;top=mode:1;decoys=0;margin=n/a;topRMSD=0.000;bestDecoyRMSD=n/a;contactSpec=n/a;clashPen=n/a;enrichSets=1;enrichActive=4;enrichDecoy=165;enrichAUC=0.750;enrichMargin=0.180 | case=2hoj-tpp-riboswitch;rank=1;top=mode:1;decoys=0;margin=n/a;topRMSD=0.000;bestDecoyRMSD=n/a;contactSpec=n/a;clashPen=n/a;enrichSets=2;enrichActive=14;enrichDecoy=532;enrichAUC=0.714;enrichMargin=0.360 | case=3sd3-thf-riboswitch;rank=1;top=mode:1;decoys=0;margin=n/a;topRMSD=0.000;bestDecoyRMSD=n/a;contactSpec=n/a;clashPen=n/a;enrichSets=0;enrichActive=0;enrichDecoy=0;enrichAUC=n/a;enrichMargin=n/a | case=5dhb-gmp-primer-template;rank=1;top=mode:1;decoys=0;margin=n/a;topRMSD=0.000;bestDecoyRMSD=n/a;contactSpec=n/a;clashPen=n/a;enrichSets=0;enrichActive=0;enrichDecoy=0;enrichAUC=n/a;enrichMargin=n/a | case=6c64-mango-ii-ekm;rank=1;top=mode:1;decoys=0;margin=n/a;topRMSD=0.000;bestDecoyRMSD=n/a;contactSpec=n/a;clashPen=n/a;enrichSets=0;enrichActive=0;enrichDecoy=0;enrichAUC=n/a;enrichMargin=n/a | case=5bjp-corn-dfho;rank=1;top=mode:1;decoys=0;margin=n/a;topRMSD=0.000;bestDecoyRMSD=n/a;contactSpec=n/a;clashPen=n/a;enrichSets=0;enrichActive=0;enrichDecoy=0;enrichAUC=n/a;enrichMargin=n/a | case=6wzs-ztp-riboswitch;rank=1;top=mode:1;decoys=0;margin=n/a;topRMSD=0.000;bestDecoyRMSD=n/a;contactSpec=n/a;clashPen=n/a;enrichSets=0;enrichActive=0;enrichDecoy=0;enrichAUC=n/a;enrichMargin=n/a | case=3irw-c-di-gmp-riboswitch;rank=1;top=mode:1;decoys=0;margin=n/a;topRMSD=0.000;bestDecoyRMSD=n/a;contactSpec=n/a;clashPen=n/a;enrichSets=0;enrichActive=0;enrichDecoy=0;enrichAUC=n/a;enrichMargin=n/a | case=4qlm-c-di-amp-riboswitch;rank=1;top=mode:1;decoys=0;margin=n/a;topRMSD=0.000;bestDecoyRMSD=n/a;contactSpec=n/a;clashPen=n/a;enrichSets=0;enrichActive=0;enrichDecoy=0;enrichAUC=n/a;enrichMargin=n/a | case=3d0u-lysine-riboswitch;rank=1;top=mode:1;decoys=0;margin=n/a;topRMSD=0.000;bestDecoyRMSD=n/a;contactSpec=n/a;clashPen=n/a;enrichSets=0;enrichActive=0;enrichDecoy=0;enrichAUC=n/a;enrichMargin=n/a | case=3oww-glycine-riboswitch;rank=1;top=mode:1;decoys=0;margin=n/a;topRMSD=0.000;bestDecoyRMSD=n/a;contactSpec=n/a;clashPen=n/a;enrichSets=0;enrichActive=0;enrichDecoy=0;enrichAUC=n/a;enrichMargin=n/a
-0.120000,-0.180000,-0.250000,-0.100000,3.064072,0.724,-0.942,8,41,1423,1.000000,4.489982,0.562,0.000,0.000,8.224,26.615437,0.000000,0.000000,2.157895,1.000000,case=t6-thrombin-vina;rank=1;top=mode:1;decoys=0;margin=n/a;topRMSD=0.000;bestDecoyRMSD=n/a;contactSpec=n/a;clashPen=n/a;enrichSets=0;enrichActive=0;enrichDecoy=0;enrichAUC=n/a;enrichMargin=n/a | case=4q9r-spinach-2zy;rank=1;top=mode:1;decoys=10;margin=26.615;topRMSD=0.000;bestDecoyRMSD=8.224;contactSpec=0.000;clashPen=0.000;enrichSets=0;enrichActive=0;enrichDecoy=0;enrichAUC=n/a;enrichMargin=n/a | case=1fmn-fmn-riboswitch;rank=1;top=mode:1;decoys=0;margin=n/a;topRMSD=0.000;bestDecoyRMSD=n/a;contactSpec=n/a;clashPen=n/a;enrichSets=1;enrichActive=1;enrichDecoy=60;enrichAUC=1.000;enrichMargin=9.462 | case=1fmn-fmn-riboswitch-mg;rank=1;top=mode:1;decoys=0;margin=n/a;topRMSD=0.000;bestDecoyRMSD=n/a;contactSpec=n/a;clashPen=n/a;enrichSets=0;enrichActive=0;enrichDecoy=0;enrichAUC=n/a;enrichMargin=n/a | case=2g9c-purine-riboswitch;rank=1;top=mode:1;decoys=0;margin=n/a;topRMSD=0.000;bestDecoyRMSD=n/a;contactSpec=n/a;clashPen=n/a;enrichSets=1;enrichActive=7;enrichDecoy=88;enrichAUC=0.657;enrichMargin=-0.906 | case=4rzd-preq1-riboswitch;rank=1;top=mode:1;decoys=0;margin=n/a;topRMSD=0.000;bestDecoyRMSD=n/a;contactSpec=n/a;clashPen=n/a;enrichSets=1;enrichActive=5;enrichDecoy=74;enrichAUC=0.500;enrichMargin=0.000 | case=2gdi-tpp-riboswitch;rank=1;top=mode:1;decoys=0;margin=n/a;topRMSD=0.000;bestDecoyRMSD=n/a;contactSpec=n/a;clashPen=n/a;enrichSets=1;enrichActive=7;enrichDecoy=266;enrichAUC=0.628;enrichMargin=-14.656 | case=2ygh-sam-riboswitch;rank=1;top=mode:1;decoys=0;margin=n/a;topRMSD=0.000;bestDecoyRMSD=n/a;contactSpec=n/a;clashPen=n/a;enrichSets=1;enrichActive=3;enrichDecoy=238;enrichAUC=0.821;enrichMargin=-1.032 | case=3b4b-glms-riboswitch;rank=1;top=mode:1;decoys=0;margin=n/a;topRMSD=0.000;bestDecoyRMSD=n/a;contactSpec=n/a;clashPen=n/a;enrichSets=1;enrichActive=4;enrichDecoy=165;enrichAUC=0.750;enrichMargin=0.180 | case=2hoj-tpp-riboswitch;rank=1;top=mode:1;decoys=0;margin=n/a;topRMSD=0.000;bestDecoyRMSD=n/a;contactSpec=n/a;clashPen=n/a;enrichSets=2;enrichActive=14;enrichDecoy=532;enrichAUC=0.714;enrichMargin=0.360 | case=3sd3-thf-riboswitch;rank=1;top=mode:1;decoys=0;margin=n/a;topRMSD=0.000;bestDecoyRMSD=n/a;contactSpec=n/a;clashPen=n/a;enrichSets=0;enrichActive=0;enrichDecoy=0;enrichAUC=n/a;enrichMargin=n/a | case=5dhb-gmp-primer-template;rank=1;top=mode:1;decoys=0;margin=n/a;topRMSD=0.000;bestDecoyRMSD=n/a;contactSpec=n/a;clashPen=n/a;enrichSets=0;enrichActive=0;enrichDecoy=0;enrichAUC=n/a;enrichMargin=n/a | case=6c64-mango-ii-ekm;rank=1;top=mode:1;decoys=0;margin=n/a;topRMSD=0.000;bestDecoyRMSD=n/a;contactSpec=n/a;clashPen=n/a;enrichSets=0;enrichActive=0;enrichDecoy=0;enrichAUC=n/a;enrichMargin=n/a | case=5bjp-corn-dfho;rank=1;top=mode:1;decoys=0;margin=n/a;topRMSD=0.000;bestDecoyRMSD=n/a;contactSpec=n/a;clashPen=n/a;enrichSets=0;enrichActive=0;enrichDecoy=0;enrichAUC=n/a;enrichMargin=n/a | case=6wzs-ztp-riboswitch;rank=1;top=mode:1;decoys=0;margin=n/a;topRMSD=0.000;bestDecoyRMSD=n/a;contactSpec=n/a;clashPen=n/a;enrichSets=0;enrichActive=0;enrichDecoy=0;enrichAUC=n/a;enrichMargin=n/a | case=3irw-c-di-gmp-riboswitch;rank=1;top=mode:1;decoys=0;margin=n/a;topRMSD=0.000;bestDecoyRMSD=n/a;contactSpec=n/a;clashPen=n/a;enrichSets=0;enrichActive=0;enrichDecoy=0;enrichAUC=n/a;enrichMargin=n/a | case=4qlm-c-di-amp-riboswitch;rank=1;top=mode:1;decoys=0;margin=n/a;topRMSD=0.000;bestDecoyRMSD=n/a;contactSpec=n/a;clashPen=n/a;enrichSets=0;enrichActive=0;enrichDecoy=0;enrichAUC=n/a;enrichMargin=n/a | case=3d0u-lysine-riboswitch;rank=1;top=mode:1;decoys=0;margin=n/a;topRMSD=0.000;bestDecoyRMSD=n/a;contactSpec=n/a;clashPen=n/a;enrichSets=0;enrichActive=0;enrichDecoy=0;enrichAUC=n/a;enrichMargin=n/a | case=3oww-glycine-riboswitch;rank=1;top=mode:1;decoys=0;margin=n/a;topRMSD=0.000;bestDecoyRMSD=n/a;contactSpec=n/a;clashPen=n/a;enrichSets=0;enrichActive=0;enrichDecoy=0;enrichAUC=n/a;enrichMargin=n/a
-0.120000,-0.180000,-0.250000,-0.220000,3.064072,0.724,-0.942,8,41,1423,1.000000,4.489982,0.562,0.000,0.000,8.224,26.615437,0.000000,0.000000,2.157895,1.000000,case=t6-thrombin-vina;rank=1;top=mode:1;decoys=0;margin=n/a;topRMSD=0.000;bestDecoyRMSD=n/a;contactSpec=n/a;clashPen=n/a;enrichSets=0;enrichActive=0;enrichDecoy=0;enrichAUC=n/a;enrichMargin=n/a | case=4q9r-spinach-2zy;rank=1;top=mode:1;decoys=10;margin=26.615;topRMSD=0.000;bestDecoyRMSD=8.224;contactSpec=0.000;clashPen=0.000;enrichSets=0;enrichActive=0;enrichDecoy=0;enrichAUC=n/a;enrichMargin=n/a | case=1fmn-fmn-riboswitch;rank=1;top=mode:1;decoys=0;margin=n/a;topRMSD=0.000;bestDecoyRMSD=n/a;contactSpec=n/a;clashPen=n/a;enrichSets=1;enrichActive=1;enrichDecoy=60;enrichAUC=1.000;enrichMargin=9.462 | case=1fmn-fmn-riboswitch-mg;rank=1;top=mode:1;decoys=0;margin=n/a;topRMSD=0.000;bestDecoyRMSD=n/a;contactSpec=n/a;clashPen=n/a;enrichSets=0;enrichActive=0;enrichDecoy=0;enrichAUC=n/a;enrichMargin=n/a | case=2g9c-purine-riboswitch;rank=1;top=mode:1;decoys=0;margin=n/a;topRMSD=0.000;bestDecoyRMSD=n/a;contactSpec=n/a;clashPen=n/a;enrichSets=1;enrichActive=7;enrichDecoy=88;enrichAUC=0.657;enrichMargin=-0.906 | case=4rzd-preq1-riboswitch;rank=1;top=mode:1;decoys=0;margin=n/a;topRMSD=0.000;bestDecoyRMSD=n/a;contactSpec=n/a;clashPen=n/a;enrichSets=1;enrichActive=5;enrichDecoy=74;enrichAUC=0.500;enrichMargin=0.000 | case=2gdi-tpp-riboswitch;rank=1;top=mode:1;decoys=0;margin=n/a;topRMSD=0.000;bestDecoyRMSD=n/a;contactSpec=n/a;clashPen=n/a;enrichSets=1;enrichActive=7;enrichDecoy=266;enrichAUC=0.628;enrichMargin=-14.656 | case=2ygh-sam-riboswitch;rank=1;top=mode:1;decoys=0;margin=n/a;topRMSD=0.000;bestDecoyRMSD=n/a;contactSpec=n/a;clashPen=n/a;enrichSets=1;enrichActive=3;enrichDecoy=238;enrichAUC=0.821;enrichMargin=-1.032 | case=3b4b-glms-riboswitch;rank=1;top=mode:1;decoys=0;margin=n/a;topRMSD=0.000;bestDecoyRMSD=n/a;contactSpec=n/a;clashPen=n/a;enrichSets=1;enrichActive=4;enrichDecoy=165;enrichAUC=0.750;enrichMargin=0.180 | case=2hoj-tpp-riboswitch;rank=1;top=mode:1;decoys=0;margin=n/a;topRMSD=0.000;bestDecoyRMSD=n/a;contactSpec=n/a;clashPen=n/a;enrichSets=2;enrichActive=14;enrichDecoy=532;enrichAUC=0.714;enrichMargin=0.360 | case=3sd3-thf-riboswitch;rank=1;top=mode:1;decoys=0;margin=n/a;topRMSD=0.000;bestDecoyRMSD=n/a;contactSpec=n/a;clashPen=n/a;enrichSets=0;enrichActive=0;enrichDecoy=0;enrichAUC=n/a;enrichMargin=n/a | case=5dhb-gmp-primer-template;rank=1;top=mode:1;decoys=0;margin=n/a;topRMSD=0.000;bestDecoyRMSD=n/a;contactSpec=n/a;clashPen=n/a;enrichSets=0;enrichActive=0;enrichDecoy=0;enrichAUC=n/a;enrichMargin=n/a | case=6c64-mango-ii-ekm;rank=1;top=mode:1;decoys=0;margin=n/a;topRMSD=0.000;bestDecoyRMSD=n/a;contactSpec=n/a;clashPen=n/a;enrichSets=0;enrichActive=0;enrichDecoy=0;enrichAUC=n/a;enrichMargin=n/a | case=5bjp-corn-dfho;rank=1;top=mode:1;decoys=0;margin=n/a;topRMSD=0.000;bestDecoyRMSD=n/a;contactSpec=n/a;clashPen=n/a;enrichSets=0;enrichActive=0;enrichDecoy=0;enrichAUC=n/a;enrichMargin=n/a | case=6wzs-ztp-riboswitch;rank=1;top=mode:1;decoys=0;margin=n/a;topRMSD=0.000;bestDecoyRMSD=n/a;contactSpec=n/a;clashPen=n/a;enrichSets=0;enrichActive=0;enrichDecoy=0;enrichAUC=n/a;enrichMargin=n/a | case=3irw-c-di-gmp-riboswitch;rank=1;top=mode:1;decoys=0;margin=n/a;topRMSD=0.000;bestDecoyRMSD=n/a;contactSpec=n/a;clashPen=n/a;enrichSets=0;enrichActive=0;enrichDecoy=0;enrichAUC=n/a;enrichMargin=n/a | case=4qlm-c-di-amp-riboswitch;rank=1;top=mode:1;decoys=0;margin=n/a;topRMSD=0.000;bestDecoyRMSD=n/a;contactSpec=n/a;clashPen=n/a;enrichSets=0;enrichActive=0;enrichDecoy=0;enrichAUC=n/a;enrichMargin=n/a | case=3d0u-lysine-riboswitch;rank=1;top=mode:1;decoys=0;margin=n/a;topRMSD=0.000;bestDecoyRMSD=n/a;contactSpec=n/a;clashPen=n/a;enrichSets=0;enrichActive=0;enrichDecoy=0;enrichAUC=n/a;enrichMargin=n/a | case=3oww-glycine-riboswitch;rank=1;top=mode:1;decoys=0;margin=n/a;topRMSD=0.000;bestDecoyRMSD=n/a;contactSpec=n/a;clashPen=n/a;enrichSets=0;enrichActive=0;enrichDecoy=0;enrichAUC=n/a;enrichMargin=n/a
-0.120000,-0.180000,-0.250000,-0.350000,3.064072,0.724,-0.942,8,41,1423,1.000000,4.489982,0.562,0.000,0.000,8.224,26.615437,0.000000,0.000000,2.157895,1.000000,case=t6-thrombin-vina;rank=1;top=mode:1;decoys=0;margin=n/a;topRMSD=0.000;bestDecoyRMSD=n/a;contactSpec=n/a;clashPen=n/a;enrichSets=0;enrichActive=0;enrichDecoy=0;enrichAUC=n/a;enrichMargin=n/a | case=4q9r-spinach-2zy;rank=1;top=mode:1;decoys=10;margin=26.615;topRMSD=0.000;bestDecoyRMSD=8.224;contactSpec=0.000;clashPen=0.000;enrichSets=0;enrichActive=0;enrichDecoy=0;enrichAUC=n/a;enrichMargin=n/a | case=1fmn-fmn-riboswitch;rank=1;top=mode:1;decoys=0;margin=n/a;topRMSD=0.000;bestDecoyRMSD=n/a;contactSpec=n/a;clashPen=n/a;enrichSets=1;enrichActive=1;enrichDecoy=60;enrichAUC=1.000;enrichMargin=9.462 | case=1fmn-fmn-riboswitch-mg;rank=1;top=mode:1;decoys=0;margin=n/a;topRMSD=0.000;bestDecoyRMSD=n/a;contactSpec=n/a;clashPen=n/a;enrichSets=0;enrichActive=0;enrichDecoy=0;enrichAUC=n/a;enrichMargin=n/a | case=2g9c-purine-riboswitch;rank=1;top=mode:1;decoys=0;margin=n/a;topRMSD=0.000;bestDecoyRMSD=n/a;contactSpec=n/a;clashPen=n/a;enrichSets=1;enrichActive=7;enrichDecoy=88;enrichAUC=0.657;enrichMargin=-0.906 | case=4rzd-preq1-riboswitch;rank=1;top=mode:1;decoys=0;margin=n/a;topRMSD=0.000;bestDecoyRMSD=n/a;contactSpec=n/a;clashPen=n/a;enrichSets=1;enrichActive=5;enrichDecoy=74;enrichAUC=0.500;enrichMargin=0.000 | case=2gdi-tpp-riboswitch;rank=1;top=mode:1;decoys=0;margin=n/a;topRMSD=0.000;bestDecoyRMSD=n/a;contactSpec=n/a;clashPen=n/a;enrichSets=1;enrichActive=7;enrichDecoy=266;enrichAUC=0.628;enrichMargin=-14.656 | case=2ygh-sam-riboswitch;rank=1;top=mode:1;decoys=0;margin=n/a;topRMSD=0.000;bestDecoyRMSD=n/a;contactSpec=n/a;clashPen=n/a;enrichSets=1;enrichActive=3;enrichDecoy=238;enrichAUC=0.821;enrichMargin=-1.032 | case=3b4b-glms-riboswitch;rank=1;top=mode:1;decoys=0;margin=n/a;topRMSD=0.000;bestDecoyRMSD=n/a;contactSpec=n/a;clashPen=n/a;enrichSets=1;enrichActive=4;enrichDecoy=165;enrichAUC=0.750;enrichMargin=0.180 | case=2hoj-tpp-riboswitch;rank=1;top=mode:1;decoys=0;margin=n/a;topRMSD=0.000;bestDecoyRMSD=n/a;contactSpec=n/a;clashPen=n/a;enrichSets=2;enrichActive=14;enrichDecoy=532;enrichAUC=0.714;enrichMargin=0.360 | case=3sd3-thf-riboswitch;rank=1;top=mode:1;decoys=0;margin=n/a;topRMSD=0.000;bestDecoyRMSD=n/a;contactSpec=n/a;clashPen=n/a;enrichSets=0;enrichActive=0;enrichDecoy=0;enrichAUC=n/a;enrichMargin=n/a | case=5dhb-gmp-primer-template;rank=1;top=mode:1;decoys=0;margin=n/a;topRMSD=0.000;bestDecoyRMSD=n/a;contactSpec=n/a;clashPen=n/a;enrichSets=0;enrichActive=0;enrichDecoy=0;enrichAUC=n/a;enrichMargin=n/a | case=6c64-mango-ii-ekm;rank=1;top=mode:1;decoys=0;margin=n/a;topRMSD=0.000;bestDecoyRMSD=n/a;contactSpec=n/a;clashPen=n/a;enrichSets=0;enrichActive=0;enrichDecoy=0;enrichAUC=n/a;enrichMargin=n/a | case=5bjp-corn-dfho;rank=1;top=mode:1;decoys=0;margin=n/a;topRMSD=0.000;bestDecoyRMSD=n/a;contactSpec=n/a;clashPen=n/a;enrichSets=0;enrichActive=0;enrichDecoy=0;enrichAUC=n/a;enrichMargin=n/a | case=6wzs-ztp-riboswitch;rank=1;top=mode:1;decoys=0;margin=n/a;topRMSD=0.000;bestDecoyRMSD=n/a;contactSpec=n/a;clashPen=n/a;enrichSets=0;enrichActive=0;enrichDecoy=0;enrichAUC=n/a;enrichMargin=n/a | case=3irw-c-di-gmp-riboswitch;rank=1;top=mode:1;decoys=0;margin=n/a;topRMSD=0.000;bestDecoyRMSD=n/a;contactSpec=n/a;clashPen=n/a;enrichSets=0;enrichActive=0;enrichDecoy=0;enrichAUC=n/a;enrichMargin=n/a | case=4qlm-c-di-amp-riboswitch;rank=1;top=mode:1;decoys=0;margin=n/a;topRMSD=0.000;bestDecoyRMSD=n/a;contactSpec=n/a;clashPen=n/a;enrichSets=0;enrichActive=0;enrichDecoy=0;enrichAUC=n/a;enrichMargin=n/a | case=3d0u-lysine-riboswitch;rank=1;top=mode:1;decoys=0;margin=n/a;topRMSD=0.000;bestDecoyRMSD=n/a;contactSpec=n/a;clashPen=n/a;enrichSets=0;enrichActive=0;enrichDecoy=0;enrichAUC=n/a;enrichMargin=n/a | case=3oww-glycine-riboswitch;rank=1;top=mode:1;decoys=0;margin=n/a;topRMSD=0.000;bestDecoyRMSD=n/a;contactSpec=n/a;clashPen=n/a;enrichSets=0;enrichActive=0;enrichDecoy=0;enrichAUC=n/a;enrichMargin=n/a
-0.240000,-0.180000,-0.150000,-0.100000,3.071276,0.725,-0.944,8,41,1423,1.000000,4.513553,0.562,0.000,0.000,8.224,26.625475,0.000000,0.000000,2.157895,1.000000,case=t6-thrombin-vina;rank=1;top=mode:1;decoys=0;margin=n/a;topRMSD=0.000;bestDecoyRMSD=n/a;contactSpec=n/a;clashPen=n/a;enrichSets=0;enrichActive=0;enrichDecoy=0;enrichAUC=n/a;enrichMargin=n/a | case=4q9r-spinach-2zy;rank=1;top=mode:1;decoys=10;margin=26.625;topRMSD=0.000;bestDecoyRMSD=8.224;contactSpec=0.000;clashPen=0.000;enrichSets=0;enrichActive=0;enrichDecoy=0;enrichAUC=n/a;enrichMargin=n/a | case=1fmn-fmn-riboswitch;rank=1;top=mode:1;decoys=0;margin=n/a;topRMSD=0.000;bestDecoyRMSD=n/a;contactSpec=n/a;clashPen=n/a;enrichSets=1;enrichActive=1;enrichDecoy=60;enrichAUC=1.000;enrichMargin=9.529 | case=1fmn-fmn-riboswitch-mg;rank=1;top=mode:1;decoys=0;margin=n/a;topRMSD=0.000;bestDecoyRMSD=n/a;contactSpec=n/a;clashPen=n/a;enrichSets=0;enrichActive=0;enrichDecoy=0;enrichAUC=n/a;enrichMargin=n/a | case=2g9c-purine-riboswitch;rank=1;top=mode:1;decoys=0;margin=n/a;topRMSD=0.000;bestDecoyRMSD=n/a;contactSpec=n/a;clashPen=n/a;enrichSets=1;enrichActive=7;enrichDecoy=88;enrichAUC=0.659;enrichMargin=-0.905 | case=4rzd-preq1-riboswitch;rank=1;top=mode:1;decoys=0;margin=n/a;topRMSD=0.000;bestDecoyRMSD=n/a;contactSpec=n/a;clashPen=n/a;enrichSets=1;enrichActive=5;enrichDecoy=74;enrichAUC=0.500;enrichMargin=0.000 | case=2gdi-tpp-riboswitch;rank=1;top=mode:1;decoys=0;margin=n/a;topRMSD=0.000;bestDecoyRMSD=n/a;contactSpec=n/a;clashPen=n/a;enrichSets=1;enrichActive=7;enrichDecoy=266;enrichAUC=0.630;enrichMargin=-14.673 | case=2ygh-sam-riboswitch;rank=1;top=mode:1;decoys=0;margin=n/a;topRMSD=0.000;bestDecoyRMSD=n/a;contactSpec=n/a;clashPen=n/a;enrichSets=1;enrichActive=3;enrichDecoy=238;enrichAUC=0.819;enrichMargin=-1.098 | case=3b4b-glms-riboswitch;rank=1;top=mode:1;decoys=0;margin=n/a;topRMSD=0.000;bestDecoyRMSD=n/a;contactSpec=n/a;clashPen=n/a;enrichSets=1;enrichActive=4;enrichDecoy=165;enrichAUC=0.750;enrichMargin=0.180 | case=2hoj-tpp-riboswitch;rank=1;top=mode:1;decoys=0;margin=n/a;topRMSD=0.000;bestDecoyRMSD=n/a;contactSpec=n/a;clashPen=n/a;enrichSets=2;enrichActive=14;enrichDecoy=532;enrichAUC=0.714;enrichMargin=0.360 | case=3sd3-thf-riboswitch;rank=1;top=mode:1;decoys=0;margin=n/a;topRMSD=0.000;bestDecoyRMSD=n/a;contactSpec=n/a;clashPen=n/a;enrichSets=0;enrichActive=0;enrichDecoy=0;enrichAUC=n/a;enrichMargin=n/a | case=5dhb-gmp-primer-template;rank=1;top=mode:1;decoys=0;margin=n/a;topRMSD=0.000;bestDecoyRMSD=n/a;contactSpec=n/a;clashPen=n/a;enrichSets=0;enrichActive=0;enrichDecoy=0;enrichAUC=n/a;enrichMargin=n/a | case=6c64-mango-ii-ekm;rank=1;top=mode:1;decoys=0;margin=n/a;topRMSD=0.000;bestDecoyRMSD=n/a;contactSpec=n/a;clashPen=n/a;enrichSets=0;enrichActive=0;enrichDecoy=0;enrichAUC=n/a;enrichMargin=n/a | case=5bjp-corn-dfho;rank=1;top=mode:1;decoys=0;margin=n/a;topRMSD=0.000;bestDecoyRMSD=n/a;contactSpec=n/a;clashPen=n/a;enrichSets=0;enrichActive=0;enrichDecoy=0;enrichAUC=n/a;enrichMargin=n/a | case=6wzs-ztp-riboswitch;rank=1;top=mode:1;decoys=0;margin=n/a;topRMSD=0.000;bestDecoyRMSD=n/a;contactSpec=n/a;clashPen=n/a;enrichSets=0;enrichActive=0;enrichDecoy=0;enrichAUC=n/a;enrichMargin=n/a | case=3irw-c-di-gmp-riboswitch;rank=1;top=mode:1;decoys=0;margin=n/a;topRMSD=0.000;bestDecoyRMSD=n/a;contactSpec=n/a;clashPen=n/a;enrichSets=0;enrichActive=0;enrichDecoy=0;enrichAUC=n/a;enrichMargin=n/a | case=4qlm-c-di-amp-riboswitch;rank=1;top=mode:1;decoys=0;margin=n/a;topRMSD=0.000;bestDecoyRMSD=n/a;contactSpec=n/a;clashPen=n/a;enrichSets=0;enrichActive=0;enrichDecoy=0;enrichAUC=n/a;enrichMargin=n/a | case=3d0u-lysine-riboswitch;rank=1;top=mode:1;decoys=0;margin=n/a;topRMSD=0.000;bestDecoyRMSD=n/a;contactSpec=n/a;clashPen=n/a;enrichSets=0;enrichActive=0;enrichDecoy=0;enrichAUC=n/a;enrichMargin=n/a | case=3oww-glycine-riboswitch;rank=1;top=mode:1;decoys=0;margin=n/a;topRMSD=0.000;bestDecoyRMSD=n/a;contactSpec=n/a;clashPen=n/a;enrichSets=0;enrichActive=0;enrichDecoy=0;enrichAUC=n/a;enrichMargin=n/a
-0.240000,-0.180000,-0.150000,-0.220000,3.071276,0.725,-0.944,8,41,1423,1.000000,4.513553,0.562,0.000,0.000,8.224,26.625475,0.000000,0.000000,2.157895,1.000000,case=t6-thrombin-vina;rank=1;top=mode:1;decoys=0;margin=n/a;topRMSD=0.000;bestDecoyRMSD=n/a;contactSpec=n/a;clashPen=n/a;enrichSets=0;enrichActive=0;enrichDecoy=0;enrichAUC=n/a;enrichMargin=n/a | case=4q9r-spinach-2zy;rank=1;top=mode:1;decoys=10;margin=26.625;topRMSD=0.000;bestDecoyRMSD=8.224;contactSpec=0.000;clashPen=0.000;enrichSets=0;enrichActive=0;enrichDecoy=0;enrichAUC=n/a;enrichMargin=n/a | case=1fmn-fmn-riboswitch;rank=1;top=mode:1;decoys=0;margin=n/a;topRMSD=0.000;bestDecoyRMSD=n/a;contactSpec=n/a;clashPen=n/a;enrichSets=1;enrichActive=1;enrichDecoy=60;enrichAUC=1.000;enrichMargin=9.529 | case=1fmn-fmn-riboswitch-mg;rank=1;top=mode:1;decoys=0;margin=n/a;topRMSD=0.000;bestDecoyRMSD=n/a;contactSpec=n/a;clashPen=n/a;enrichSets=0;enrichActive=0;enrichDecoy=0;enrichAUC=n/a;enrichMargin=n/a | case=2g9c-purine-riboswitch;rank=1;top=mode:1;decoys=0;margin=n/a;topRMSD=0.000;bestDecoyRMSD=n/a;contactSpec=n/a;clashPen=n/a;enrichSets=1;enrichActive=7;enrichDecoy=88;enrichAUC=0.659;enrichMargin=-0.905 | case=4rzd-preq1-riboswitch;rank=1;top=mode:1;decoys=0;margin=n/a;topRMSD=0.000;bestDecoyRMSD=n/a;contactSpec=n/a;clashPen=n/a;enrichSets=1;enrichActive=5;enrichDecoy=74;enrichAUC=0.500;enrichMargin=0.000 | case=2gdi-tpp-riboswitch;rank=1;top=mode:1;decoys=0;margin=n/a;topRMSD=0.000;bestDecoyRMSD=n/a;contactSpec=n/a;clashPen=n/a;enrichSets=1;enrichActive=7;enrichDecoy=266;enrichAUC=0.630;enrichMargin=-14.673 | case=2ygh-sam-riboswitch;rank=1;top=mode:1;decoys=0;margin=n/a;topRMSD=0.000;bestDecoyRMSD=n/a;contactSpec=n/a;clashPen=n/a;enrichSets=1;enrichActive=3;enrichDecoy=238;enrichAUC=0.819;enrichMargin=-1.098 | case=3b4b-glms-riboswitch;rank=1;top=mode:1;decoys=0;margin=n/a;topRMSD=0.000;bestDecoyRMSD=n/a;contactSpec=n/a;clashPen=n/a;enrichSets=1;enrichActive=4;enrichDecoy=165;enrichAUC=0.750;enrichMargin=0.180 | case=2hoj-tpp-riboswitch;rank=1;top=mode:1;decoys=0;margin=n/a;topRMSD=0.000;bestDecoyRMSD=n/a;contactSpec=n/a;clashPen=n/a;enrichSets=2;enrichActive=14;enrichDecoy=532;enrichAUC=0.714;enrichMargin=0.360 | case=3sd3-thf-riboswitch;rank=1;top=mode:1;decoys=0;margin=n/a;topRMSD=0.000;bestDecoyRMSD=n/a;contactSpec=n/a;clashPen=n/a;enrichSets=0;enrichActive=0;enrichDecoy=0;enrichAUC=n/a;enrichMargin=n/a | case=5dhb-gmp-primer-template;rank=1;top=mode:1;decoys=0;margin=n/a;topRMSD=0.000;bestDecoyRMSD=n/a;contactSpec=n/a;clashPen=n/a;enrichSets=0;enrichActive=0;enrichDecoy=0;enrichAUC=n/a;enrichMargin=n/a | case=6c64-mango-ii-ekm;rank=1;top=mode:1;decoys=0;margin=n/a;topRMSD=0.000;bestDecoyRMSD=n/a;contactSpec=n/a;clashPen=n/a;enrichSets=0;enrichActive=0;enrichDecoy=0;enrichAUC=n/a;enrichMargin=n/a | case=5bjp-corn-dfho;rank=1;top=mode:1;decoys=0;margin=n/a;topRMSD=0.000;bestDecoyRMSD=n/a;contactSpec=n/a;clashPen=n/a;enrichSets=0;enrichActive=0;enrichDecoy=0;enrichAUC=n/a;enrichMargin=n/a | case=6wzs-ztp-riboswitch;rank=1;top=mode:1;decoys=0;margin=n/a;topRMSD=0.000;bestDecoyRMSD=n/a;contactSpec=n/a;clashPen=n/a;enrichSets=0;enrichActive=0;enrichDecoy=0;enrichAUC=n/a;enrichMargin=n/a | case=3irw-c-di-gmp-riboswitch;rank=1;top=mode:1;decoys=0;margin=n/a;topRMSD=0.000;bestDecoyRMSD=n/a;contactSpec=n/a;clashPen=n/a;enrichSets=0;enrichActive=0;enrichDecoy=0;enrichAUC=n/a;enrichMargin=n/a | case=4qlm-c-di-amp-riboswitch;rank=1;top=mode:1;decoys=0;margin=n/a;topRMSD=0.000;bestDecoyRMSD=n/a;contactSpec=n/a;clashPen=n/a;enrichSets=0;enrichActive=0;enrichDecoy=0;enrichAUC=n/a;enrichMargin=n/a | case=3d0u-lysine-riboswitch;rank=1;top=mode:1;decoys=0;margin=n/a;topRMSD=0.000;bestDecoyRMSD=n/a;contactSpec=n/a;clashPen=n/a;enrichSets=0;enrichActive=0;enrichDecoy=0;enrichAUC=n/a;enrichMargin=n/a | case=3oww-glycine-riboswitch;rank=1;top=mode:1;decoys=0;margin=n/a;topRMSD=0.000;bestDecoyRMSD=n/a;contactSpec=n/a;clashPen=n/a;enrichSets=0;enrichActive=0;enrichDecoy=0;enrichAUC=n/a;enrichMargin=n/a
-0.240000,-0.180000,-0.150000,-0.350000,3.071276,0.725,-0.944,8,41,1423,1.000000,4.513553,0.562,0.000,0.000,8.224,26.625475,0.000000,0.000000,2.157895,1.000000,case=t6-thrombin-vina;rank=1;top=mode:1;decoys=0;margin=n/a;topRMSD=0.000;bestDecoyRMSD=n/a;contactSpec=n/a;clashPen=n/a;enrichSets=0;enrichActive=0;enrichDecoy=0;enrichAUC=n/a;enrichMargin=n/a | case=4q9r-spinach-2zy;rank=1;top=mode:1;decoys=10;margin=26.625;topRMSD=0.000;bestDecoyRMSD=8.224;contactSpec=0.000;clashPen=0.000;enrichSets=0;enrichActive=0;enrichDecoy=0;enrichAUC=n/a;enrichMargin=n/a | case=1fmn-fmn-riboswitch;rank=1;top=mode:1;decoys=0;margin=n/a;topRMSD=0.000;bestDecoyRMSD=n/a;contactSpec=n/a;clashPen=n/a;enrichSets=1;enrichActive=1;enrichDecoy=60;enrichAUC=1.000;enrichMargin=9.529 | case=1fmn-fmn-riboswitch-mg;rank=1;top=mode:1;decoys=0;margin=n/a;topRMSD=0.000;bestDecoyRMSD=n/a;contactSpec=n/a;clashPen=n/a;enrichSets=0;enrichActive=0;enrichDecoy=0;enrichAUC=n/a;enrichMargin=n/a | case=2g9c-purine-riboswitch;rank=1;top=mode:1;decoys=0;margin=n/a;topRMSD=0.000;bestDecoyRMSD=n/a;contactSpec=n/a;clashPen=n/a;enrichSets=1;enrichActive=7;enrichDecoy=88;enrichAUC=0.659;enrichMargin=-0.905 | case=4rzd-preq1-riboswitch;rank=1;top=mode:1;decoys=0;margin=n/a;topRMSD=0.000;bestDecoyRMSD=n/a;contactSpec=n/a;clashPen=n/a;enrichSets=1;enrichActive=5;enrichDecoy=74;enrichAUC=0.500;enrichMargin=0.000 | case=2gdi-tpp-riboswitch;rank=1;top=mode:1;decoys=0;margin=n/a;topRMSD=0.000;bestDecoyRMSD=n/a;contactSpec=n/a;clashPen=n/a;enrichSets=1;enrichActive=7;enrichDecoy=266;enrichAUC=0.630;enrichMargin=-14.673 | case=2ygh-sam-riboswitch;rank=1;top=mode:1;decoys=0;margin=n/a;topRMSD=0.000;bestDecoyRMSD=n/a;contactSpec=n/a;clashPen=n/a;enrichSets=1;enrichActive=3;enrichDecoy=238;enrichAUC=0.819;enrichMargin=-1.098 | case=3b4b-glms-riboswitch;rank=1;top=mode:1;decoys=0;margin=n/a;topRMSD=0.000;bestDecoyRMSD=n/a;contactSpec=n/a;clashPen=n/a;enrichSets=1;enrichActive=4;enrichDecoy=165;enrichAUC=0.750;enrichMargin=0.180 | case=2hoj-tpp-riboswitch;rank=1;top=mode:1;decoys=0;margin=n/a;topRMSD=0.000;bestDecoyRMSD=n/a;contactSpec=n/a;clashPen=n/a;enrichSets=2;enrichActive=14;enrichDecoy=532;enrichAUC=0.714;enrichMargin=0.360 | case=3sd3-thf-riboswitch;rank=1;top=mode:1;decoys=0;margin=n/a;topRMSD=0.000;bestDecoyRMSD=n/a;contactSpec=n/a;clashPen=n/a;enrichSets=0;enrichActive=0;enrichDecoy=0;enrichAUC=n/a;enrichMargin=n/a | case=5dhb-gmp-primer-template;rank=1;top=mode:1;decoys=0;margin=n/a;topRMSD=0.000;bestDecoyRMSD=n/a;contactSpec=n/a;clashPen=n/a;enrichSets=0;enrichActive=0;enrichDecoy=0;enrichAUC=n/a;enrichMargin=n/a | case=6c64-mango-ii-ekm;rank=1;top=mode:1;decoys=0;margin=n/a;topRMSD=0.000;bestDecoyRMSD=n/a;contactSpec=n/a;clashPen=n/a;enrichSets=0;enrichActive=0;enrichDecoy=0;enrichAUC=n/a;enrichMargin=n/a | case=5bjp-corn-dfho;rank=1;top=mode:1;decoys=0;margin=n/a;topRMSD=0.000;bestDecoyRMSD=n/a;contactSpec=n/a;clashPen=n/a;enrichSets=0;enrichActive=0;enrichDecoy=0;enrichAUC=n/a;enrichMargin=n/a | case=6wzs-ztp-riboswitch;rank=1;top=mode:1;decoys=0;margin=n/a;topRMSD=0.000;bestDecoyRMSD=n/a;contactSpec=n/a;clashPen=n/a;enrichSets=0;enrichActive=0;enrichDecoy=0;enrichAUC=n/a;enrichMargin=n/a | case=3irw-c-di-gmp-riboswitch;rank=1;top=mode:1;decoys=0;margin=n/a;topRMSD=0.000;bestDecoyRMSD=n/a;contactSpec=n/a;clashPen=n/a;enrichSets=0;enrichActive=0;enrichDecoy=0;enrichAUC=n/a;enrichMargin=n/a | case=4qlm-c-di-amp-riboswitch;rank=1;top=mode:1;decoys=0;margin=n/a;topRMSD=0.000;bestDecoyRMSD=n/a;contactSpec=n/a;clashPen=n/a;enrichSets=0;enrichActive=0;enrichDecoy=0;enrichAUC=n/a;enrichMargin=n/a | case=3d0u-lysine-riboswitch;rank=1;top=mode:1;decoys=0;margin=n/a;topRMSD=0.000;bestDecoyRMSD=n/a;contactSpec=n/a;clashPen=n/a;enrichSets=0;enrichActive=0;enrichDecoy=0;enrichAUC=n/a;enrichMargin=n/a | case=3oww-glycine-riboswitch;rank=1;top=mode:1;decoys=0;margin=n/a;topRMSD=0.000;bestDecoyRMSD=n/a;contactSpec=n/a;clashPen=n/a;enrichSets=0;enrichActive=0;enrichDecoy=0;enrichAUC=n/a;enrichMargin=n/a
-0.080000,-0.180000,-0.250000,-0.100000,3.071977,0.724,-0.948,8,41,1423,1.000000,4.501132,0.562,0.000,0.000,8.224,26.615447,0.000000,0.000000,2.157895,1.000000,case=t6-thrombin-vina;rank=1;top=mode:1;decoys=0;margin=n/a;topRMSD=0.000;bestDecoyRMSD=n/a;contactSpec=n/a;clashPen=n/a;enrichSets=0;enrichActive=0;enrichDecoy=0;enrichAUC=n/a;enrichMargin=n/a | case=4q9r-spinach-2zy;rank=1;top=mode:1;decoys=10;margin=26.615;topRMSD=0.000;bestDecoyRMSD=8.224;contactSpec=0.000;clashPen=0.000;enrichSets=0;enrichActive=0;enrichDecoy=0;enrichAUC=n/a;enrichMargin=n/a | case=1fmn-fmn-riboswitch;rank=1;top=mode:1;decoys=0;margin=n/a;topRMSD=0.000;bestDecoyRMSD=n/a;contactSpec=n/a;clashPen=n/a;enrichSets=1;enrichActive=1;enrichDecoy=60;enrichAUC=1.000;enrichMargin=9.392 | case=1fmn-fmn-riboswitch-mg;rank=1;top=mode:1;decoys=0;margin=n/a;topRMSD=0.000;bestDecoyRMSD=n/a;contactSpec=n/a;clashPen=n/a;enrichSets=0;enrichActive=0;enrichDecoy=0;enrichAUC=n/a;enrichMargin=n/a | case=2g9c-purine-riboswitch;rank=1;top=mode:1;decoys=0;margin=n/a;topRMSD=0.000;bestDecoyRMSD=n/a;contactSpec=n/a;clashPen=n/a;enrichSets=1;enrichActive=7;enrichDecoy=88;enrichAUC=0.656;enrichMargin=-0.906 | case=4rzd-preq1-riboswitch;rank=1;top=mode:1;decoys=0;margin=n/a;topRMSD=0.000;bestDecoyRMSD=n/a;contactSpec=n/a;clashPen=n/a;enrichSets=1;enrichActive=5;enrichDecoy=74;enrichAUC=0.500;enrichMargin=0.000 | case=2gdi-tpp-riboswitch;rank=1;top=mode:1;decoys=0;margin=n/a;topRMSD=0.000;bestDecoyRMSD=n/a;contactSpec=n/a;clashPen=n/a;enrichSets=1;enrichActive=7;enrichDecoy=266;enrichAUC=0.627;enrichMargin=-14.651 | case=2ygh-sam-riboswitch;rank=1;top=mode:1;decoys=0;margin=n/a;topRMSD=0.000;bestDecoyRMSD=n/a;contactSpec=n/a;clashPen=n/a;enrichSets=1;enrichActive=3;enrichDecoy=238;enrichAUC=0.821;enrichMargin=-1.010 | case=3b4b-glms-riboswitch;rank=1;top=mode:1;decoys=0;margin=n/a;topRMSD=0.000;bestDecoyRMSD=n/a;contactSpec=n/a;clashPen=n/a;enrichSets=1;enrichActive=4;enrichDecoy=165;enrichAUC=0.750;enrichMargin=0.180 | case=2hoj-tpp-riboswitch;rank=1;top=mode:1;decoys=0;margin=n/a;topRMSD=0.000;bestDecoyRMSD=n/a;contactSpec=n/a;clashPen=n/a;enrichSets=2;enrichActive=14;enrichDecoy=532;enrichAUC=0.714;enrichMargin=0.360 | case=3sd3-thf-riboswitch;rank=1;top=mode:1;decoys=0;margin=n/a;topRMSD=0.000;bestDecoyRMSD=n/a;contactSpec=n/a;clashPen=n/a;enrichSets=0;enrichActive=0;enrichDecoy=0;enrichAUC=n/a;enrichMargin=n/a | case=5dhb-gmp-primer-template;rank=1;top=mode:1;decoys=0;margin=n/a;topRMSD=0.000;bestDecoyRMSD=n/a;contactSpec=n/a;clashPen=n/a;enrichSets=0;enrichActive=0;enrichDecoy=0;enrichAUC=n/a;enrichMargin=n/a | case=6c64-mango-ii-ekm;rank=1;top=mode:1;decoys=0;margin=n/a;topRMSD=0.000;bestDecoyRMSD=n/a;contactSpec=n/a;clashPen=n/a;enrichSets=0;enrichActive=0;enrichDecoy=0;enrichAUC=n/a;enrichMargin=n/a | case=5bjp-corn-dfho;rank=1;top=mode:1;decoys=0;margin=n/a;topRMSD=0.000;bestDecoyRMSD=n/a;contactSpec=n/a;clashPen=n/a;enrichSets=0;enrichActive=0;enrichDecoy=0;enrichAUC=n/a;enrichMargin=n/a | case=6wzs-ztp-riboswitch;rank=1;top=mode:1;decoys=0;margin=n/a;topRMSD=0.000;bestDecoyRMSD=n/a;contactSpec=n/a;clashPen=n/a;enrichSets=0;enrichActive=0;enrichDecoy=0;enrichAUC=n/a;enrichMargin=n/a | case=3irw-c-di-gmp-riboswitch;rank=1;top=mode:1;decoys=0;margin=n/a;topRMSD=0.000;bestDecoyRMSD=n/a;contactSpec=n/a;clashPen=n/a;enrichSets=0;enrichActive=0;enrichDecoy=0;enrichAUC=n/a;enrichMargin=n/a | case=4qlm-c-di-amp-riboswitch;rank=1;top=mode:1;decoys=0;margin=n/a;topRMSD=0.000;bestDecoyRMSD=n/a;contactSpec=n/a;clashPen=n/a;enrichSets=0;enrichActive=0;enrichDecoy=0;enrichAUC=n/a;enrichMargin=n/a | case=3d0u-lysine-riboswitch;rank=1;top=mode:1;decoys=0;margin=n/a;topRMSD=0.000;bestDecoyRMSD=n/a;contactSpec=n/a;clashPen=n/a;enrichSets=0;enrichActive=0;enrichDecoy=0;enrichAUC=n/a;enrichMargin=n/a | case=3oww-glycine-riboswitch;rank=1;top=mode:1;decoys=0;margin=n/a;topRMSD=0.000;bestDecoyRMSD=n/a;contactSpec=n/a;clashPen=n/a;enrichSets=0;enrichActive=0;enrichDecoy=0;enrichAUC=n/a;enrichMargin=n/a
-0.080000,-0.180000,-0.250000,-0.220000,3.071977,0.724,-0.948,8,41,1423,1.000000,4.501132,0.562,0.000,0.000,8.224,26.615447,0.000000,0.000000,2.157895,1.000000,case=t6-thrombin-vina;rank=1;top=mode:1;decoys=0;margin=n/a;topRMSD=0.000;bestDecoyRMSD=n/a;contactSpec=n/a;clashPen=n/a;enrichSets=0;enrichActive=0;enrichDecoy=0;enrichAUC=n/a;enrichMargin=n/a | case=4q9r-spinach-2zy;rank=1;top=mode:1;decoys=10;margin=26.615;topRMSD=0.000;bestDecoyRMSD=8.224;contactSpec=0.000;clashPen=0.000;enrichSets=0;enrichActive=0;enrichDecoy=0;enrichAUC=n/a;enrichMargin=n/a | case=1fmn-fmn-riboswitch;rank=1;top=mode:1;decoys=0;margin=n/a;topRMSD=0.000;bestDecoyRMSD=n/a;contactSpec=n/a;clashPen=n/a;enrichSets=1;enrichActive=1;enrichDecoy=60;enrichAUC=1.000;enrichMargin=9.392 | case=1fmn-fmn-riboswitch-mg;rank=1;top=mode:1;decoys=0;margin=n/a;topRMSD=0.000;bestDecoyRMSD=n/a;contactSpec=n/a;clashPen=n/a;enrichSets=0;enrichActive=0;enrichDecoy=0;enrichAUC=n/a;enrichMargin=n/a | case=2g9c-purine-riboswitch;rank=1;top=mode:1;decoys=0;margin=n/a;topRMSD=0.000;bestDecoyRMSD=n/a;contactSpec=n/a;clashPen=n/a;enrichSets=1;enrichActive=7;enrichDecoy=88;enrichAUC=0.656;enrichMargin=-0.906 | case=4rzd-preq1-riboswitch;rank=1;top=mode:1;decoys=0;margin=n/a;topRMSD=0.000;bestDecoyRMSD=n/a;contactSpec=n/a;clashPen=n/a;enrichSets=1;enrichActive=5;enrichDecoy=74;enrichAUC=0.500;enrichMargin=0.000 | case=2gdi-tpp-riboswitch;rank=1;top=mode:1;decoys=0;margin=n/a;topRMSD=0.000;bestDecoyRMSD=n/a;contactSpec=n/a;clashPen=n/a;enrichSets=1;enrichActive=7;enrichDecoy=266;enrichAUC=0.627;enrichMargin=-14.651 | case=2ygh-sam-riboswitch;rank=1;top=mode:1;decoys=0;margin=n/a;topRMSD=0.000;bestDecoyRMSD=n/a;contactSpec=n/a;clashPen=n/a;enrichSets=1;enrichActive=3;enrichDecoy=238;enrichAUC=0.821;enrichMargin=-1.010 | case=3b4b-glms-riboswitch;rank=1;top=mode:1;decoys=0;margin=n/a;topRMSD=0.000;bestDecoyRMSD=n/a;contactSpec=n/a;clashPen=n/a;enrichSets=1;enrichActive=4;enrichDecoy=165;enrichAUC=0.750;enrichMargin=0.180 | case=2hoj-tpp-riboswitch;rank=1;top=mode:1;decoys=0;margin=n/a;topRMSD=0.000;bestDecoyRMSD=n/a;contactSpec=n/a;clashPen=n/a;enrichSets=2;enrichActive=14;enrichDecoy=532;enrichAUC=0.714;enrichMargin=0.360 | case=3sd3-thf-riboswitch;rank=1;top=mode:1;decoys=0;margin=n/a;topRMSD=0.000;bestDecoyRMSD=n/a;contactSpec=n/a;clashPen=n/a;enrichSets=0;enrichActive=0;enrichDecoy=0;enrichAUC=n/a;enrichMargin=n/a | case=5dhb-gmp-primer-template;rank=1;top=mode:1;decoys=0;margin=n/a;topRMSD=0.000;bestDecoyRMSD=n/a;contactSpec=n/a;clashPen=n/a;enrichSets=0;enrichActive=0;enrichDecoy=0;enrichAUC=n/a;enrichMargin=n/a | case=6c64-mango-ii-ekm;rank=1;top=mode:1;decoys=0;margin=n/a;topRMSD=0.000;bestDecoyRMSD=n/a;contactSpec=n/a;clashPen=n/a;enrichSets=0;enrichActive=0;enrichDecoy=0;enrichAUC=n/a;enrichMargin=n/a | case=5bjp-corn-dfho;rank=1;top=mode:1;decoys=0;margin=n/a;topRMSD=0.000;bestDecoyRMSD=n/a;contactSpec=n/a;clashPen=n/a;enrichSets=0;enrichActive=0;enrichDecoy=0;enrichAUC=n/a;enrichMargin=n/a | case=6wzs-ztp-riboswitch;rank=1;top=mode:1;decoys=0;margin=n/a;topRMSD=0.000;bestDecoyRMSD=n/a;contactSpec=n/a;clashPen=n/a;enrichSets=0;enrichActive=0;enrichDecoy=0;enrichAUC=n/a;enrichMargin=n/a | case=3irw-c-di-gmp-riboswitch;rank=1;top=mode:1;decoys=0;margin=n/a;topRMSD=0.000;bestDecoyRMSD=n/a;contactSpec=n/a;clashPen=n/a;enrichSets=0;enrichActive=0;enrichDecoy=0;enrichAUC=n/a;enrichMargin=n/a | case=4qlm-c-di-amp-riboswitch;rank=1;top=mode:1;decoys=0;margin=n/a;topRMSD=0.000;bestDecoyRMSD=n/a;contactSpec=n/a;clashPen=n/a;enrichSets=0;enrichActive=0;enrichDecoy=0;enrichAUC=n/a;enrichMargin=n/a | case=3d0u-lysine-riboswitch;rank=1;top=mode:1;decoys=0;margin=n/a;topRMSD=0.000;bestDecoyRMSD=n/a;contactSpec=n/a;clashPen=n/a;enrichSets=0;enrichActive=0;enrichDecoy=0;enrichAUC=n/a;enrichMargin=n/a | case=3oww-glycine-riboswitch;rank=1;top=mode:1;decoys=0;margin=n/a;topRMSD=0.000;bestDecoyRMSD=n/a;contactSpec=n/a;clashPen=n/a;enrichSets=0;enrichActive=0;enrichDecoy=0;enrichAUC=n/a;enrichMargin=n/a
-0.080000,-0.180000,-0.250000,-0.350000,3.071977,0.724,-0.948,8,41,1423,1.000000,4.501132,0.562,0.000,0.000,8.224,26.615447,0.000000,0.000000,2.157895,1.000000,case=t6-thrombin-vina;rank=1;top=mode:1;decoys=0;margin=n/a;topRMSD=0.000;bestDecoyRMSD=n/a;contactSpec=n/a;clashPen=n/a;enrichSets=0;enrichActive=0;enrichDecoy=0;enrichAUC=n/a;enrichMargin=n/a | case=4q9r-spinach-2zy;rank=1;top=mode:1;decoys=10;margin=26.615;topRMSD=0.000;bestDecoyRMSD=8.224;contactSpec=0.000;clashPen=0.000;enrichSets=0;enrichActive=0;enrichDecoy=0;enrichAUC=n/a;enrichMargin=n/a | case=1fmn-fmn-riboswitch;rank=1;top=mode:1;decoys=0;margin=n/a;topRMSD=0.000;bestDecoyRMSD=n/a;contactSpec=n/a;clashPen=n/a;enrichSets=1;enrichActive=1;enrichDecoy=60;enrichAUC=1.000;enrichMargin=9.392 | case=1fmn-fmn-riboswitch-mg;rank=1;top=mode:1;decoys=0;margin=n/a;topRMSD=0.000;bestDecoyRMSD=n/a;contactSpec=n/a;clashPen=n/a;enrichSets=0;enrichActive=0;enrichDecoy=0;enrichAUC=n/a;enrichMargin=n/a | case=2g9c-purine-riboswitch;rank=1;top=mode:1;decoys=0;margin=n/a;topRMSD=0.000;bestDecoyRMSD=n/a;contactSpec=n/a;clashPen=n/a;enrichSets=1;enrichActive=7;enrichDecoy=88;enrichAUC=0.656;enrichMargin=-0.906 | case=4rzd-preq1-riboswitch;rank=1;top=mode:1;decoys=0;margin=n/a;topRMSD=0.000;bestDecoyRMSD=n/a;contactSpec=n/a;clashPen=n/a;enrichSets=1;enrichActive=5;enrichDecoy=74;enrichAUC=0.500;enrichMargin=0.000 | case=2gdi-tpp-riboswitch;rank=1;top=mode:1;decoys=0;margin=n/a;topRMSD=0.000;bestDecoyRMSD=n/a;contactSpec=n/a;clashPen=n/a;enrichSets=1;enrichActive=7;enrichDecoy=266;enrichAUC=0.627;enrichMargin=-14.651 | case=2ygh-sam-riboswitch;rank=1;top=mode:1;decoys=0;margin=n/a;topRMSD=0.000;bestDecoyRMSD=n/a;contactSpec=n/a;clashPen=n/a;enrichSets=1;enrichActive=3;enrichDecoy=238;enrichAUC=0.821;enrichMargin=-1.010 | case=3b4b-glms-riboswitch;rank=1;top=mode:1;decoys=0;margin=n/a;topRMSD=0.000;bestDecoyRMSD=n/a;contactSpec=n/a;clashPen=n/a;enrichSets=1;enrichActive=4;enrichDecoy=165;enrichAUC=0.750;enrichMargin=0.180 | case=2hoj-tpp-riboswitch;rank=1;top=mode:1;decoys=0;margin=n/a;topRMSD=0.000;bestDecoyRMSD=n/a;contactSpec=n/a;clashPen=n/a;enrichSets=2;enrichActive=14;enrichDecoy=532;enrichAUC=0.714;enrichMargin=0.360 | case=3sd3-thf-riboswitch;rank=1;top=mode:1;decoys=0;margin=n/a;topRMSD=0.000;bestDecoyRMSD=n/a;contactSpec=n/a;clashPen=n/a;enrichSets=0;enrichActive=0;enrichDecoy=0;enrichAUC=n/a;enrichMargin=n/a | case=5dhb-gmp-primer-template;rank=1;top=mode:1;decoys=0;margin=n/a;topRMSD=0.000;bestDecoyRMSD=n/a;contactSpec=n/a;clashPen=n/a;enrichSets=0;enrichActive=0;enrichDecoy=0;enrichAUC=n/a;enrichMargin=n/a | case=6c64-mango-ii-ekm;rank=1;top=mode:1;decoys=0;margin=n/a;topRMSD=0.000;bestDecoyRMSD=n/a;contactSpec=n/a;clashPen=n/a;enrichSets=0;enrichActive=0;enrichDecoy=0;enrichAUC=n/a;enrichMargin=n/a | case=5bjp-corn-dfho;rank=1;top=mode:1;decoys=0;margin=n/a;topRMSD=0.000;bestDecoyRMSD=n/a;contactSpec=n/a;clashPen=n/a;enrichSets=0;enrichActive=0;enrichDecoy=0;enrichAUC=n/a;enrichMargin=n/a | case=6wzs-ztp-riboswitch;rank=1;top=mode:1;decoys=0;margin=n/a;topRMSD=0.000;bestDecoyRMSD=n/a;contactSpec=n/a;clashPen=n/a;enrichSets=0;enrichActive=0;enrichDecoy=0;enrichAUC=n/a;enrichMargin=n/a | case=3irw-c-di-gmp-riboswitch;rank=1;top=mode:1;decoys=0;margin=n/a;topRMSD=0.000;bestDecoyRMSD=n/a;contactSpec=n/a;clashPen=n/a;enrichSets=0;enrichActive=0;enrichDecoy=0;enrichAUC=n/a;enrichMargin=n/a | case=4qlm-c-di-amp-riboswitch;rank=1;top=mode:1;decoys=0;margin=n/a;topRMSD=0.000;bestDecoyRMSD=n/a;contactSpec=n/a;clashPen=n/a;enrichSets=0;enrichActive=0;enrichDecoy=0;enrichAUC=n/a;enrichMargin=n/a | case=3d0u-lysine-riboswitch;rank=1;top=mode:1;decoys=0;margin=n/a;topRMSD=0.000;bestDecoyRMSD=n/a;contactSpec=n/a;clashPen=n/a;enrichSets=0;enrichActive=0;enrichDecoy=0;enrichAUC=n/a;enrichMargin=n/a | case=3oww-glycine-riboswitch;rank=1;top=mode:1;decoys=0;margin=n/a;topRMSD=0.000;bestDecoyRMSD=n/a;contactSpec=n/a;clashPen=n/a;enrichSets=0;enrichActive=0;enrichDecoy=0;enrichAUC=n/a;enrichMargin=n/a
-0.180000,-0.180000,-0.150000,-0.100000,3.082750,0.724,-0.953,8,41,1423,1.000000,4.530278,0.562,0.000,0.000,8.224,26.625490,0.000000,0.000000,2.157895,1.000000,case=t6-thrombin-vina;rank=1;top=mode:1;decoys=0;margin=n/a;topRMSD=0.000;bestDecoyRMSD=n/a;contactSpec=n/a;clashPen=n/a;enrichSets=0;enrichActive=0;enrichDecoy=0;enrichAUC=n/a;enrichMargin=n/a | case=4q9r-spinach-2zy;rank=1;top=mode:1;decoys=10;margin=26.625;topRMSD=0.000;bestDecoyRMSD=8.224;contactSpec=0.000;clashPen=0.000;enrichSets=0;enrichActive=0;enrichDecoy=0;enrichAUC=n/a;enrichMargin=n/a | case=1fmn-fmn-riboswitch;rank=1;top=mode:1;decoys=0;margin=n/a;topRMSD=0.000;bestDecoyRMSD=n/a;contactSpec=n/a;clashPen=n/a;enrichSets=1;enrichActive=1;enrichDecoy=60;enrichAUC=1.000;enrichMargin=9.424 | case=1fmn-fmn-riboswitch-mg;rank=1;top=mode:1;decoys=0;margin=n/a;topRMSD=0.000;bestDecoyRMSD=n/a;contactSpec=n/a;clashPen=n/a;enrichSets=0;enrichActive=0;enrichDecoy=0;enrichAUC=n/a;enrichMargin=n/a | case=2g9c-purine-riboswitch;rank=1;top=mode:1;decoys=0;margin=n/a;topRMSD=0.000;bestDecoyRMSD=n/a;contactSpec=n/a;clashPen=n/a;enrichSets=1;enrichActive=7;enrichDecoy=88;enrichAUC=0.657;enrichMargin=-0.906 | case=4rzd-preq1-riboswitch;rank=1;top=mode:1;decoys=0;margin=n/a;topRMSD=0.000;bestDecoyRMSD=n/a;contactSpec=n/a;clashPen=n/a;enrichSets=1;enrichActive=5;enrichDecoy=74;enrichAUC=0.500;enrichMargin=0.000 | case=2gdi-tpp-riboswitch;rank=1;top=mode:1;decoys=0;margin=n/a;topRMSD=0.000;bestDecoyRMSD=n/a;contactSpec=n/a;clashPen=n/a;enrichSets=1;enrichActive=7;enrichDecoy=266;enrichAUC=0.629;enrichMargin=-14.664 | case=2ygh-sam-riboswitch;rank=1;top=mode:1;decoys=0;margin=n/a;topRMSD=0.000;bestDecoyRMSD=n/a;contactSpec=n/a;clashPen=n/a;enrichSets=1;enrichActive=3;enrichDecoy=238;enrichAUC=0.819;enrichMargin=-1.065 | case=3b4b-glms-riboswitch;rank=1;top=mode:1;decoys=0;margin=n/a;topRMSD=0.000;bestDecoyRMSD=n/a;contactSpec=n/a;clashPen=n/a;enrichSets=1;enrichActive=4;enrichDecoy=165;enrichAUC=0.750;enrichMargin=0.180 | case=2hoj-tpp-riboswitch;rank=1;top=mode:1;decoys=0;margin=n/a;topRMSD=0.000;bestDecoyRMSD=n/a;contactSpec=n/a;clashPen=n/a;enrichSets=2;enrichActive=14;enrichDecoy=532;enrichAUC=0.714;enrichMargin=0.360 | case=3sd3-thf-riboswitch;rank=1;top=mode:1;decoys=0;margin=n/a;topRMSD=0.000;bestDecoyRMSD=n/a;contactSpec=n/a;clashPen=n/a;enrichSets=0;enrichActive=0;enrichDecoy=0;enrichAUC=n/a;enrichMargin=n/a | case=5dhb-gmp-primer-template;rank=1;top=mode:1;decoys=0;margin=n/a;topRMSD=0.000;bestDecoyRMSD=n/a;contactSpec=n/a;clashPen=n/a;enrichSets=0;enrichActive=0;enrichDecoy=0;enrichAUC=n/a;enrichMargin=n/a | case=6c64-mango-ii-ekm;rank=1;top=mode:1;decoys=0;margin=n/a;topRMSD=0.000;bestDecoyRMSD=n/a;contactSpec=n/a;clashPen=n/a;enrichSets=0;enrichActive=0;enrichDecoy=0;enrichAUC=n/a;enrichMargin=n/a | case=5bjp-corn-dfho;rank=1;top=mode:1;decoys=0;margin=n/a;topRMSD=0.000;bestDecoyRMSD=n/a;contactSpec=n/a;clashPen=n/a;enrichSets=0;enrichActive=0;enrichDecoy=0;enrichAUC=n/a;enrichMargin=n/a | case=6wzs-ztp-riboswitch;rank=1;top=mode:1;decoys=0;margin=n/a;topRMSD=0.000;bestDecoyRMSD=n/a;contactSpec=n/a;clashPen=n/a;enrichSets=0;enrichActive=0;enrichDecoy=0;enrichAUC=n/a;enrichMargin=n/a | case=3irw-c-di-gmp-riboswitch;rank=1;top=mode:1;decoys=0;margin=n/a;topRMSD=0.000;bestDecoyRMSD=n/a;contactSpec=n/a;clashPen=n/a;enrichSets=0;enrichActive=0;enrichDecoy=0;enrichAUC=n/a;enrichMargin=n/a | case=4qlm-c-di-amp-riboswitch;rank=1;top=mode:1;decoys=0;margin=n/a;topRMSD=0.000;bestDecoyRMSD=n/a;contactSpec=n/a;clashPen=n/a;enrichSets=0;enrichActive=0;enrichDecoy=0;enrichAUC=n/a;enrichMargin=n/a | case=3d0u-lysine-riboswitch;rank=1;top=mode:1;decoys=0;margin=n/a;topRMSD=0.000;bestDecoyRMSD=n/a;contactSpec=n/a;clashPen=n/a;enrichSets=0;enrichActive=0;enrichDecoy=0;enrichAUC=n/a;enrichMargin=n/a | case=3oww-glycine-riboswitch;rank=1;top=mode:1;decoys=0;margin=n/a;topRMSD=0.000;bestDecoyRMSD=n/a;contactSpec=n/a;clashPen=n/a;enrichSets=0;enrichActive=0;enrichDecoy=0;enrichAUC=n/a;enrichMargin=n/a
-0.180000,-0.180000,-0.150000,-0.220000,3.082750,0.724,-0.953,8,41,1423,1.000000,4.530278,0.562,0.000,0.000,8.224,26.625490,0.000000,0.000000,2.157895,1.000000,case=t6-thrombin-vina;rank=1;top=mode:1;decoys=0;margin=n/a;topRMSD=0.000;bestDecoyRMSD=n/a;contactSpec=n/a;clashPen=n/a;enrichSets=0;enrichActive=0;enrichDecoy=0;enrichAUC=n/a;enrichMargin=n/a | case=4q9r-spinach-2zy;rank=1;top=mode:1;decoys=10;margin=26.625;topRMSD=0.000;bestDecoyRMSD=8.224;contactSpec=0.000;clashPen=0.000;enrichSets=0;enrichActive=0;enrichDecoy=0;enrichAUC=n/a;enrichMargin=n/a | case=1fmn-fmn-riboswitch;rank=1;top=mode:1;decoys=0;margin=n/a;topRMSD=0.000;bestDecoyRMSD=n/a;contactSpec=n/a;clashPen=n/a;enrichSets=1;enrichActive=1;enrichDecoy=60;enrichAUC=1.000;enrichMargin=9.424 | case=1fmn-fmn-riboswitch-mg;rank=1;top=mode:1;decoys=0;margin=n/a;topRMSD=0.000;bestDecoyRMSD=n/a;contactSpec=n/a;clashPen=n/a;enrichSets=0;enrichActive=0;enrichDecoy=0;enrichAUC=n/a;enrichMargin=n/a | case=2g9c-purine-riboswitch;rank=1;top=mode:1;decoys=0;margin=n/a;topRMSD=0.000;bestDecoyRMSD=n/a;contactSpec=n/a;clashPen=n/a;enrichSets=1;enrichActive=7;enrichDecoy=88;enrichAUC=0.657;enrichMargin=-0.906 | case=4rzd-preq1-riboswitch;rank=1;top=mode:1;decoys=0;margin=n/a;topRMSD=0.000;bestDecoyRMSD=n/a;contactSpec=n/a;clashPen=n/a;enrichSets=1;enrichActive=5;enrichDecoy=74;enrichAUC=0.500;enrichMargin=0.000 | case=2gdi-tpp-riboswitch;rank=1;top=mode:1;decoys=0;margin=n/a;topRMSD=0.000;bestDecoyRMSD=n/a;contactSpec=n/a;clashPen=n/a;enrichSets=1;enrichActive=7;enrichDecoy=266;enrichAUC=0.629;enrichMargin=-14.664 | case=2ygh-sam-riboswitch;rank=1;top=mode:1;decoys=0;margin=n/a;topRMSD=0.000;bestDecoyRMSD=n/a;contactSpec=n/a;clashPen=n/a;enrichSets=1;enrichActive=3;enrichDecoy=238;enrichAUC=0.819;enrichMargin=-1.065 | case=3b4b-glms-riboswitch;rank=1;top=mode:1;decoys=0;margin=n/a;topRMSD=0.000;bestDecoyRMSD=n/a;contactSpec=n/a;clashPen=n/a;enrichSets=1;enrichActive=4;enrichDecoy=165;enrichAUC=0.750;enrichMargin=0.180 | case=2hoj-tpp-riboswitch;rank=1;top=mode:1;decoys=0;margin=n/a;topRMSD=0.000;bestDecoyRMSD=n/a;contactSpec=n/a;clashPen=n/a;enrichSets=2;enrichActive=14;enrichDecoy=532;enrichAUC=0.714;enrichMargin=0.360 | case=3sd3-thf-riboswitch;rank=1;top=mode:1;decoys=0;margin=n/a;topRMSD=0.000;bestDecoyRMSD=n/a;contactSpec=n/a;clashPen=n/a;enrichSets=0;enrichActive=0;enrichDecoy=0;enrichAUC=n/a;enrichMargin=n/a | case=5dhb-gmp-primer-template;rank=1;top=mode:1;decoys=0;margin=n/a;topRMSD=0.000;bestDecoyRMSD=n/a;contactSpec=n/a;clashPen=n/a;enrichSets=0;enrichActive=0;enrichDecoy=0;enrichAUC=n/a;enrichMargin=n/a | case=6c64-mango-ii-ekm;rank=1;top=mode:1;decoys=0;margin=n/a;topRMSD=0.000;bestDecoyRMSD=n/a;contactSpec=n/a;clashPen=n/a;enrichSets=0;enrichActive=0;enrichDecoy=0;enrichAUC=n/a;enrichMargin=n/a | case=5bjp-corn-dfho;rank=1;top=mode:1;decoys=0;margin=n/a;topRMSD=0.000;bestDecoyRMSD=n/a;contactSpec=n/a;clashPen=n/a;enrichSets=0;enrichActive=0;enrichDecoy=0;enrichAUC=n/a;enrichMargin=n/a | case=6wzs-ztp-riboswitch;rank=1;top=mode:1;decoys=0;margin=n/a;topRMSD=0.000;bestDecoyRMSD=n/a;contactSpec=n/a;clashPen=n/a;enrichSets=0;enrichActive=0;enrichDecoy=0;enrichAUC=n/a;enrichMargin=n/a | case=3irw-c-di-gmp-riboswitch;rank=1;top=mode:1;decoys=0;margin=n/a;topRMSD=0.000;bestDecoyRMSD=n/a;contactSpec=n/a;clashPen=n/a;enrichSets=0;enrichActive=0;enrichDecoy=0;enrichAUC=n/a;enrichMargin=n/a | case=4qlm-c-di-amp-riboswitch;rank=1;top=mode:1;decoys=0;margin=n/a;topRMSD=0.000;bestDecoyRMSD=n/a;contactSpec=n/a;clashPen=n/a;enrichSets=0;enrichActive=0;enrichDecoy=0;enrichAUC=n/a;enrichMargin=n/a | case=3d0u-lysine-riboswitch;rank=1;top=mode:1;decoys=0;margin=n/a;topRMSD=0.000;bestDecoyRMSD=n/a;contactSpec=n/a;clashPen=n/a;enrichSets=0;enrichActive=0;enrichDecoy=0;enrichAUC=n/a;enrichMargin=n/a | case=3oww-glycine-riboswitch;rank=1;top=mode:1;decoys=0;margin=n/a;topRMSD=0.000;bestDecoyRMSD=n/a;contactSpec=n/a;clashPen=n/a;enrichSets=0;enrichActive=0;enrichDecoy=0;enrichAUC=n/a;enrichMargin=n/a
-0.180000,-0.180000,-0.150000,-0.350000,3.082750,0.724,-0.953,8,41,1423,1.000000,4.530278,0.562,0.000,0.000,8.224,26.625490,0.000000,0.000000,2.157895,1.000000,case=t6-thrombin-vina;rank=1;top=mode:1;decoys=0;margin=n/a;topRMSD=0.000;bestDecoyRMSD=n/a;contactSpec=n/a;clashPen=n/a;enrichSets=0;enrichActive=0;enrichDecoy=0;enrichAUC=n/a;enrichMargin=n/a | case=4q9r-spinach-2zy;rank=1;top=mode:1;decoys=10;margin=26.625;topRMSD=0.000;bestDecoyRMSD=8.224;contactSpec=0.000;clashPen=0.000;enrichSets=0;enrichActive=0;enrichDecoy=0;enrichAUC=n/a;enrichMargin=n/a | case=1fmn-fmn-riboswitch;rank=1;top=mode:1;decoys=0;margin=n/a;topRMSD=0.000;bestDecoyRMSD=n/a;contactSpec=n/a;clashPen=n/a;enrichSets=1;enrichActive=1;enrichDecoy=60;enrichAUC=1.000;enrichMargin=9.424 | case=1fmn-fmn-riboswitch-mg;rank=1;top=mode:1;decoys=0;margin=n/a;topRMSD=0.000;bestDecoyRMSD=n/a;contactSpec=n/a;clashPen=n/a;enrichSets=0;enrichActive=0;enrichDecoy=0;enrichAUC=n/a;enrichMargin=n/a | case=2g9c-purine-riboswitch;rank=1;top=mode:1;decoys=0;margin=n/a;topRMSD=0.000;bestDecoyRMSD=n/a;contactSpec=n/a;clashPen=n/a;enrichSets=1;enrichActive=7;enrichDecoy=88;enrichAUC=0.657;enrichMargin=-0.906 | case=4rzd-preq1-riboswitch;rank=1;top=mode:1;decoys=0;margin=n/a;topRMSD=0.000;bestDecoyRMSD=n/a;contactSpec=n/a;clashPen=n/a;enrichSets=1;enrichActive=5;enrichDecoy=74;enrichAUC=0.500;enrichMargin=0.000 | case=2gdi-tpp-riboswitch;rank=1;top=mode:1;decoys=0;margin=n/a;topRMSD=0.000;bestDecoyRMSD=n/a;contactSpec=n/a;clashPen=n/a;enrichSets=1;enrichActive=7;enrichDecoy=266;enrichAUC=0.629;enrichMargin=-14.664 | case=2ygh-sam-riboswitch;rank=1;top=mode:1;decoys=0;margin=n/a;topRMSD=0.000;bestDecoyRMSD=n/a;contactSpec=n/a;clashPen=n/a;enrichSets=1;enrichActive=3;enrichDecoy=238;enrichAUC=0.819;enrichMargin=-1.065 | case=3b4b-glms-riboswitch;rank=1;top=mode:1;decoys=0;margin=n/a;topRMSD=0.000;bestDecoyRMSD=n/a;contactSpec=n/a;clashPen=n/a;enrichSets=1;enrichActive=4;enrichDecoy=165;enrichAUC=0.750;enrichMargin=0.180 | case=2hoj-tpp-riboswitch;rank=1;top=mode:1;decoys=0;margin=n/a;topRMSD=0.000;bestDecoyRMSD=n/a;contactSpec=n/a;clashPen=n/a;enrichSets=2;enrichActive=14;enrichDecoy=532;enrichAUC=0.714;enrichMargin=0.360 | case=3sd3-thf-riboswitch;rank=1;top=mode:1;decoys=0;margin=n/a;topRMSD=0.000;bestDecoyRMSD=n/a;contactSpec=n/a;clashPen=n/a;enrichSets=0;enrichActive=0;enrichDecoy=0;enrichAUC=n/a;enrichMargin=n/a | case=5dhb-gmp-primer-template;rank=1;top=mode:1;decoys=0;margin=n/a;topRMSD=0.000;bestDecoyRMSD=n/a;contactSpec=n/a;clashPen=n/a;enrichSets=0;enrichActive=0;enrichDecoy=0;enrichAUC=n/a;enrichMargin=n/a | case=6c64-mango-ii-ekm;rank=1;top=mode:1;decoys=0;margin=n/a;topRMSD=0.000;bestDecoyRMSD=n/a;contactSpec=n/a;clashPen=n/a;enrichSets=0;enrichActive=0;enrichDecoy=0;enrichAUC=n/a;enrichMargin=n/a | case=5bjp-corn-dfho;rank=1;top=mode:1;decoys=0;margin=n/a;topRMSD=0.000;bestDecoyRMSD=n/a;contactSpec=n/a;clashPen=n/a;enrichSets=0;enrichActive=0;enrichDecoy=0;enrichAUC=n/a;enrichMargin=n/a | case=6wzs-ztp-riboswitch;rank=1;top=mode:1;decoys=0;margin=n/a;topRMSD=0.000;bestDecoyRMSD=n/a;contactSpec=n/a;clashPen=n/a;enrichSets=0;enrichActive=0;enrichDecoy=0;enrichAUC=n/a;enrichMargin=n/a | case=3irw-c-di-gmp-riboswitch;rank=1;top=mode:1;decoys=0;margin=n/a;topRMSD=0.000;bestDecoyRMSD=n/a;contactSpec=n/a;clashPen=n/a;enrichSets=0;enrichActive=0;enrichDecoy=0;enrichAUC=n/a;enrichMargin=n/a | case=4qlm-c-di-amp-riboswitch;rank=1;top=mode:1;decoys=0;margin=n/a;topRMSD=0.000;bestDecoyRMSD=n/a;contactSpec=n/a;clashPen=n/a;enrichSets=0;enrichActive=0;enrichDecoy=0;enrichAUC=n/a;enrichMargin=n/a | case=3d0u-lysine-riboswitch;rank=1;top=mode:1;decoys=0;margin=n/a;topRMSD=0.000;bestDecoyRMSD=n/a;contactSpec=n/a;clashPen=n/a;enrichSets=0;enrichActive=0;enrichDecoy=0;enrichAUC=n/a;enrichMargin=n/a | case=3oww-glycine-riboswitch;rank=1;top=mode:1;decoys=0;margin=n/a;topRMSD=0.000;bestDecoyRMSD=n/a;contactSpec=n/a;clashPen=n/a;enrichSets=0;enrichActive=0;enrichDecoy=0;enrichAUC=n/a;enrichMargin=n/a
-0.120000,-0.180000,-0.150000,-0.100000,3.093587,0.724,-0.962,8,41,1423,1.000000,4.547003,0.562,0.000,0.000,8.224,26.625505,0.000000,0.000000,2.157895,1.000000,case=t6-thrombin-vina;rank=1;top=mode:1;decoys=0;margin=n/a;topRMSD=0.000;bestDecoyRMSD=n/a;contactSpec=n/a;clashPen=n/a;enrichSets=0;enrichActive=0;enrichDecoy=0;enrichAUC=n/a;enrichMargin=n/a | case=4q9r-spinach-2zy;rank=1;top=mode:1;decoys=10;margin=26.626;topRMSD=0.000;bestDecoyRMSD=8.224;contactSpec=0.000;clashPen=0.000;enrichSets=0;enrichActive=0;enrichDecoy=0;enrichAUC=n/a;enrichMargin=n/a | case=1fmn-fmn-riboswitch;rank=1;top=mode:1;decoys=0;margin=n/a;topRMSD=0.000;bestDecoyRMSD=n/a;contactSpec=n/a;clashPen=n/a;enrichSets=1;enrichActive=1;enrichDecoy=60;enrichAUC=1.000;enrichMargin=9.319 | case=1fmn-fmn-riboswitch-mg;rank=1;top=mode:1;decoys=0;margin=n/a;topRMSD=0.000;bestDecoyRMSD=n/a;contactSpec=n/a;clashPen=n/a;enrichSets=0;enrichActive=0;enrichDecoy=0;enrichAUC=n/a;enrichMargin=n/a | case=2g9c-purine-riboswitch;rank=1;top=mode:1;decoys=0;margin=n/a;topRMSD=0.000;bestDecoyRMSD=n/a;contactSpec=n/a;clashPen=n/a;enrichSets=1;enrichActive=7;enrichDecoy=88;enrichAUC=0.657;enrichMargin=-0.906 | case=4rzd-preq1-riboswitch;rank=1;top=mode:1;decoys=0;margin=n/a;topRMSD=0.000;bestDecoyRMSD=n/a;contactSpec=n/a;clashPen=n/a;enrichSets=1;enrichActive=5;enrichDecoy=74;enrichAUC=0.500;enrichMargin=0.000 | case=2gdi-tpp-riboswitch;rank=1;top=mode:1;decoys=0;margin=n/a;topRMSD=0.000;bestDecoyRMSD=n/a;contactSpec=n/a;clashPen=n/a;enrichSets=1;enrichActive=7;enrichDecoy=266;enrichAUC=0.628;enrichMargin=-14.656 | case=2ygh-sam-riboswitch;rank=1;top=mode:1;decoys=0;margin=n/a;topRMSD=0.000;bestDecoyRMSD=n/a;contactSpec=n/a;clashPen=n/a;enrichSets=1;enrichActive=3;enrichDecoy=238;enrichAUC=0.821;enrichMargin=-1.032 | case=3b4b-glms-riboswitch;rank=1;top=mode:1;decoys=0;margin=n/a;topRMSD=0.000;bestDecoyRMSD=n/a;contactSpec=n/a;clashPen=n/a;enrichSets=1;enrichActive=4;enrichDecoy=165;enrichAUC=0.750;enrichMargin=0.180 | case=2hoj-tpp-riboswitch;rank=1;top=mode:1;decoys=0;margin=n/a;topRMSD=0.000;bestDecoyRMSD=n/a;contactSpec=n/a;clashPen=n/a;enrichSets=2;enrichActive=14;enrichDecoy=532;enrichAUC=0.714;enrichMargin=0.360 | case=3sd3-thf-riboswitch;rank=1;top=mode:1;decoys=0;margin=n/a;topRMSD=0.000;bestDecoyRMSD=n/a;contactSpec=n/a;clashPen=n/a;enrichSets=0;enrichActive=0;enrichDecoy=0;enrichAUC=n/a;enrichMargin=n/a | case=5dhb-gmp-primer-template;rank=1;top=mode:1;decoys=0;margin=n/a;topRMSD=0.000;bestDecoyRMSD=n/a;contactSpec=n/a;clashPen=n/a;enrichSets=0;enrichActive=0;enrichDecoy=0;enrichAUC=n/a;enrichMargin=n/a | case=6c64-mango-ii-ekm;rank=1;top=mode:1;decoys=0;margin=n/a;topRMSD=0.000;bestDecoyRMSD=n/a;contactSpec=n/a;clashPen=n/a;enrichSets=0;enrichActive=0;enrichDecoy=0;enrichAUC=n/a;enrichMargin=n/a | case=5bjp-corn-dfho;rank=1;top=mode:1;decoys=0;margin=n/a;topRMSD=0.000;bestDecoyRMSD=n/a;contactSpec=n/a;clashPen=n/a;enrichSets=0;enrichActive=0;enrichDecoy=0;enrichAUC=n/a;enrichMargin=n/a | case=6wzs-ztp-riboswitch;rank=1;top=mode:1;decoys=0;margin=n/a;topRMSD=0.000;bestDecoyRMSD=n/a;contactSpec=n/a;clashPen=n/a;enrichSets=0;enrichActive=0;enrichDecoy=0;enrichAUC=n/a;enrichMargin=n/a | case=3irw-c-di-gmp-riboswitch;rank=1;top=mode:1;decoys=0;margin=n/a;topRMSD=0.000;bestDecoyRMSD=n/a;contactSpec=n/a;clashPen=n/a;enrichSets=0;enrichActive=0;enrichDecoy=0;enrichAUC=n/a;enrichMargin=n/a | case=4qlm-c-di-amp-riboswitch;rank=1;top=mode:1;decoys=0;margin=n/a;topRMSD=0.000;bestDecoyRMSD=n/a;contactSpec=n/a;clashPen=n/a;enrichSets=0;enrichActive=0;enrichDecoy=0;enrichAUC=n/a;enrichMargin=n/a | case=3d0u-lysine-riboswitch;rank=1;top=mode:1;decoys=0;margin=n/a;topRMSD=0.000;bestDecoyRMSD=n/a;contactSpec=n/a;clashPen=n/a;enrichSets=0;enrichActive=0;enrichDecoy=0;enrichAUC=n/a;enrichMargin=n/a | case=3oww-glycine-riboswitch;rank=1;top=mode:1;decoys=0;margin=n/a;topRMSD=0.000;bestDecoyRMSD=n/a;contactSpec=n/a;clashPen=n/a;enrichSets=0;enrichActive=0;enrichDecoy=0;enrichAUC=n/a;enrichMargin=n/a
-0.120000,-0.180000,-0.150000,-0.220000,3.093587,0.724,-0.962,8,41,1423,1.000000,4.547003,0.562,0.000,0.000,8.224,26.625505,0.000000,0.000000,2.157895,1.000000,case=t6-thrombin-vina;rank=1;top=mode:1;decoys=0;margin=n/a;topRMSD=0.000;bestDecoyRMSD=n/a;contactSpec=n/a;clashPen=n/a;enrichSets=0;enrichActive=0;enrichDecoy=0;enrichAUC=n/a;enrichMargin=n/a | case=4q9r-spinach-2zy;rank=1;top=mode:1;decoys=10;margin=26.626;topRMSD=0.000;bestDecoyRMSD=8.224;contactSpec=0.000;clashPen=0.000;enrichSets=0;enrichActive=0;enrichDecoy=0;enrichAUC=n/a;enrichMargin=n/a | case=1fmn-fmn-riboswitch;rank=1;top=mode:1;decoys=0;margin=n/a;topRMSD=0.000;bestDecoyRMSD=n/a;contactSpec=n/a;clashPen=n/a;enrichSets=1;enrichActive=1;enrichDecoy=60;enrichAUC=1.000;enrichMargin=9.319 | case=1fmn-fmn-riboswitch-mg;rank=1;top=mode:1;decoys=0;margin=n/a;topRMSD=0.000;bestDecoyRMSD=n/a;contactSpec=n/a;clashPen=n/a;enrichSets=0;enrichActive=0;enrichDecoy=0;enrichAUC=n/a;enrichMargin=n/a | case=2g9c-purine-riboswitch;rank=1;top=mode:1;decoys=0;margin=n/a;topRMSD=0.000;bestDecoyRMSD=n/a;contactSpec=n/a;clashPen=n/a;enrichSets=1;enrichActive=7;enrichDecoy=88;enrichAUC=0.657;enrichMargin=-0.906 | case=4rzd-preq1-riboswitch;rank=1;top=mode:1;decoys=0;margin=n/a;topRMSD=0.000;bestDecoyRMSD=n/a;contactSpec=n/a;clashPen=n/a;enrichSets=1;enrichActive=5;enrichDecoy=74;enrichAUC=0.500;enrichMargin=0.000 | case=2gdi-tpp-riboswitch;rank=1;top=mode:1;decoys=0;margin=n/a;topRMSD=0.000;bestDecoyRMSD=n/a;contactSpec=n/a;clashPen=n/a;enrichSets=1;enrichActive=7;enrichDecoy=266;enrichAUC=0.628;enrichMargin=-14.656 | case=2ygh-sam-riboswitch;rank=1;top=mode:1;decoys=0;margin=n/a;topRMSD=0.000;bestDecoyRMSD=n/a;contactSpec=n/a;clashPen=n/a;enrichSets=1;enrichActive=3;enrichDecoy=238;enrichAUC=0.821;enrichMargin=-1.032 | case=3b4b-glms-riboswitch;rank=1;top=mode:1;decoys=0;margin=n/a;topRMSD=0.000;bestDecoyRMSD=n/a;contactSpec=n/a;clashPen=n/a;enrichSets=1;enrichActive=4;enrichDecoy=165;enrichAUC=0.750;enrichMargin=0.180 | case=2hoj-tpp-riboswitch;rank=1;top=mode:1;decoys=0;margin=n/a;topRMSD=0.000;bestDecoyRMSD=n/a;contactSpec=n/a;clashPen=n/a;enrichSets=2;enrichActive=14;enrichDecoy=532;enrichAUC=0.714;enrichMargin=0.360 | case=3sd3-thf-riboswitch;rank=1;top=mode:1;decoys=0;margin=n/a;topRMSD=0.000;bestDecoyRMSD=n/a;contactSpec=n/a;clashPen=n/a;enrichSets=0;enrichActive=0;enrichDecoy=0;enrichAUC=n/a;enrichMargin=n/a | case=5dhb-gmp-primer-template;rank=1;top=mode:1;decoys=0;margin=n/a;topRMSD=0.000;bestDecoyRMSD=n/a;contactSpec=n/a;clashPen=n/a;enrichSets=0;enrichActive=0;enrichDecoy=0;enrichAUC=n/a;enrichMargin=n/a | case=6c64-mango-ii-ekm;rank=1;top=mode:1;decoys=0;margin=n/a;topRMSD=0.000;bestDecoyRMSD=n/a;contactSpec=n/a;clashPen=n/a;enrichSets=0;enrichActive=0;enrichDecoy=0;enrichAUC=n/a;enrichMargin=n/a | case=5bjp-corn-dfho;rank=1;top=mode:1;decoys=0;margin=n/a;topRMSD=0.000;bestDecoyRMSD=n/a;contactSpec=n/a;clashPen=n/a;enrichSets=0;enrichActive=0;enrichDecoy=0;enrichAUC=n/a;enrichMargin=n/a | case=6wzs-ztp-riboswitch;rank=1;top=mode:1;decoys=0;margin=n/a;topRMSD=0.000;bestDecoyRMSD=n/a;contactSpec=n/a;clashPen=n/a;enrichSets=0;enrichActive=0;enrichDecoy=0;enrichAUC=n/a;enrichMargin=n/a | case=3irw-c-di-gmp-riboswitch;rank=1;top=mode:1;decoys=0;margin=n/a;topRMSD=0.000;bestDecoyRMSD=n/a;contactSpec=n/a;clashPen=n/a;enrichSets=0;enrichActive=0;enrichDecoy=0;enrichAUC=n/a;enrichMargin=n/a | case=4qlm-c-di-amp-riboswitch;rank=1;top=mode:1;decoys=0;margin=n/a;topRMSD=0.000;bestDecoyRMSD=n/a;contactSpec=n/a;clashPen=n/a;enrichSets=0;enrichActive=0;enrichDecoy=0;enrichAUC=n/a;enrichMargin=n/a | case=3d0u-lysine-riboswitch;rank=1;top=mode:1;decoys=0;margin=n/a;topRMSD=0.000;bestDecoyRMSD=n/a;contactSpec=n/a;clashPen=n/a;enrichSets=0;enrichActive=0;enrichDecoy=0;enrichAUC=n/a;enrichMargin=n/a | case=3oww-glycine-riboswitch;rank=1;top=mode:1;decoys=0;margin=n/a;topRMSD=0.000;bestDecoyRMSD=n/a;contactSpec=n/a;clashPen=n/a;enrichSets=0;enrichActive=0;enrichDecoy=0;enrichAUC=n/a;enrichMargin=n/a
-0.120000,-0.180000,-0.150000,-0.350000,3.093587,0.724,-0.962,8,41,1423,1.000000,4.547003,0.562,0.000,0.000,8.224,26.625505,0.000000,0.000000,2.157895,1.000000,case=t6-thrombin-vina;rank=1;top=mode:1;decoys=0;margin=n/a;topRMSD=0.000;bestDecoyRMSD=n/a;contactSpec=n/a;clashPen=n/a;enrichSets=0;enrichActive=0;enrichDecoy=0;enrichAUC=n/a;enrichMargin=n/a | case=4q9r-spinach-2zy;rank=1;top=mode:1;decoys=10;margin=26.626;topRMSD=0.000;bestDecoyRMSD=8.224;contactSpec=0.000;clashPen=0.000;enrichSets=0;enrichActive=0;enrichDecoy=0;enrichAUC=n/a;enrichMargin=n/a | case=1fmn-fmn-riboswitch;rank=1;top=mode:1;decoys=0;margin=n/a;topRMSD=0.000;bestDecoyRMSD=n/a;contactSpec=n/a;clashPen=n/a;enrichSets=1;enrichActive=1;enrichDecoy=60;enrichAUC=1.000;enrichMargin=9.319 | case=1fmn-fmn-riboswitch-mg;rank=1;top=mode:1;decoys=0;margin=n/a;topRMSD=0.000;bestDecoyRMSD=n/a;contactSpec=n/a;clashPen=n/a;enrichSets=0;enrichActive=0;enrichDecoy=0;enrichAUC=n/a;enrichMargin=n/a | case=2g9c-purine-riboswitch;rank=1;top=mode:1;decoys=0;margin=n/a;topRMSD=0.000;bestDecoyRMSD=n/a;contactSpec=n/a;clashPen=n/a;enrichSets=1;enrichActive=7;enrichDecoy=88;enrichAUC=0.657;enrichMargin=-0.906 | case=4rzd-preq1-riboswitch;rank=1;top=mode:1;decoys=0;margin=n/a;topRMSD=0.000;bestDecoyRMSD=n/a;contactSpec=n/a;clashPen=n/a;enrichSets=1;enrichActive=5;enrichDecoy=74;enrichAUC=0.500;enrichMargin=0.000 | case=2gdi-tpp-riboswitch;rank=1;top=mode:1;decoys=0;margin=n/a;topRMSD=0.000;bestDecoyRMSD=n/a;contactSpec=n/a;clashPen=n/a;enrichSets=1;enrichActive=7;enrichDecoy=266;enrichAUC=0.628;enrichMargin=-14.656 | case=2ygh-sam-riboswitch;rank=1;top=mode:1;decoys=0;margin=n/a;topRMSD=0.000;bestDecoyRMSD=n/a;contactSpec=n/a;clashPen=n/a;enrichSets=1;enrichActive=3;enrichDecoy=238;enrichAUC=0.821;enrichMargin=-1.032 | case=3b4b-glms-riboswitch;rank=1;top=mode:1;decoys=0;margin=n/a;topRMSD=0.000;bestDecoyRMSD=n/a;contactSpec=n/a;clashPen=n/a;enrichSets=1;enrichActive=4;enrichDecoy=165;enrichAUC=0.750;enrichMargin=0.180 | case=2hoj-tpp-riboswitch;rank=1;top=mode:1;decoys=0;margin=n/a;topRMSD=0.000;bestDecoyRMSD=n/a;contactSpec=n/a;clashPen=n/a;enrichSets=2;enrichActive=14;enrichDecoy=532;enrichAUC=0.714;enrichMargin=0.360 | case=3sd3-thf-riboswitch;rank=1;top=mode:1;decoys=0;margin=n/a;topRMSD=0.000;bestDecoyRMSD=n/a;contactSpec=n/a;clashPen=n/a;enrichSets=0;enrichActive=0;enrichDecoy=0;enrichAUC=n/a;enrichMargin=n/a | case=5dhb-gmp-primer-template;rank=1;top=mode:1;decoys=0;margin=n/a;topRMSD=0.000;bestDecoyRMSD=n/a;contactSpec=n/a;clashPen=n/a;enrichSets=0;enrichActive=0;enrichDecoy=0;enrichAUC=n/a;enrichMargin=n/a | case=6c64-mango-ii-ekm;rank=1;top=mode:1;decoys=0;margin=n/a;topRMSD=0.000;bestDecoyRMSD=n/a;contactSpec=n/a;clashPen=n/a;enrichSets=0;enrichActive=0;enrichDecoy=0;enrichAUC=n/a;enrichMargin=n/a | case=5bjp-corn-dfho;rank=1;top=mode:1;decoys=0;margin=n/a;topRMSD=0.000;bestDecoyRMSD=n/a;contactSpec=n/a;clashPen=n/a;enrichSets=0;enrichActive=0;enrichDecoy=0;enrichAUC=n/a;enrichMargin=n/a | case=6wzs-ztp-riboswitch;rank=1;top=mode:1;decoys=0;margin=n/a;topRMSD=0.000;bestDecoyRMSD=n/a;contactSpec=n/a;clashPen=n/a;enrichSets=0;enrichActive=0;enrichDecoy=0;enrichAUC=n/a;enrichMargin=n/a | case=3irw-c-di-gmp-riboswitch;rank=1;top=mode:1;decoys=0;margin=n/a;topRMSD=0.000;bestDecoyRMSD=n/a;contactSpec=n/a;clashPen=n/a;enrichSets=0;enrichActive=0;enrichDecoy=0;enrichAUC=n/a;enrichMargin=n/a | case=4qlm-c-di-amp-riboswitch;rank=1;top=mode:1;decoys=0;margin=n/a;topRMSD=0.000;bestDecoyRMSD=n/a;contactSpec=n/a;clashPen=n/a;enrichSets=0;enrichActive=0;enrichDecoy=0;enrichAUC=n/a;enrichMargin=n/a | case=3d0u-lysine-riboswitch;rank=1;top=mode:1;decoys=0;margin=n/a;topRMSD=0.000;bestDecoyRMSD=n/a;contactSpec=n/a;clashPen=n/a;enrichSets=0;enrichActive=0;enrichDecoy=0;enrichAUC=n/a;enrichMargin=n/a | case=3oww-glycine-riboswitch;rank=1;top=mode:1;decoys=0;margin=n/a;topRMSD=0.000;bestDecoyRMSD=n/a;contactSpec=n/a;clashPen=n/a;enrichSets=0;enrichActive=0;enrichDecoy=0;enrichAUC=n/a;enrichMargin=n/a
-0.080000,-0.180000,-0.150000,-0.100000,3.101492,0.724,-0.968,8,41,1423,1.000000,4.558153,0.562,0.000,0.000,8.224,26.625515,0.000000,0.000000,2.157895,1.000000,case=t6-thrombin-vina;rank=1;top=mode:1;decoys=0;margin=n/a;topRMSD=0.000;bestDecoyRMSD=n/a;contactSpec=n/a;clashPen=n/a;enrichSets=0;enrichActive=0;enrichDecoy=0;enrichAUC=n/a;enrichMargin=n/a | case=4q9r-spinach-2zy;rank=1;top=mode:1;decoys=10;margin=26.626;topRMSD=0.000;bestDecoyRMSD=8.224;contactSpec=0.000;clashPen=0.000;enrichSets=0;enrichActive=0;enrichDecoy=0;enrichAUC=n/a;enrichMargin=n/a | case=1fmn-fmn-riboswitch;rank=1;top=mode:1;decoys=0;margin=n/a;topRMSD=0.000;bestDecoyRMSD=n/a;contactSpec=n/a;clashPen=n/a;enrichSets=1;enrichActive=1;enrichDecoy=60;enrichAUC=1.000;enrichMargin=9.249 | case=1fmn-fmn-riboswitch-mg;rank=1;top=mode:1;decoys=0;margin=n/a;topRMSD=0.000;bestDecoyRMSD=n/a;contactSpec=n/a;clashPen=n/a;enrichSets=0;enrichActive=0;enrichDecoy=0;enrichAUC=n/a;enrichMargin=n/a | case=2g9c-purine-riboswitch;rank=1;top=mode:1;decoys=0;margin=n/a;topRMSD=0.000;bestDecoyRMSD=n/a;contactSpec=n/a;clashPen=n/a;enrichSets=1;enrichActive=7;enrichDecoy=88;enrichAUC=0.656;enrichMargin=-0.906 | case=4rzd-preq1-riboswitch;rank=1;top=mode:1;decoys=0;margin=n/a;topRMSD=0.000;bestDecoyRMSD=n/a;contactSpec=n/a;clashPen=n/a;enrichSets=1;enrichActive=5;enrichDecoy=74;enrichAUC=0.500;enrichMargin=0.000 | case=2gdi-tpp-riboswitch;rank=1;top=mode:1;decoys=0;margin=n/a;topRMSD=0.000;bestDecoyRMSD=n/a;contactSpec=n/a;clashPen=n/a;enrichSets=1;enrichActive=7;enrichDecoy=266;enrichAUC=0.627;enrichMargin=-14.651 | case=2ygh-sam-riboswitch;rank=1;top=mode:1;decoys=0;margin=n/a;topRMSD=0.000;bestDecoyRMSD=n/a;contactSpec=n/a;clashPen=n/a;enrichSets=1;enrichActive=3;enrichDecoy=238;enrichAUC=0.821;enrichMargin=-1.010 | case=3b4b-glms-riboswitch;rank=1;top=mode:1;decoys=0;margin=n/a;topRMSD=0.000;bestDecoyRMSD=n/a;contactSpec=n/a;clashPen=n/a;enrichSets=1;enrichActive=4;enrichDecoy=165;enrichAUC=0.750;enrichMargin=0.180 | case=2hoj-tpp-riboswitch;rank=1;top=mode:1;decoys=0;margin=n/a;topRMSD=0.000;bestDecoyRMSD=n/a;contactSpec=n/a;clashPen=n/a;enrichSets=2;enrichActive=14;enrichDecoy=532;enrichAUC=0.714;enrichMargin=0.360 | case=3sd3-thf-riboswitch;rank=1;top=mode:1;decoys=0;margin=n/a;topRMSD=0.000;bestDecoyRMSD=n/a;contactSpec=n/a;clashPen=n/a;enrichSets=0;enrichActive=0;enrichDecoy=0;enrichAUC=n/a;enrichMargin=n/a | case=5dhb-gmp-primer-template;rank=1;top=mode:1;decoys=0;margin=n/a;topRMSD=0.000;bestDecoyRMSD=n/a;contactSpec=n/a;clashPen=n/a;enrichSets=0;enrichActive=0;enrichDecoy=0;enrichAUC=n/a;enrichMargin=n/a | case=6c64-mango-ii-ekm;rank=1;top=mode:1;decoys=0;margin=n/a;topRMSD=0.000;bestDecoyRMSD=n/a;contactSpec=n/a;clashPen=n/a;enrichSets=0;enrichActive=0;enrichDecoy=0;enrichAUC=n/a;enrichMargin=n/a | case=5bjp-corn-dfho;rank=1;top=mode:1;decoys=0;margin=n/a;topRMSD=0.000;bestDecoyRMSD=n/a;contactSpec=n/a;clashPen=n/a;enrichSets=0;enrichActive=0;enrichDecoy=0;enrichAUC=n/a;enrichMargin=n/a | case=6wzs-ztp-riboswitch;rank=1;top=mode:1;decoys=0;margin=n/a;topRMSD=0.000;bestDecoyRMSD=n/a;contactSpec=n/a;clashPen=n/a;enrichSets=0;enrichActive=0;enrichDecoy=0;enrichAUC=n/a;enrichMargin=n/a | case=3irw-c-di-gmp-riboswitch;rank=1;top=mode:1;decoys=0;margin=n/a;topRMSD=0.000;bestDecoyRMSD=n/a;contactSpec=n/a;clashPen=n/a;enrichSets=0;enrichActive=0;enrichDecoy=0;enrichAUC=n/a;enrichMargin=n/a | case=4qlm-c-di-amp-riboswitch;rank=1;top=mode:1;decoys=0;margin=n/a;topRMSD=0.000;bestDecoyRMSD=n/a;contactSpec=n/a;clashPen=n/a;enrichSets=0;enrichActive=0;enrichDecoy=0;enrichAUC=n/a;enrichMargin=n/a | case=3d0u-lysine-riboswitch;rank=1;top=mode:1;decoys=0;margin=n/a;topRMSD=0.000;bestDecoyRMSD=n/a;contactSpec=n/a;clashPen=n/a;enrichSets=0;enrichActive=0;enrichDecoy=0;enrichAUC=n/a;enrichMargin=n/a | case=3oww-glycine-riboswitch;rank=1;top=mode:1;decoys=0;margin=n/a;topRMSD=0.000;bestDecoyRMSD=n/a;contactSpec=n/a;clashPen=n/a;enrichSets=0;enrichActive=0;enrichDecoy=0;enrichAUC=n/a;enrichMargin=n/a
-0.080000,-0.180000,-0.150000,-0.220000,3.101492,0.724,-0.968,8,41,1423,1.000000,4.558153,0.562,0.000,0.000,8.224,26.625515,0.000000,0.000000,2.157895,1.000000,case=t6-thrombin-vina;rank=1;top=mode:1;decoys=0;margin=n/a;topRMSD=0.000;bestDecoyRMSD=n/a;contactSpec=n/a;clashPen=n/a;enrichSets=0;enrichActive=0;enrichDecoy=0;enrichAUC=n/a;enrichMargin=n/a | case=4q9r-spinach-2zy;rank=1;top=mode:1;decoys=10;margin=26.626;topRMSD=0.000;bestDecoyRMSD=8.224;contactSpec=0.000;clashPen=0.000;enrichSets=0;enrichActive=0;enrichDecoy=0;enrichAUC=n/a;enrichMargin=n/a | case=1fmn-fmn-riboswitch;rank=1;top=mode:1;decoys=0;margin=n/a;topRMSD=0.000;bestDecoyRMSD=n/a;contactSpec=n/a;clashPen=n/a;enrichSets=1;enrichActive=1;enrichDecoy=60;enrichAUC=1.000;enrichMargin=9.249 | case=1fmn-fmn-riboswitch-mg;rank=1;top=mode:1;decoys=0;margin=n/a;topRMSD=0.000;bestDecoyRMSD=n/a;contactSpec=n/a;clashPen=n/a;enrichSets=0;enrichActive=0;enrichDecoy=0;enrichAUC=n/a;enrichMargin=n/a | case=2g9c-purine-riboswitch;rank=1;top=mode:1;decoys=0;margin=n/a;topRMSD=0.000;bestDecoyRMSD=n/a;contactSpec=n/a;clashPen=n/a;enrichSets=1;enrichActive=7;enrichDecoy=88;enrichAUC=0.656;enrichMargin=-0.906 | case=4rzd-preq1-riboswitch;rank=1;top=mode:1;decoys=0;margin=n/a;topRMSD=0.000;bestDecoyRMSD=n/a;contactSpec=n/a;clashPen=n/a;enrichSets=1;enrichActive=5;enrichDecoy=74;enrichAUC=0.500;enrichMargin=0.000 | case=2gdi-tpp-riboswitch;rank=1;top=mode:1;decoys=0;margin=n/a;topRMSD=0.000;bestDecoyRMSD=n/a;contactSpec=n/a;clashPen=n/a;enrichSets=1;enrichActive=7;enrichDecoy=266;enrichAUC=0.627;enrichMargin=-14.651 | case=2ygh-sam-riboswitch;rank=1;top=mode:1;decoys=0;margin=n/a;topRMSD=0.000;bestDecoyRMSD=n/a;contactSpec=n/a;clashPen=n/a;enrichSets=1;enrichActive=3;enrichDecoy=238;enrichAUC=0.821;enrichMargin=-1.010 | case=3b4b-glms-riboswitch;rank=1;top=mode:1;decoys=0;margin=n/a;topRMSD=0.000;bestDecoyRMSD=n/a;contactSpec=n/a;clashPen=n/a;enrichSets=1;enrichActive=4;enrichDecoy=165;enrichAUC=0.750;enrichMargin=0.180 | case=2hoj-tpp-riboswitch;rank=1;top=mode:1;decoys=0;margin=n/a;topRMSD=0.000;bestDecoyRMSD=n/a;contactSpec=n/a;clashPen=n/a;enrichSets=2;enrichActive=14;enrichDecoy=532;enrichAUC=0.714;enrichMargin=0.360 | case=3sd3-thf-riboswitch;rank=1;top=mode:1;decoys=0;margin=n/a;topRMSD=0.000;bestDecoyRMSD=n/a;contactSpec=n/a;clashPen=n/a;enrichSets=0;enrichActive=0;enrichDecoy=0;enrichAUC=n/a;enrichMargin=n/a | case=5dhb-gmp-primer-template;rank=1;top=mode:1;decoys=0;margin=n/a;topRMSD=0.000;bestDecoyRMSD=n/a;contactSpec=n/a;clashPen=n/a;enrichSets=0;enrichActive=0;enrichDecoy=0;enrichAUC=n/a;enrichMargin=n/a | case=6c64-mango-ii-ekm;rank=1;top=mode:1;decoys=0;margin=n/a;topRMSD=0.000;bestDecoyRMSD=n/a;contactSpec=n/a;clashPen=n/a;enrichSets=0;enrichActive=0;enrichDecoy=0;enrichAUC=n/a;enrichMargin=n/a | case=5bjp-corn-dfho;rank=1;top=mode:1;decoys=0;margin=n/a;topRMSD=0.000;bestDecoyRMSD=n/a;contactSpec=n/a;clashPen=n/a;enrichSets=0;enrichActive=0;enrichDecoy=0;enrichAUC=n/a;enrichMargin=n/a | case=6wzs-ztp-riboswitch;rank=1;top=mode:1;decoys=0;margin=n/a;topRMSD=0.000;bestDecoyRMSD=n/a;contactSpec=n/a;clashPen=n/a;enrichSets=0;enrichActive=0;enrichDecoy=0;enrichAUC=n/a;enrichMargin=n/a | case=3irw-c-di-gmp-riboswitch;rank=1;top=mode:1;decoys=0;margin=n/a;topRMSD=0.000;bestDecoyRMSD=n/a;contactSpec=n/a;clashPen=n/a;enrichSets=0;enrichActive=0;enrichDecoy=0;enrichAUC=n/a;enrichMargin=n/a | case=4qlm-c-di-amp-riboswitch;rank=1;top=mode:1;decoys=0;margin=n/a;topRMSD=0.000;bestDecoyRMSD=n/a;contactSpec=n/a;clashPen=n/a;enrichSets=0;enrichActive=0;enrichDecoy=0;enrichAUC=n/a;enrichMargin=n/a | case=3d0u-lysine-riboswitch;rank=1;top=mode:1;decoys=0;margin=n/a;topRMSD=0.000;bestDecoyRMSD=n/a;contactSpec=n/a;clashPen=n/a;enrichSets=0;enrichActive=0;enrichDecoy=0;enrichAUC=n/a;enrichMargin=n/a | case=3oww-glycine-riboswitch;rank=1;top=mode:1;decoys=0;margin=n/a;topRMSD=0.000;bestDecoyRMSD=n/a;contactSpec=n/a;clashPen=n/a;enrichSets=0;enrichActive=0;enrichDecoy=0;enrichAUC=n/a;enrichMargin=n/a
-0.080000,-0.180000,-0.150000,-0.350000,3.101492,0.724,-0.968,8,41,1423,1.000000,4.558153,0.562,0.000,0.000,8.224,26.625515,0.000000,0.000000,2.157895,1.000000,case=t6-thrombin-vina;rank=1;top=mode:1;decoys=0;margin=n/a;topRMSD=0.000;bestDecoyRMSD=n/a;contactSpec=n/a;clashPen=n/a;enrichSets=0;enrichActive=0;enrichDecoy=0;enrichAUC=n/a;enrichMargin=n/a | case=4q9r-spinach-2zy;rank=1;top=mode:1;decoys=10;margin=26.626;topRMSD=0.000;bestDecoyRMSD=8.224;contactSpec=0.000;clashPen=0.000;enrichSets=0;enrichActive=0;enrichDecoy=0;enrichAUC=n/a;enrichMargin=n/a | case=1fmn-fmn-riboswitch;rank=1;top=mode:1;decoys=0;margin=n/a;topRMSD=0.000;bestDecoyRMSD=n/a;contactSpec=n/a;clashPen=n/a;enrichSets=1;enrichActive=1;enrichDecoy=60;enrichAUC=1.000;enrichMargin=9.249 | case=1fmn-fmn-riboswitch-mg;rank=1;top=mode:1;decoys=0;margin=n/a;topRMSD=0.000;bestDecoyRMSD=n/a;contactSpec=n/a;clashPen=n/a;enrichSets=0;enrichActive=0;enrichDecoy=0;enrichAUC=n/a;enrichMargin=n/a | case=2g9c-purine-riboswitch;rank=1;top=mode:1;decoys=0;margin=n/a;topRMSD=0.000;bestDecoyRMSD=n/a;contactSpec=n/a;clashPen=n/a;enrichSets=1;enrichActive=7;enrichDecoy=88;enrichAUC=0.656;enrichMargin=-0.906 | case=4rzd-preq1-riboswitch;rank=1;top=mode:1;decoys=0;margin=n/a;topRMSD=0.000;bestDecoyRMSD=n/a;contactSpec=n/a;clashPen=n/a;enrichSets=1;enrichActive=5;enrichDecoy=74;enrichAUC=0.500;enrichMargin=0.000 | case=2gdi-tpp-riboswitch;rank=1;top=mode:1;decoys=0;margin=n/a;topRMSD=0.000;bestDecoyRMSD=n/a;contactSpec=n/a;clashPen=n/a;enrichSets=1;enrichActive=7;enrichDecoy=266;enrichAUC=0.627;enrichMargin=-14.651 | case=2ygh-sam-riboswitch;rank=1;top=mode:1;decoys=0;margin=n/a;topRMSD=0.000;bestDecoyRMSD=n/a;contactSpec=n/a;clashPen=n/a;enrichSets=1;enrichActive=3;enrichDecoy=238;enrichAUC=0.821;enrichMargin=-1.010 | case=3b4b-glms-riboswitch;rank=1;top=mode:1;decoys=0;margin=n/a;topRMSD=0.000;bestDecoyRMSD=n/a;contactSpec=n/a;clashPen=n/a;enrichSets=1;enrichActive=4;enrichDecoy=165;enrichAUC=0.750;enrichMargin=0.180 | case=2hoj-tpp-riboswitch;rank=1;top=mode:1;decoys=0;margin=n/a;topRMSD=0.000;bestDecoyRMSD=n/a;contactSpec=n/a;clashPen=n/a;enrichSets=2;enrichActive=14;enrichDecoy=532;enrichAUC=0.714;enrichMargin=0.360 | case=3sd3-thf-riboswitch;rank=1;top=mode:1;decoys=0;margin=n/a;topRMSD=0.000;bestDecoyRMSD=n/a;contactSpec=n/a;clashPen=n/a;enrichSets=0;enrichActive=0;enrichDecoy=0;enrichAUC=n/a;enrichMargin=n/a | case=5dhb-gmp-primer-template;rank=1;top=mode:1;decoys=0;margin=n/a;topRMSD=0.000;bestDecoyRMSD=n/a;contactSpec=n/a;clashPen=n/a;enrichSets=0;enrichActive=0;enrichDecoy=0;enrichAUC=n/a;enrichMargin=n/a | case=6c64-mango-ii-ekm;rank=1;top=mode:1;decoys=0;margin=n/a;topRMSD=0.000;bestDecoyRMSD=n/a;contactSpec=n/a;clashPen=n/a;enrichSets=0;enrichActive=0;enrichDecoy=0;enrichAUC=n/a;enrichMargin=n/a | case=5bjp-corn-dfho;rank=1;top=mode:1;decoys=0;margin=n/a;topRMSD=0.000;bestDecoyRMSD=n/a;contactSpec=n/a;clashPen=n/a;enrichSets=0;enrichActive=0;enrichDecoy=0;enrichAUC=n/a;enrichMargin=n/a | case=6wzs-ztp-riboswitch;rank=1;top=mode:1;decoys=0;margin=n/a;topRMSD=0.000;bestDecoyRMSD=n/a;contactSpec=n/a;clashPen=n/a;enrichSets=0;enrichActive=0;enrichDecoy=0;enrichAUC=n/a;enrichMargin=n/a | case=3irw-c-di-gmp-riboswitch;rank=1;top=mode:1;decoys=0;margin=n/a;topRMSD=0.000;bestDecoyRMSD=n/a;contactSpec=n/a;clashPen=n/a;enrichSets=0;enrichActive=0;enrichDecoy=0;enrichAUC=n/a;enrichMargin=n/a | case=4qlm-c-di-amp-riboswitch;rank=1;top=mode:1;decoys=0;margin=n/a;topRMSD=0.000;bestDecoyRMSD=n/a;contactSpec=n/a;clashPen=n/a;enrichSets=0;enrichActive=0;enrichDecoy=0;enrichAUC=n/a;enrichMargin=n/a | case=3d0u-lysine-riboswitch;rank=1;top=mode:1;decoys=0;margin=n/a;topRMSD=0.000;bestDecoyRMSD=n/a;contactSpec=n/a;clashPen=n/a;enrichSets=0;enrichActive=0;enrichDecoy=0;enrichAUC=n/a;enrichMargin=n/a | case=3oww-glycine-riboswitch;rank=1;top=mode:1;decoys=0;margin=n/a;topRMSD=0.000;bestDecoyRMSD=n/a;contactSpec=n/a;clashPen=n/a;enrichSets=0;enrichActive=0;enrichDecoy=0;enrichAUC=n/a;enrichMargin=n/a